
===== [main] Process start: PID=13484 at 2026-08-13 09:56:16.805710 =====
2026-08-13 09:56:16,806 - [main] - INFO - Không tìm thấy lock file cũ -> phiên chạy trước (nếu có) đã thoát sạch.
2026-08-13 09:56:16,807 - [main] - INFO - Watchdog initialized. PID=13484 log_file=c:\Users\automation02\Desktop\GUI\Strike_Machine\GUI_Strike_Machine\sm_crash.log

===== [loading] Process start: PID=15592 at 2026-08-13 09:56:16.986441 =====
2026-08-13 09:56:16,986 - [loading] - INFO - Không tìm thấy lock file cũ -> phiên chạy trước (nếu có) đã thoát sạch.
2026-08-13 09:56:16,987 - [loading] - INFO - Watchdog initialized. PID=15592 log_file=c:\Users\automation02\Desktop\GUI\Strike_Machine\GUI_Strike_Machine\sm_crash.log
Windows fatal exception: code 0x8001010d

Current thread 0x0000565c (most recent call first):
  File "c:\Users\automation02\Desktop\GUI\Strike_Machine\GUI_Strike_Machine\main_edited.py", line 149 in <module>

Current thread's C stack trace (most recent call first):
  <cannot get C stack on this system>
2026-08-13 09:56:23,725 - [loading] - INFO - CLEAN_EXIT được đánh dấu. Detail: loading window event loop returned exit_code=0
2026-08-13 09:56:23,739 - [loading] - INFO - CLEAN_EXIT xác nhận qua atexit.
Windows fatal exception: code 0x8001010d

Thread 0x00005148 [Thread-7 (_fetch)] (most recent call first):
  File "c:\Users\automation02\Desktop\GUI\Strike_Machine\GUI_Strike_Machine\source.py", line 1968 in _fetch
  File "C:\Users\automation02\AppData\Local\Python\pythoncore-3.14-64\Lib\threading.py", line 1024 in run
  File "C:\Users\automation02\AppData\Local\Python\pythoncore-3.14-64\Lib\threading.py", line 1082 in _bootstrap_inner
  File "C:\Users\automation02\AppData\Local\Python\pythoncore-3.14-64\Lib\threading.py", line 1044 in _bootstrap

Current thread 0x0000468c (most recent call first):
  File "c:\Users\automation02\Desktop\GUI\Strike_Machine\GUI_Strike_Machine\main_edited.py", line 291 in <module>

Current thread's C stack trace (most recent call first):
  <cannot get C stack on this system>
2026-08-13 09:56:27,185 - [main] - INFO - CLEAN_EXIT được đánh dấu. Detail: QApplication.aboutToQuit fired
2026-08-13 09:56:27,187 - [main] - INFO - app.exec() returned exit_code=0
2026-08-13 09:56:27,288 - [main] - INFO - CLEAN_EXIT xác nhận qua atexit.

===== [main] Process start: PID=10208 at 2026-08-13 10:03:21.263768 =====
2026-08-13 10:03:21,264 - [main] - INFO - Không tìm thấy lock file cũ -> phiên chạy trước (nếu có) đã thoát sạch.
2026-08-13 10:03:21,265 - [main] - INFO - Watchdog initialized. PID=10208 log_file=c:\Users\automation02\Desktop\GUI\Strike_Machine\GUI_Strike_Machine\sm_crash.log

===== [loading] Process start: PID=13196 at 2026-08-13 10:03:21.389934 =====
2026-08-13 10:03:21,390 - [loading] - INFO - Không tìm thấy lock file cũ -> phiên chạy trước (nếu có) đã thoát sạch.
2026-08-13 10:03:21,390 - [loading] - INFO - Watchdog initialized. PID=13196 log_file=c:\Users\automation02\Desktop\GUI\Strike_Machine\GUI_Strike_Machine\sm_crash.log
Windows fatal exception: code 0x8001010d

Current thread 0x00005a2c (most recent call first):
  File "c:\Users\automation02\Desktop\GUI\Strike_Machine\GUI_Strike_Machine\main_edited.py", line 149 in <module>

Current thread's C stack trace (most recent call first):
  <cannot get C stack on this system>
2026-08-13 10:03:26,708 - [loading] - INFO - CLEAN_EXIT được đánh dấu. Detail: loading window event loop returned exit_code=0
2026-08-13 10:03:26,719 - [loading] - INFO - CLEAN_EXIT xác nhận qua atexit.
Windows fatal exception: code 0x8001010d

Thread 0x00004c1c [Thread-7 (_fetch)] (most recent call first):
  File "c:\Users\automation02\Desktop\GUI\Strike_Machine\GUI_Strike_Machine\source.py", line 1968 in _fetch
  File "C:\Users\automation02\AppData\Local\Python\pythoncore-3.14-64\Lib\threading.py", line 1024 in run
  File "C:\Users\automation02\AppData\Local\Python\pythoncore-3.14-64\Lib\threading.py", line 1082 in _bootstrap_inner
  File "C:\Users\automation02\AppData\Local\Python\pythoncore-3.14-64\Lib\threading.py", line 1044 in _bootstrap

Current thread 0x00005ff0 (most recent call first):
  File "c:\Users\automation02\Desktop\GUI\Strike_Machine\GUI_Strike_Machine\main_edited.py", line 291 in <module>

Current thread's C stack trace (most recent call first):
  <cannot get C stack on this system>
2026-08-13 10:06:12,894 - [main] - INFO - CLEAN_EXIT được đánh dấu. Detail: QApplication.aboutToQuit fired
2026-08-13 10:06:12,894 - [main] - INFO - app.exec() returned exit_code=0
2026-08-13 10:06:13,204 - [main] - INFO - CLEAN_EXIT xác nhận qua atexit.

===== [main] Process start: PID=14380 at 2026-08-13 10:32:28.356637 =====
2026-08-13 10:32:28,357 - [main] - INFO - Không tìm thấy lock file cũ -> phiên chạy trước (nếu có) đã thoát sạch.
2026-08-13 10:32:28,358 - [main] - INFO - Watchdog initialized. PID=14380 log_file=c:\Users\automation02\Desktop\GUI\Strike_Machine\GUI_Strike_Machine\sm_crash.log

===== [loading] Process start: PID=21728 at 2026-08-13 10:32:28.592866 =====
2026-08-13 10:32:28,593 - [loading] - INFO - Không tìm thấy lock file cũ -> phiên chạy trước (nếu có) đã thoát sạch.
2026-08-13 10:32:28,594 - [loading] - INFO - Watchdog initialized. PID=21728 log_file=c:\Users\automation02\Desktop\GUI\Strike_Machine\GUI_Strike_Machine\sm_crash.log
Windows fatal exception: code 0x8001010d

Current thread 0x00005584 (most recent call first):
  File "c:\Users\automation02\Desktop\GUI\Strike_Machine\GUI_Strike_Machine\main_edited.py", line 149 in <module>

Current thread's C stack trace (most recent call first):
  <cannot get C stack on this system>
2026-08-13 10:32:38,078 - [loading] - INFO - CLEAN_EXIT được đánh dấu. Detail: loading window event loop returned exit_code=0
2026-08-13 10:32:38,095 - [loading] - INFO - CLEAN_EXIT xác nhận qua atexit.
Windows fatal exception: code 0x8001010d

Thread 0x00003af8 [Thread-7 (_fetch)] (most recent call first):
  File "c:\Users\automation02\Desktop\GUI\Strike_Machine\GUI_Strike_Machine\source.py", line 1958 in _fetch
  File "C:\Users\automation02\AppData\Local\Python\pythoncore-3.14-64\Lib\threading.py", line 1024 in run
  File "C:\Users\automation02\AppData\Local\Python\pythoncore-3.14-64\Lib\threading.py", line 1082 in _bootstrap_inner
  File "C:\Users\automation02\AppData\Local\Python\pythoncore-3.14-64\Lib\threading.py", line 1044 in _bootstrap

Current thread 0x00005b80 (most recent call first):
  File "c:\Users\automation02\Desktop\GUI\Strike_Machine\GUI_Strike_Machine\main_edited.py", line 291 in <module>

Current thread's C stack trace (most recent call first):
  <cannot get C stack on this system>
2026-08-13 10:32:47,919 - [main] - INFO - CLEAN_EXIT được đánh dấu. Detail: QApplication.aboutToQuit fired
2026-08-13 10:32:47,920 - [main] - INFO - app.exec() returned exit_code=0
2026-08-13 10:32:48,096 - [main] - INFO - CLEAN_EXIT xác nhận qua atexit.

===== [main] Process start: PID=23328 at 2026-08-13 10:33:09.219137 =====
2026-08-13 10:33:09,219 - [main] - INFO - Không tìm thấy lock file cũ -> phiên chạy trước (nếu có) đã thoát sạch.
2026-08-13 10:33:09,220 - [main] - INFO - Watchdog initialized. PID=23328 log_file=c:\Users\automation02\Desktop\GUI\Strike_Machine\GUI_Strike_Machine\sm_crash.log

===== [loading] Process start: PID=24128 at 2026-08-13 10:33:09.359973 =====
2026-08-13 10:33:09,360 - [loading] - INFO - Không tìm thấy lock file cũ -> phiên chạy trước (nếu có) đã thoát sạch.
2026-08-13 10:33:09,360 - [loading] - INFO - Watchdog initialized. PID=24128 log_file=c:\Users\automation02\Desktop\GUI\Strike_Machine\GUI_Strike_Machine\sm_crash.log
Windows fatal exception: code 0x8001010d

Current thread 0x00003728 (most recent call first):
  File "c:\Users\automation02\Desktop\GUI\Strike_Machine\GUI_Strike_Machine\main_edited.py", line 149 in <module>

Current thread's C stack trace (most recent call first):
  <cannot get C stack on this system>
2026-08-13 10:33:14,301 - [loading] - INFO - CLEAN_EXIT được đánh dấu. Detail: loading window event loop returned exit_code=0
2026-08-13 10:33:14,305 - [loading] - INFO - CLEAN_EXIT xác nhận qua atexit.
2026-08-13 10:33:14,338 - [main] - CRITICAL - STARTUP_EXCEPTION (crash trước khi vào event loop chính):
Traceback (most recent call last):
  File "c:\Users\automation02\Desktop\GUI\Strike_Machine\GUI_Strike_Machine\main_edited.py", line 253, in <module>
    window = StrikeMachine(
        on_hide_loading=_pause_loading,
    ...<2 lines>...
        scale_factor=scale_factor
    )
  File "c:\Users\automation02\Desktop\GUI\Strike_Machine\GUI_Strike_Machine\source_edited.py", line 279, in __init__
    self._setup_btn_signals()
    ~~~~~~~~~~~~~~~~~~~~~~~^^
  File "c:\Users\automation02\Desktop\GUI\Strike_Machine\GUI_Strike_Machine\source_edited.py", line 1367, in _setup_btn_signals
    install_clear_on_focus(self.ui.db_number_input)
                           ^^^^^^^^^^^^^^^^^^^^^^^
AttributeError: 'Ui_MainWindow' object has no attribute 'db_number_input'

Windows fatal exception: code 0x8001010d

Current thread 0x000028fc (most recent call first):
  File "c:\Users\automation02\Desktop\GUI\Strike_Machine\GUI_Strike_Machine\main_edited.py", line 280 in <module>

Current thread's C stack trace (most recent call first):
  <cannot get C stack on this system>
2026-08-13 10:33:16,339 - [main] - WARNING - Process kết thúc qua atexit nhưng KHÔNG có mark_clean_exit() nào được gọi trước đó -> có thể là crash không rõ nguyên nhân.

===== [main] Process start: PID=17516 at 2026-08-13 10:33:48.321868 =====
2026-08-13 10:33:48,322 - [main] - INFO - Không tìm thấy lock file cũ -> phiên chạy trước (nếu có) đã thoát sạch.
2026-08-13 10:33:48,323 - [main] - INFO - Watchdog initialized. PID=17516 log_file=c:\Users\automation02\Desktop\GUI\Strike_Machine\GUI_Strike_Machine\sm_crash.log

===== [loading] Process start: PID=16852 at 2026-08-13 10:33:48.486528 =====
2026-08-13 10:33:48,486 - [loading] - INFO - Không tìm thấy lock file cũ -> phiên chạy trước (nếu có) đã thoát sạch.
2026-08-13 10:33:48,487 - [loading] - INFO - Watchdog initialized. PID=16852 log_file=c:\Users\automation02\Desktop\GUI\Strike_Machine\GUI_Strike_Machine\sm_crash.log
Windows fatal exception: code 0x8001010d

Current thread 0x00005ac4 (most recent call first):
  File "c:\Users\automation02\Desktop\GUI\Strike_Machine\GUI_Strike_Machine\main_edited.py", line 149 in <module>

Current thread's C stack trace (most recent call first):
  <cannot get C stack on this system>
2026-08-13 10:33:55,413 - [loading] - INFO - CLEAN_EXIT được đánh dấu. Detail: loading window event loop returned exit_code=0
2026-08-13 10:33:55,422 - [loading] - INFO - CLEAN_EXIT xác nhận qua atexit.
Windows fatal exception: code 0x8001010d

Thread 0x00004aa8 [Thread-7 (_fetch)] (most recent call first):
  File "c:\Users\automation02\Desktop\GUI\Strike_Machine\GUI_Strike_Machine\source_edited.py", line 1973 in _fetch
  File "C:\Users\automation02\AppData\Local\Python\pythoncore-3.14-64\Lib\threading.py", line 1024 in run
  File "C:\Users\automation02\AppData\Local\Python\pythoncore-3.14-64\Lib\threading.py", line 1082 in _bootstrap_inner
  File "C:\Users\automation02\AppData\Local\Python\pythoncore-3.14-64\Lib\threading.py", line 1044 in _bootstrap

Current thread 0x000045f0 (most recent call first):
  File "c:\Users\automation02\Desktop\GUI\Strike_Machine\GUI_Strike_Machine\main_edited.py", line 291 in <module>

Current thread's C stack trace (most recent call first):
  <cannot get C stack on this system>
2026-08-13 10:42:42,131 - [main] - INFO - CLEAN_EXIT được đánh dấu. Detail: QApplication.aboutToQuit fired
2026-08-13 10:42:42,132 - [main] - INFO - app.exec() returned exit_code=0
2026-08-13 10:42:42,337 - [main] - INFO - CLEAN_EXIT xác nhận qua atexit.

===== [main] Process start: PID=14304 at 2026-08-13 13:21:31.871980 =====
2026-08-13 13:21:31,873 - [main] - INFO - Không tìm thấy lock file cũ -> phiên chạy trước (nếu có) đã thoát sạch.
2026-08-13 13:21:31,874 - [main] - INFO - Watchdog initialized. PID=14304 log_file=c:\Users\automation02\Desktop\GUI\Strike_Machine\GUI_Strike_Machine\sm_crash.log

===== [loading] Process start: PID=1372 at 2026-08-13 13:21:32.028155 =====
2026-08-13 13:21:32,028 - [loading] - INFO - Không tìm thấy lock file cũ -> phiên chạy trước (nếu có) đã thoát sạch.
2026-08-13 13:21:32,029 - [loading] - INFO - Watchdog initialized. PID=1372 log_file=c:\Users\automation02\Desktop\GUI\Strike_Machine\GUI_Strike_Machine\sm_crash.log
Windows fatal exception: code 0x8001010d

Current thread 0x00005e58 (most recent call first):
  File "c:\Users\automation02\Desktop\GUI\Strike_Machine\GUI_Strike_Machine\main_edited.py", line 149 in <module>

Current thread's C stack trace (most recent call first):
  <cannot get C stack on this system>
2026-08-13 13:21:49,624 - [loading] - INFO - CLEAN_EXIT được đánh dấu. Detail: loading window event loop returned exit_code=0
2026-08-13 13:21:49,652 - [loading] - INFO - CLEAN_EXIT xác nhận qua atexit.
Windows fatal exception: code 0x8001010d

Thread 0x00004f38 [Thread-7 (_fetch)] (most recent call first):
  File "c:\Users\automation02\Desktop\GUI\Strike_Machine\GUI_Strike_Machine\source_edited.py", line 1976 in _fetch
  File "C:\Users\automation02\AppData\Local\Python\pythoncore-3.14-64\Lib\threading.py", line 1024 in run
  File "C:\Users\automation02\AppData\Local\Python\pythoncore-3.14-64\Lib\threading.py", line 1082 in _bootstrap_inner
  File "C:\Users\automation02\AppData\Local\Python\pythoncore-3.14-64\Lib\threading.py", line 1044 in _bootstrap

Current thread 0x00004ae8 (most recent call first):
  File "c:\Users\automation02\Desktop\GUI\Strike_Machine\GUI_Strike_Machine\main_edited.py", line 291 in <module>

Current thread's C stack trace (most recent call first):
  <cannot get C stack on this system>
2026-08-13 13:23:22,791 - [main] - INFO - CLEAN_EXIT được đánh dấu. Detail: QApplication.aboutToQuit fired
2026-08-13 13:23:22,791 - [main] - INFO - app.exec() returned exit_code=0
2026-08-13 13:23:23,068 - [main] - INFO - CLEAN_EXIT xác nhận qua atexit.

===== [main] Process start: PID=8856 at 2026-08-13 13:23:25.057014 =====
2026-08-13 13:23:25,057 - [main] - INFO - Không tìm thấy lock file cũ -> phiên chạy trước (nếu có) đã thoát sạch.
2026-08-13 13:23:25,058 - [main] - INFO - Watchdog initialized. PID=8856 log_file=c:\Users\automation02\Desktop\GUI\Strike_Machine\GUI_Strike_Machine\sm_crash.log

===== [loading] Process start: PID=22336 at 2026-08-13 13:23:25.263633 =====
2026-08-13 13:23:25,263 - [loading] - INFO - Không tìm thấy lock file cũ -> phiên chạy trước (nếu có) đã thoát sạch.
2026-08-13 13:23:25,264 - [loading] - INFO - Watchdog initialized. PID=22336 log_file=c:\Users\automation02\Desktop\GUI\Strike_Machine\GUI_Strike_Machine\sm_crash.log
Windows fatal exception: code 0x8001010d

Current thread 0x00003b7c (most recent call first):
  File "c:\Users\automation02\Desktop\GUI\Strike_Machine\GUI_Strike_Machine\main_edited.py", line 149 in <module>

Current thread's C stack trace (most recent call first):
  <cannot get C stack on this system>
2026-08-13 13:23:36,579 - [loading] - INFO - CLEAN_EXIT được đánh dấu. Detail: loading window event loop returned exit_code=0
2026-08-13 13:23:36,593 - [loading] - INFO - CLEAN_EXIT xác nhận qua atexit.
Windows fatal exception: code 0x8001010d

Thread 0x00005f14 [Thread-7 (_fetch)] (most recent call first):
  File "c:\Users\automation02\Desktop\GUI\Strike_Machine\GUI_Strike_Machine\source_edited.py", line 1966 in _fetch
  File "C:\Users\automation02\AppData\Local\Python\pythoncore-3.14-64\Lib\threading.py", line 1024 in run
  File "C:\Users\automation02\AppData\Local\Python\pythoncore-3.14-64\Lib\threading.py", line 1082 in _bootstrap_inner
  File "C:\Users\automation02\AppData\Local\Python\pythoncore-3.14-64\Lib\threading.py", line 1044 in _bootstrap

Current thread 0x000036ac (most recent call first):
  File "c:\Users\automation02\Desktop\GUI\Strike_Machine\GUI_Strike_Machine\main_edited.py", line 291 in <module>

Current thread's C stack trace (most recent call first):
  <cannot get C stack on this system>
2026-08-13 13:24:31,864 - [main] - INFO - CLEAN_EXIT được đánh dấu. Detail: QApplication.aboutToQuit fired
2026-08-13 13:24:31,865 - [main] - INFO - app.exec() returned exit_code=0
2026-08-13 13:24:31,978 - [main] - INFO - CLEAN_EXIT xác nhận qua atexit.

===== [main] Process start: PID=14392 at 2026-08-13 13:26:19.590822 =====
2026-08-13 13:26:19,591 - [main] - INFO - Không tìm thấy lock file cũ -> phiên chạy trước (nếu có) đã thoát sạch.
2026-08-13 13:26:19,592 - [main] - INFO - Watchdog initialized. PID=14392 log_file=c:\Users\automation02\Desktop\GUI\Strike_Machine\GUI_Strike_Machine\sm_crash.log

===== [loading] Process start: PID=20984 at 2026-08-13 13:26:19.787406 =====
2026-08-13 13:26:19,787 - [loading] - INFO - Không tìm thấy lock file cũ -> phiên chạy trước (nếu có) đã thoát sạch.
2026-08-13 13:26:19,788 - [loading] - INFO - Watchdog initialized. PID=20984 log_file=c:\Users\automation02\Desktop\GUI\Strike_Machine\GUI_Strike_Machine\sm_crash.log
Windows fatal exception: code 0x8001010d

Current thread 0x000054b0 (most recent call first):
  File "c:\Users\automation02\Desktop\GUI\Strike_Machine\GUI_Strike_Machine\main_edited.py", line 149 in <module>

Current thread's C stack trace (most recent call first):
  <cannot get C stack on this system>
2026-08-13 13:26:30,360 - [loading] - INFO - CLEAN_EXIT được đánh dấu. Detail: loading window event loop returned exit_code=0
2026-08-13 13:26:30,373 - [loading] - INFO - CLEAN_EXIT xác nhận qua atexit.
Windows fatal exception: code 0x8001010d

Thread 0x0000181c [Thread-7 (_fetch)] (most recent call first):
  File "c:\Users\automation02\Desktop\GUI\Strike_Machine\GUI_Strike_Machine\source_edited.py", line 1976 in _fetch
  File "C:\Users\automation02\AppData\Local\Python\pythoncore-3.14-64\Lib\threading.py", line 1024 in run
  File "C:\Users\automation02\AppData\Local\Python\pythoncore-3.14-64\Lib\threading.py", line 1082 in _bootstrap_inner
  File "C:\Users\automation02\AppData\Local\Python\pythoncore-3.14-64\Lib\threading.py", line 1044 in _bootstrap

Current thread 0x00003d04 (most recent call first):
  File "c:\Users\automation02\Desktop\GUI\Strike_Machine\GUI_Strike_Machine\main_edited.py", line 291 in <module>

Current thread's C stack trace (most recent call first):
  <cannot get C stack on this system>
2026-08-13 13:26:39,014 - [main] - INFO - CLEAN_EXIT được đánh dấu. Detail: QApplication.aboutToQuit fired
2026-08-13 13:26:39,016 - [main] - INFO - app.exec() returned exit_code=0
2026-08-13 13:26:39,183 - [main] - INFO - CLEAN_EXIT xác nhận qua atexit.

===== [main] Process start: PID=18968 at 2026-08-13 13:27:44.434998 =====
2026-08-13 13:27:44,435 - [main] - INFO - Không tìm thấy lock file cũ -> phiên chạy trước (nếu có) đã thoát sạch.
2026-08-13 13:27:44,436 - [main] - INFO - Watchdog initialized. PID=18968 log_file=c:\Users\automation02\Desktop\GUI\Strike_Machine\GUI_Strike_Machine\sm_crash.log

===== [loading] Process start: PID=15664 at 2026-08-13 13:27:44.639720 =====
2026-08-13 13:27:44,640 - [loading] - INFO - Không tìm thấy lock file cũ -> phiên chạy trước (nếu có) đã thoát sạch.
2026-08-13 13:27:44,641 - [loading] - INFO - Watchdog initialized. PID=15664 log_file=c:\Users\automation02\Desktop\GUI\Strike_Machine\GUI_Strike_Machine\sm_crash.log
Windows fatal exception: code 0x8001010d

Current thread 0x0000487c (most recent call first):
  File "c:\Users\automation02\Desktop\GUI\Strike_Machine\GUI_Strike_Machine\main_edited.py", line 149 in <module>

Current thread's C stack trace (most recent call first):
  <cannot get C stack on this system>
2026-08-13 13:27:55,887 - [loading] - INFO - CLEAN_EXIT được đánh dấu. Detail: loading window event loop returned exit_code=0
2026-08-13 13:27:55,910 - [loading] - INFO - CLEAN_EXIT xác nhận qua atexit.
Windows fatal exception: code 0x8001010d

Thread 0x000016c0 [QThread] (most recent call first):
  File "C:\Users\automation02\Desktop\GUI\Strike_Machine\GUI_Strike_Machine\.venv\Lib\site-packages\snap7\connection.py", line 458 in _recv_exact
  File "C:\Users\automation02\Desktop\GUI\Strike_Machine\GUI_Strike_Machine\.venv\Lib\site-packages\snap7\connection.py", line 204 in receive_data
  File "C:\Users\automation02\Desktop\GUI\Strike_Machine\GUI_Strike_Machine\.venv\Lib\site-packages\snap7\client.py", line 404 in _send_receive
  File "C:\Users\automation02\Desktop\GUI\Strike_Machine\GUI_Strike_Machine\.venv\Lib\site-packages\snap7\client.py", line 434 in _send_receive_with_reconnect
  File "C:\Users\automation02\Desktop\GUI\Strike_Machine\GUI_Strike_Machine\.venv\Lib\site-packages\snap7\client.py", line 987 in read_area
  File "C:\Users\automation02\Desktop\GUI\Strike_Machine\GUI_Strike_Machine\.venv\Lib\site-packages\snap7\client.py", line 867 in db_read
  File "c:\Users\automation02\Desktop\GUI\Strike_Machine\GUI_Strike_Machine\PLC_READ_MODULE.py", line 256 in _poll

Thread 0x00005d08 [Thread-7 (_fetch)] (most recent call first):
  File "c:\Users\automation02\Desktop\GUI\Strike_Machine\GUI_Strike_Machine\source_edited.py", line 1976 in _fetch
  File "C:\Users\automation02\AppData\Local\Python\pythoncore-3.14-64\Lib\threading.py", line 1024 in run
  File "C:\Users\automation02\AppData\Local\Python\pythoncore-3.14-64\Lib\threading.py", line 1082 in _bootstrap_inner
  File "C:\Users\automation02\AppData\Local\Python\pythoncore-3.14-64\Lib\threading.py", line 1044 in _bootstrap

Current thread 0x000043ac (most recent call first):
  File "c:\Users\automation02\Desktop\GUI\Strike_Machine\GUI_Strike_Machine\main_edited.py", line 291 in <module>

Current thread's C stack trace (most recent call first):
  <cannot get C stack on this system>
2026-08-13 13:28:04,716 - [main] - INFO - CLEAN_EXIT được đánh dấu. Detail: QApplication.aboutToQuit fired
2026-08-13 13:28:04,717 - [main] - INFO - app.exec() returned exit_code=0
2026-08-13 13:28:04,897 - [main] - INFO - CLEAN_EXIT xác nhận qua atexit.

===== [main] Process start: PID=21880 at 2026-08-13 13:28:36.321907 =====
2026-08-13 13:28:36,322 - [main] - INFO - Không tìm thấy lock file cũ -> phiên chạy trước (nếu có) đã thoát sạch.
2026-08-13 13:28:36,324 - [main] - INFO - Watchdog initialized. PID=21880 log_file=c:\Users\automation02\Desktop\GUI\Strike_Machine\GUI_Strike_Machine\sm_crash.log

===== [loading] Process start: PID=23636 at 2026-08-13 13:28:36.496980 =====
2026-08-13 13:28:36,497 - [loading] - INFO - Không tìm thấy lock file cũ -> phiên chạy trước (nếu có) đã thoát sạch.
2026-08-13 13:28:36,498 - [loading] - INFO - Watchdog initialized. PID=23636 log_file=c:\Users\automation02\Desktop\GUI\Strike_Machine\GUI_Strike_Machine\sm_crash.log
Windows fatal exception: code 0x8001010d

Current thread 0x000052a8 (most recent call first):
  File "c:\Users\automation02\Desktop\GUI\Strike_Machine\GUI_Strike_Machine\main_edited.py", line 149 in <module>

Current thread's C stack trace (most recent call first):
  <cannot get C stack on this system>
2026-08-13 13:28:44,463 - [loading] - INFO - CLEAN_EXIT được đánh dấu. Detail: loading window event loop returned exit_code=0
2026-08-13 13:28:44,470 - [loading] - INFO - CLEAN_EXIT xác nhận qua atexit.
Windows fatal exception: code 0x8001010d

Thread 0x000005c8 [Thread-7 (_fetch)] (most recent call first):
  File "c:\Users\automation02\Desktop\GUI\Strike_Machine\GUI_Strike_Machine\source_edited.py", line 1976 in _fetch
  File "C:\Users\automation02\AppData\Local\Python\pythoncore-3.14-64\Lib\threading.py", line 1024 in run
  File "C:\Users\automation02\AppData\Local\Python\pythoncore-3.14-64\Lib\threading.py", line 1082 in _bootstrap_inner
  File "C:\Users\automation02\AppData\Local\Python\pythoncore-3.14-64\Lib\threading.py", line 1044 in _bootstrap

Current thread 0x00004900 (most recent call first):
  File "c:\Users\automation02\Desktop\GUI\Strike_Machine\GUI_Strike_Machine\main_edited.py", line 291 in <module>

Current thread's C stack trace (most recent call first):
  <cannot get C stack on this system>
2026-08-13 13:54:01,564 - [main] - INFO - CLEAN_EXIT được đánh dấu. Detail: QApplication.aboutToQuit fired
2026-08-13 13:54:01,570 - [main] - INFO - app.exec() returned exit_code=0
2026-08-13 13:54:02,027 - [main] - INFO - CLEAN_EXIT xác nhận qua atexit.

===== [main] Process start: PID=20860 at 2026-08-14 09:06:25.999553 =====
2026-08-14 09:06:26,000 - [main] - INFO - Không tìm thấy lock file cũ -> phiên chạy trước (nếu có) đã thoát sạch.
2026-08-14 09:06:26,000 - [main] - INFO - Watchdog initialized. PID=20860 log_file=c:\Users\automation02\Desktop\GUI\Strike_Machine\GUI_Strike_Machine\sm_crash.log

===== [loading] Process start: PID=10452 at 2026-08-14 09:06:26.103813 =====
2026-08-14 09:06:26,104 - [loading] - INFO - Không tìm thấy lock file cũ -> phiên chạy trước (nếu có) đã thoát sạch.
2026-08-14 09:06:26,104 - [loading] - INFO - Watchdog initialized. PID=10452 log_file=c:\Users\automation02\Desktop\GUI\Strike_Machine\GUI_Strike_Machine\sm_crash.log
Windows fatal exception: code 0x8001010d

Current thread 0x00003b60 (most recent call first):
  File "c:\Users\automation02\Desktop\GUI\Strike_Machine\GUI_Strike_Machine\main_edited.py", line 149 in <module>

Current thread's C stack trace (most recent call first):
  <cannot get C stack on this system>
Windows fatal exception: code 0x8001010d

Current thread 0x00002f7c (most recent call first):
  File "C:\Users\automation02\Desktop\GUI\Strike_Machine\GUI_Strike_Machine\.venv\Lib\site-packages\qtpy\QtWidgets.py", line 170 in <lambda>
  File "c:\Users\automation02\Desktop\GUI\Strike_Machine\GUI_Strike_Machine\message_box.py", line 342 in question
  File "c:\Users\automation02\Desktop\GUI\Strike_Machine\GUI_Strike_Machine\source_edited.py", line 375 in _find_stk_mch_folder
  File "c:\Users\automation02\Desktop\GUI\Strike_Machine\GUI_Strike_Machine\source_edited.py", line 254 in __init__
  File "c:\Users\automation02\Desktop\GUI\Strike_Machine\GUI_Strike_Machine\main_edited.py", line 253 in <module>

Current thread's C stack trace (most recent call first):
  <cannot get C stack on this system>
2026-08-14 09:06:58,914 - [loading] - INFO - CLEAN_EXIT được đánh dấu. Detail: loading window event loop returned exit_code=0
2026-08-14 09:06:58,926 - [loading] - INFO - CLEAN_EXIT xác nhận qua atexit.
2026-08-14 09:12:17,607 - [main] - INFO - CLEAN_EXIT được đánh dấu. Detail: QApplication.aboutToQuit fired
2026-08-14 09:12:17,607 - [main] - INFO - app.exec() returned exit_code=0
2026-08-14 09:12:17,870 - [main] - INFO - CLEAN_EXIT xác nhận qua atexit.

===== [main] Process start: PID=20200 at 2026-08-17 08:05:01.344021 =====
2026-08-17 08:05:01,347 - [main] - INFO - Không tìm thấy lock file cũ -> phiên chạy trước (nếu có) đã thoát sạch.
2026-08-17 08:05:01,348 - [main] - INFO - Watchdog initialized. PID=20200 log_file=c:\Users\automation02\Desktop\GUI\Strike_Machine\GUI_Strike_Machine\sm_crash.log

===== [loading] Process start: PID=4504 at 2026-08-17 08:05:02.821455 =====
2026-08-17 08:05:02,822 - [loading] - INFO - Không tìm thấy lock file cũ -> phiên chạy trước (nếu có) đã thoát sạch.
2026-08-17 08:05:02,823 - [loading] - INFO - Watchdog initialized. PID=4504 log_file=c:\Users\automation02\Desktop\GUI\Strike_Machine\GUI_Strike_Machine\sm_crash.log
Windows fatal exception: code 0x8001010d

Current thread 0x00001d10 (most recent call first):
  File "c:\Users\automation02\Desktop\GUI\Strike_Machine\GUI_Strike_Machine\main_edited.py", line 149 in <module>

Current thread's C stack trace (most recent call first):
  <cannot get C stack on this system>
2026-08-17 08:05:51,964 - [loading] - INFO - CLEAN_EXIT được đánh dấu. Detail: loading window event loop returned exit_code=0
2026-08-17 08:05:51,978 - [loading] - INFO - CLEAN_EXIT xác nhận qua atexit.
Windows fatal exception: code 0x8001010d

Thread 0x0000161c [Thread-7 (_fetch)] (most recent call first):
  File "c:\Users\automation02\Desktop\GUI\Strike_Machine\GUI_Strike_Machine\source_edited.py", line 1977 in _fetch
  File "C:\Users\automation02\AppData\Local\Python\pythoncore-3.14-64\Lib\threading.py", line 1024 in run
  File "C:\Users\automation02\AppData\Local\Python\pythoncore-3.14-64\Lib\threading.py", line 1082 in _bootstrap_inner
  File "C:\Users\automation02\AppData\Local\Python\pythoncore-3.14-64\Lib\threading.py", line 1044 in _bootstrap

Current thread 0x000033e4 (most recent call first):
  File "c:\Users\automation02\Desktop\GUI\Strike_Machine\GUI_Strike_Machine\main_edited.py", line 291 in <module>

Current thread's C stack trace (most recent call first):
  <cannot get C stack on this system>
2026-08-17 08:33:34,092 - [main] - INFO - CLEAN_EXIT được đánh dấu. Detail: QApplication.aboutToQuit fired
2026-08-17 08:33:34,096 - [main] - INFO - app.exec() returned exit_code=0
2026-08-17 08:33:34,478 - [main] - INFO - CLEAN_EXIT xác nhận qua atexit.

===== [main] Process start: PID=5772 at 2026-08-17 08:33:36.600903 =====
2026-08-17 08:33:36,601 - [main] - INFO - Không tìm thấy lock file cũ -> phiên chạy trước (nếu có) đã thoát sạch.
2026-08-17 08:33:36,602 - [main] - INFO - Watchdog initialized. PID=5772 log_file=c:\Users\automation02\Desktop\GUI\Strike_Machine\GUI_Strike_Machine\sm_crash.log

===== [loading] Process start: PID=16464 at 2026-08-17 08:33:36.838073 =====
2026-08-17 08:33:36,838 - [loading] - INFO - Không tìm thấy lock file cũ -> phiên chạy trước (nếu có) đã thoát sạch.
2026-08-17 08:33:36,839 - [loading] - INFO - Watchdog initialized. PID=16464 log_file=c:\Users\automation02\Desktop\GUI\Strike_Machine\GUI_Strike_Machine\sm_crash.log
Windows fatal exception: code 0x8001010d

Current thread 0x00001084 (most recent call first):
  File "c:\Users\automation02\Desktop\GUI\Strike_Machine\GUI_Strike_Machine\main_edited.py", line 149 in <module>

Current thread's C stack trace (most recent call first):
  <cannot get C stack on this system>
2026-08-17 08:34:18,908 - [loading] - INFO - CLEAN_EXIT được đánh dấu. Detail: loading window event loop returned exit_code=0
2026-08-17 08:34:18,914 - [loading] - INFO - CLEAN_EXIT xác nhận qua atexit.
Windows fatal exception: code 0x8001010d

Thread 0x00003ddc [QThread] (most recent call first):
  File "C:\Users\automation02\Desktop\GUI\Strike_Machine\GUI_Strike_Machine\.venv\Lib\site-packages\snap7\connection.py", line 458 in _recv_exact
  File "C:\Users\automation02\Desktop\GUI\Strike_Machine\GUI_Strike_Machine\.venv\Lib\site-packages\snap7\connection.py", line 204 in receive_data
  File "C:\Users\automation02\Desktop\GUI\Strike_Machine\GUI_Strike_Machine\.venv\Lib\site-packages\snap7\client.py", line 404 in _send_receive
  File "C:\Users\automation02\Desktop\GUI\Strike_Machine\GUI_Strike_Machine\.venv\Lib\site-packages\snap7\client.py", line 434 in _send_receive_with_reconnect
  File "C:\Users\automation02\Desktop\GUI\Strike_Machine\GUI_Strike_Machine\.venv\Lib\site-packages\snap7\client.py", line 987 in read_area
  File "C:\Users\automation02\Desktop\GUI\Strike_Machine\GUI_Strike_Machine\.venv\Lib\site-packages\snap7\client.py", line 867 in db_read
  File "c:\Users\automation02\Desktop\GUI\Strike_Machine\GUI_Strike_Machine\PLC_READ_MODULE.py", line 256 in _poll

Thread 0x0000341c [Thread-7 (_fetch)] (most recent call first):
  File "c:\Users\automation02\Desktop\GUI\Strike_Machine\GUI_Strike_Machine\source_edited.py", line 1977 in _fetch
  File "C:\Users\automation02\AppData\Local\Python\pythoncore-3.14-64\Lib\threading.py", line 1024 in run
  File "C:\Users\automation02\AppData\Local\Python\pythoncore-3.14-64\Lib\threading.py", line 1082 in _bootstrap_inner
  File "C:\Users\automation02\AppData\Local\Python\pythoncore-3.14-64\Lib\threading.py", line 1044 in _bootstrap

Current thread 0x00004c20 (most recent call first):
  File "c:\Users\automation02\Desktop\GUI\Strike_Machine\GUI_Strike_Machine\main_edited.py", line 291 in <module>

Current thread's C stack trace (most recent call first):
  <cannot get C stack on this system>
2026-08-17 08:34:34,148 - [main] - INFO - CLEAN_EXIT được đánh dấu. Detail: QApplication.aboutToQuit fired
2026-08-17 08:34:34,148 - [main] - INFO - app.exec() returned exit_code=0
2026-08-17 08:34:34,258 - [main] - INFO - CLEAN_EXIT xác nhận qua atexit.

===== [main] Process start: PID=14364 at 2026-08-17 08:39:07.058321 =====
2026-08-17 08:39:07,058 - [main] - INFO - Không tìm thấy lock file cũ -> phiên chạy trước (nếu có) đã thoát sạch.
2026-08-17 08:39:07,059 - [main] - INFO - Watchdog initialized. PID=14364 log_file=c:\Users\automation02\Desktop\GUI\Strike_Machine\GUI_Strike_Machine\sm_crash.log

===== [loading] Process start: PID=11320 at 2026-08-17 08:39:07.362149 =====
2026-08-17 08:39:07,362 - [loading] - INFO - Không tìm thấy lock file cũ -> phiên chạy trước (nếu có) đã thoát sạch.
2026-08-17 08:39:07,364 - [loading] - INFO - Watchdog initialized. PID=11320 log_file=c:\Users\automation02\Desktop\GUI\Strike_Machine\GUI_Strike_Machine\sm_crash.log
Windows fatal exception: code 0x8001010d

Current thread 0x00002260 (most recent call first):
  File "c:\Users\automation02\Desktop\GUI\Strike_Machine\GUI_Strike_Machine\main_edited.py", line 149 in <module>

Current thread's C stack trace (most recent call first):
  <cannot get C stack on this system>
2026-08-17 08:39:18,203 - [loading] - INFO - CLEAN_EXIT được đánh dấu. Detail: loading window event loop returned exit_code=0
2026-08-17 08:39:18,210 - [loading] - INFO - CLEAN_EXIT xác nhận qua atexit.
Windows fatal exception: code 0x8001010d

Thread 0x00002bf8 [Thread-7 (_fetch)] (most recent call first):
  File "c:\Users\automation02\Desktop\GUI\Strike_Machine\GUI_Strike_Machine\source_edited.py", line 1967 in _fetch
  File "C:\Users\automation02\AppData\Local\Python\pythoncore-3.14-64\Lib\threading.py", line 1024 in run
  File "C:\Users\automation02\AppData\Local\Python\pythoncore-3.14-64\Lib\threading.py", line 1082 in _bootstrap_inner
  File "C:\Users\automation02\AppData\Local\Python\pythoncore-3.14-64\Lib\threading.py", line 1044 in _bootstrap

Current thread 0x00003438 (most recent call first):
  File "c:\Users\automation02\Desktop\GUI\Strike_Machine\GUI_Strike_Machine\main_edited.py", line 291 in <module>

Current thread's C stack trace (most recent call first):
  <cannot get C stack on this system>
2026-08-17 08:41:44,494 - [main] - INFO - CLEAN_EXIT được đánh dấu. Detail: QApplication.aboutToQuit fired
2026-08-17 08:41:44,495 - [main] - INFO - app.exec() returned exit_code=0
2026-08-17 08:41:44,608 - [main] - INFO - CLEAN_EXIT xác nhận qua atexit.

===== [main] Process start: PID=4168 at 2026-08-17 08:41:46.749560 =====
2026-08-17 08:41:46,750 - [main] - INFO - Không tìm thấy lock file cũ -> phiên chạy trước (nếu có) đã thoát sạch.
2026-08-17 08:41:46,751 - [main] - INFO - Watchdog initialized. PID=4168 log_file=c:\Users\automation02\Desktop\GUI\Strike_Machine\GUI_Strike_Machine\sm_crash.log

===== [loading] Process start: PID=19180 at 2026-08-17 08:41:46.996949 =====
2026-08-17 08:41:46,997 - [loading] - INFO - Không tìm thấy lock file cũ -> phiên chạy trước (nếu có) đã thoát sạch.
2026-08-17 08:41:46,998 - [loading] - INFO - Watchdog initialized. PID=19180 log_file=c:\Users\automation02\Desktop\GUI\Strike_Machine\GUI_Strike_Machine\sm_crash.log
Windows fatal exception: code 0x8001010d

Current thread 0x000020b0 (most recent call first):
  File "c:\Users\automation02\Desktop\GUI\Strike_Machine\GUI_Strike_Machine\main_edited.py", line 149 in <module>

Current thread's C stack trace (most recent call first):
  <cannot get C stack on this system>
2026-08-17 08:41:55,567 - [loading] - INFO - CLEAN_EXIT được đánh dấu. Detail: loading window event loop returned exit_code=0
2026-08-17 08:41:55,582 - [loading] - INFO - CLEAN_EXIT xác nhận qua atexit.
Windows fatal exception: code 0x8001010d

Thread 0x00003bcc [Thread-7 (_fetch)] (most recent call first):
  File "c:\Users\automation02\Desktop\GUI\Strike_Machine\GUI_Strike_Machine\source_edited.py", line 1967 in _fetch
  File "C:\Users\automation02\AppData\Local\Python\pythoncore-3.14-64\Lib\threading.py", line 1024 in run
  File "C:\Users\automation02\AppData\Local\Python\pythoncore-3.14-64\Lib\threading.py", line 1082 in _bootstrap_inner
  File "C:\Users\automation02\AppData\Local\Python\pythoncore-3.14-64\Lib\threading.py", line 1044 in _bootstrap

Current thread 0x00003858 (most recent call first):
  File "c:\Users\automation02\Desktop\GUI\Strike_Machine\GUI_Strike_Machine\main_edited.py", line 291 in <module>

Current thread's C stack trace (most recent call first):
  <cannot get C stack on this system>
2026-08-17 08:49:19,389 - [main] - INFO - CLEAN_EXIT được đánh dấu. Detail: QApplication.aboutToQuit fired
2026-08-17 08:49:19,391 - [main] - INFO - app.exec() returned exit_code=0
2026-08-17 08:49:19,747 - [main] - INFO - CLEAN_EXIT xác nhận qua atexit.

===== [main] Process start: PID=6596 at 2026-08-17 08:52:26.440525 =====
2026-08-17 08:52:26,440 - [main] - INFO - Không tìm thấy lock file cũ -> phiên chạy trước (nếu có) đã thoát sạch.
2026-08-17 08:52:26,441 - [main] - INFO - Watchdog initialized. PID=6596 log_file=c:\Users\automation02\Desktop\GUI\Strike_Machine\GUI_Strike_Machine\sm_crash.log

===== [loading] Process start: PID=4752 at 2026-08-17 08:52:26.650592 =====
2026-08-17 08:52:26,650 - [loading] - INFO - Không tìm thấy lock file cũ -> phiên chạy trước (nếu có) đã thoát sạch.
2026-08-17 08:52:26,651 - [loading] - INFO - Watchdog initialized. PID=4752 log_file=c:\Users\automation02\Desktop\GUI\Strike_Machine\GUI_Strike_Machine\sm_crash.log
Windows fatal exception: code 0x8001010d

Current thread 0x000030e0 (most recent call first):
  File "c:\Users\automation02\Desktop\GUI\Strike_Machine\GUI_Strike_Machine\main_edited.py", line 149 in <module>

Current thread's C stack trace (most recent call first):
  <cannot get C stack on this system>
2026-08-17 08:52:35,238 - [loading] - INFO - CLEAN_EXIT được đánh dấu. Detail: loading window event loop returned exit_code=0
2026-08-17 08:52:35,249 - [loading] - INFO - CLEAN_EXIT xác nhận qua atexit.
Windows fatal exception: code 0x8001010d

Thread 0x000009b4 [QThread] (most recent call first):
  File "C:\Users\automation02\Desktop\GUI\Strike_Machine\GUI_Strike_Machine\.venv\Lib\site-packages\snap7\connection.py", line 458 in _recv_exact
  File "C:\Users\automation02\Desktop\GUI\Strike_Machine\GUI_Strike_Machine\.venv\Lib\site-packages\snap7\connection.py", line 204 in receive_data
  File "C:\Users\automation02\Desktop\GUI\Strike_Machine\GUI_Strike_Machine\.venv\Lib\site-packages\snap7\client.py", line 404 in _send_receive
  File "C:\Users\automation02\Desktop\GUI\Strike_Machine\GUI_Strike_Machine\.venv\Lib\site-packages\snap7\client.py", line 434 in _send_receive_with_reconnect
  File "C:\Users\automation02\Desktop\GUI\Strike_Machine\GUI_Strike_Machine\.venv\Lib\site-packages\snap7\client.py", line 987 in read_area
  File "C:\Users\automation02\Desktop\GUI\Strike_Machine\GUI_Strike_Machine\.venv\Lib\site-packages\snap7\client.py", line 867 in db_read
  File "c:\Users\automation02\Desktop\GUI\Strike_Machine\GUI_Strike_Machine\PLC_READ_MODULE.py", line 256 in _poll

Thread 0x00004788 [Thread-7 (_fetch)] (most recent call first):
  File "c:\Users\automation02\Desktop\GUI\Strike_Machine\GUI_Strike_Machine\source_edited.py", line 1967 in _fetch
  File "C:\Users\automation02\AppData\Local\Python\pythoncore-3.14-64\Lib\threading.py", line 1024 in run
  File "C:\Users\automation02\AppData\Local\Python\pythoncore-3.14-64\Lib\threading.py", line 1082 in _bootstrap_inner
  File "C:\Users\automation02\AppData\Local\Python\pythoncore-3.14-64\Lib\threading.py", line 1044 in _bootstrap

Current thread 0x000041d8 (most recent call first):
  File "c:\Users\automation02\Desktop\GUI\Strike_Machine\GUI_Strike_Machine\main_edited.py", line 291 in <module>

Current thread's C stack trace (most recent call first):
  <cannot get C stack on this system>
2026-08-17 08:52:54,021 - [main] - INFO - CLEAN_EXIT được đánh dấu. Detail: QApplication.aboutToQuit fired
2026-08-17 08:52:54,022 - [main] - INFO - app.exec() returned exit_code=0
2026-08-17 08:52:54,149 - [main] - INFO - CLEAN_EXIT xác nhận qua atexit.

===== [main] Process start: PID=16892 at 2026-08-17 09:17:45.838300 =====
2026-08-17 09:17:45,839 - [main] - INFO - Không tìm thấy lock file cũ -> phiên chạy trước (nếu có) đã thoát sạch.
2026-08-17 09:17:45,840 - [main] - INFO - Watchdog initialized. PID=16892 log_file=c:\Users\automation02\Desktop\GUI\Strike_Machine\GUI_Strike_Machine\sm_crash.log

===== [loading] Process start: PID=11852 at 2026-08-17 09:17:46.107321 =====
2026-08-17 09:17:46,107 - [loading] - INFO - Không tìm thấy lock file cũ -> phiên chạy trước (nếu có) đã thoát sạch.
2026-08-17 09:17:46,108 - [loading] - INFO - Watchdog initialized. PID=11852 log_file=c:\Users\automation02\Desktop\GUI\Strike_Machine\GUI_Strike_Machine\sm_crash.log
Windows fatal exception: code 0x8001010d

Current thread 0x00002ebc (most recent call first):
  File "c:\Users\automation02\Desktop\GUI\Strike_Machine\GUI_Strike_Machine\main_edited.py", line 149 in <module>

Current thread's C stack trace (most recent call first):
  <cannot get C stack on this system>
2026-08-17 09:18:00,542 - [loading] - INFO - CLEAN_EXIT được đánh dấu. Detail: loading window event loop returned exit_code=0
2026-08-17 09:18:00,555 - [loading] - INFO - CLEAN_EXIT xác nhận qua atexit.
Windows fatal exception: code 0x8001010d

Thread 0x000041ec [Thread-7 (_fetch)] (most recent call first):
  File "c:\Users\automation02\Desktop\GUI\Strike_Machine\GUI_Strike_Machine\source_edited.py", line 1995 in _fetch
  File "C:\Users\automation02\AppData\Local\Python\pythoncore-3.14-64\Lib\threading.py", line 1024 in run
  File "C:\Users\automation02\AppData\Local\Python\pythoncore-3.14-64\Lib\threading.py", line 1082 in _bootstrap_inner
  File "C:\Users\automation02\AppData\Local\Python\pythoncore-3.14-64\Lib\threading.py", line 1044 in _bootstrap

Current thread 0x00003830 (most recent call first):
  File "c:\Users\automation02\Desktop\GUI\Strike_Machine\GUI_Strike_Machine\main_edited.py", line 291 in <module>

Current thread's C stack trace (most recent call first):
  <cannot get C stack on this system>
2026-08-17 09:18:16,725 - [main] - INFO - CLEAN_EXIT được đánh dấu. Detail: QApplication.aboutToQuit fired
2026-08-17 09:18:16,726 - [main] - INFO - app.exec() returned exit_code=0
2026-08-17 09:18:16,838 - [main] - INFO - CLEAN_EXIT xác nhận qua atexit.

===== [main] Process start: PID=17184 at 2026-08-17 09:19:05.876631 =====
2026-08-17 09:19:05,877 - [main] - INFO - Không tìm thấy lock file cũ -> phiên chạy trước (nếu có) đã thoát sạch.
2026-08-17 09:19:05,877 - [main] - INFO - Watchdog initialized. PID=17184 log_file=c:\Users\automation02\Desktop\GUI\Strike_Machine\GUI_Strike_Machine\sm_crash.log

===== [loading] Process start: PID=508 at 2026-08-17 09:19:06.087164 =====
2026-08-17 09:19:06,087 - [loading] - INFO - Không tìm thấy lock file cũ -> phiên chạy trước (nếu có) đã thoát sạch.
2026-08-17 09:19:06,088 - [loading] - INFO - Watchdog initialized. PID=508 log_file=c:\Users\automation02\Desktop\GUI\Strike_Machine\GUI_Strike_Machine\sm_crash.log
Windows fatal exception: code 0x8001010d

Current thread 0x00003f3c (most recent call first):
  File "c:\Users\automation02\Desktop\GUI\Strike_Machine\GUI_Strike_Machine\main_edited.py", line 149 in <module>

Current thread's C stack trace (most recent call first):
  <cannot get C stack on this system>
2026-08-17 09:19:16,620 - [loading] - INFO - CLEAN_EXIT được đánh dấu. Detail: loading window event loop returned exit_code=0
2026-08-17 09:19:16,631 - [loading] - INFO - CLEAN_EXIT xác nhận qua atexit.
Windows fatal exception: code 0x8001010d

Thread 0x0000292c [Thread-7 (_fetch)] (most recent call first):
  File "c:\Users\automation02\Desktop\GUI\Strike_Machine\GUI_Strike_Machine\source_edited.py", line 1986 in _fetch
  File "C:\Users\automation02\AppData\Local\Python\pythoncore-3.14-64\Lib\threading.py", line 1024 in run
  File "C:\Users\automation02\AppData\Local\Python\pythoncore-3.14-64\Lib\threading.py", line 1082 in _bootstrap_inner
  File "C:\Users\automation02\AppData\Local\Python\pythoncore-3.14-64\Lib\threading.py", line 1044 in _bootstrap

Current thread 0x00000cfc (most recent call first):
  File "c:\Users\automation02\Desktop\GUI\Strike_Machine\GUI_Strike_Machine\main_edited.py", line 291 in <module>

Current thread's C stack trace (most recent call first):
  <cannot get C stack on this system>
2026-08-17 09:19:26,589 - [main] - INFO - CLEAN_EXIT được đánh dấu. Detail: QApplication.aboutToQuit fired
2026-08-17 09:19:26,590 - [main] - INFO - app.exec() returned exit_code=0
2026-08-17 09:19:26,758 - [main] - INFO - CLEAN_EXIT xác nhận qua atexit.

===== [main] Process start: PID=2920 at 2026-08-17 09:29:41.229893 =====
2026-08-17 09:29:41,231 - [main] - INFO - Không tìm thấy lock file cũ -> phiên chạy trước (nếu có) đã thoát sạch.
2026-08-17 09:29:41,233 - [main] - INFO - Watchdog initialized. PID=2920 log_file=c:\Users\automation02\Desktop\GUI\Strike_Machine\GUI_Strike_Machine\sm_crash.log

===== [loading] Process start: PID=2552 at 2026-08-17 09:29:41.709101 =====
2026-08-17 09:29:41,709 - [loading] - INFO - Không tìm thấy lock file cũ -> phiên chạy trước (nếu có) đã thoát sạch.
2026-08-17 09:29:41,710 - [loading] - INFO - Watchdog initialized. PID=2552 log_file=c:\Users\automation02\Desktop\GUI\Strike_Machine\GUI_Strike_Machine\sm_crash.log
Windows fatal exception: code 0x8001010d

Current thread 0x00000928 (most recent call first):
  File "c:\Users\automation02\Desktop\GUI\Strike_Machine\GUI_Strike_Machine\main_edited.py", line 149 in <module>

Current thread's C stack trace (most recent call first):
  <cannot get C stack on this system>
2026-08-17 09:29:58,532 - [loading] - INFO - CLEAN_EXIT được đánh dấu. Detail: loading window event loop returned exit_code=0
2026-08-17 09:29:58,548 - [loading] - INFO - CLEAN_EXIT xác nhận qua atexit.
Windows fatal exception: code 0x8001010d

Thread 0x00000020 [QThread] (most recent call first):
  File "C:\Users\automation02\Desktop\GUI\Strike_Machine\GUI_Strike_Machine\.venv\Lib\site-packages\snap7\connection.py", line 458 in _recv_exact
  File "C:\Users\automation02\Desktop\GUI\Strike_Machine\GUI_Strike_Machine\.venv\Lib\site-packages\snap7\connection.py", line 204 in receive_data
  File "C:\Users\automation02\Desktop\GUI\Strike_Machine\GUI_Strike_Machine\.venv\Lib\site-packages\snap7\client.py", line 404 in _send_receive
  File "C:\Users\automation02\Desktop\GUI\Strike_Machine\GUI_Strike_Machine\.venv\Lib\site-packages\snap7\client.py", line 434 in _send_receive_with_reconnect
  File "C:\Users\automation02\Desktop\GUI\Strike_Machine\GUI_Strike_Machine\.venv\Lib\site-packages\snap7\client.py", line 987 in read_area
  File "C:\Users\automation02\Desktop\GUI\Strike_Machine\GUI_Strike_Machine\.venv\Lib\site-packages\snap7\client.py", line 867 in db_read
  File "c:\Users\automation02\Desktop\GUI\Strike_Machine\GUI_Strike_Machine\PLC_READ_MODULE.py", line 256 in _poll

Thread 0x000053b8 [Thread-7 (_fetch)] (most recent call first):
  File "c:\Users\automation02\Desktop\GUI\Strike_Machine\GUI_Strike_Machine\source_edited.py", line 1986 in _fetch
  File "C:\Users\automation02\AppData\Local\Python\pythoncore-3.14-64\Lib\threading.py", line 1024 in run
  File "C:\Users\automation02\AppData\Local\Python\pythoncore-3.14-64\Lib\threading.py", line 1082 in _bootstrap_inner
  File "C:\Users\automation02\AppData\Local\Python\pythoncore-3.14-64\Lib\threading.py", line 1044 in _bootstrap

Current thread 0x000016e4 (most recent call first):
  File "c:\Users\automation02\Desktop\GUI\Strike_Machine\GUI_Strike_Machine\main_edited.py", line 291 in <module>

Current thread's C stack trace (most recent call first):
  <cannot get C stack on this system>
2026-08-17 09:30:05,991 - [main] - INFO - CLEAN_EXIT được đánh dấu. Detail: QApplication.aboutToQuit fired
2026-08-17 09:30:05,991 - [main] - INFO - app.exec() returned exit_code=0
2026-08-17 09:30:06,177 - [main] - INFO - CLEAN_EXIT xác nhận qua atexit.

===== [main] Process start: PID=21896 at 2026-08-17 09:49:06.146554 =====
2026-08-17 09:49:06,146 - [main] - INFO - Không tìm thấy lock file cũ -> phiên chạy trước (nếu có) đã thoát sạch.
2026-08-17 09:49:06,147 - [main] - INFO - Watchdog initialized. PID=21896 log_file=c:\Users\automation02\Desktop\GUI\Strike_Machine\GUI_Strike_Machine\sm_crash.log

===== [loading] Process start: PID=20636 at 2026-08-17 09:49:06.398084 =====
2026-08-17 09:49:06,398 - [loading] - INFO - Không tìm thấy lock file cũ -> phiên chạy trước (nếu có) đã thoát sạch.
2026-08-17 09:49:06,399 - [loading] - INFO - Watchdog initialized. PID=20636 log_file=c:\Users\automation02\Desktop\GUI\Strike_Machine\GUI_Strike_Machine\sm_crash.log
Windows fatal exception: code 0x8001010d

Current thread 0x00003cf8 (most recent call first):
  File "c:\Users\automation02\Desktop\GUI\Strike_Machine\GUI_Strike_Machine\main_edited.py", line 149 in <module>

Current thread's C stack trace (most recent call first):
  <cannot get C stack on this system>
2026-08-17 09:49:20,611 - [loading] - INFO - CLEAN_EXIT được đánh dấu. Detail: loading window event loop returned exit_code=0
2026-08-17 09:49:20,621 - [loading] - INFO - CLEAN_EXIT xác nhận qua atexit.
Windows fatal exception: code 0x8001010d

Thread 0x00005724 [Thread-7 (_fetch)] (most recent call first):
  File "c:\Users\automation02\Desktop\GUI\Strike_Machine\GUI_Strike_Machine\source_edited.py", line 1996 in _fetch
  File "C:\Users\automation02\AppData\Local\Python\pythoncore-3.14-64\Lib\threading.py", line 1024 in run
  File "C:\Users\automation02\AppData\Local\Python\pythoncore-3.14-64\Lib\threading.py", line 1082 in _bootstrap_inner
  File "C:\Users\automation02\AppData\Local\Python\pythoncore-3.14-64\Lib\threading.py", line 1044 in _bootstrap

Current thread 0x000054e4 (most recent call first):
  File "c:\Users\automation02\Desktop\GUI\Strike_Machine\GUI_Strike_Machine\main_edited.py", line 291 in <module>

Current thread's C stack trace (most recent call first):
  <cannot get C stack on this system>
2026-08-17 09:53:06,963 - [main] - INFO - CLEAN_EXIT được đánh dấu. Detail: QApplication.aboutToQuit fired
2026-08-17 09:53:06,966 - [main] - INFO - app.exec() returned exit_code=0
2026-08-17 09:53:07,111 - [main] - INFO - CLEAN_EXIT xác nhận qua atexit.

===== [main] Process start: PID=13200 at 2026-08-17 09:53:09.638343 =====
2026-08-17 09:53:09,639 - [main] - INFO - Không tìm thấy lock file cũ -> phiên chạy trước (nếu có) đã thoát sạch.
2026-08-17 09:53:09,640 - [main] - INFO - Watchdog initialized. PID=13200 log_file=c:\Users\automation02\Desktop\GUI\Strike_Machine\GUI_Strike_Machine\sm_crash.log

===== [loading] Process start: PID=16936 at 2026-08-17 09:53:09.900254 =====
2026-08-17 09:53:09,900 - [loading] - INFO - Không tìm thấy lock file cũ -> phiên chạy trước (nếu có) đã thoát sạch.
2026-08-17 09:53:09,902 - [loading] - INFO - Watchdog initialized. PID=16936 log_file=c:\Users\automation02\Desktop\GUI\Strike_Machine\GUI_Strike_Machine\sm_crash.log
Windows fatal exception: code 0x8001010d

Current thread 0x000058fc (most recent call first):
  File "c:\Users\automation02\Desktop\GUI\Strike_Machine\GUI_Strike_Machine\main_edited.py", line 149 in <module>

Current thread's C stack trace (most recent call first):
  <cannot get C stack on this system>
2026-08-17 09:53:19,658 - [loading] - INFO - CLEAN_EXIT được đánh dấu. Detail: loading window event loop returned exit_code=0
2026-08-17 09:53:19,680 - [loading] - INFO - CLEAN_EXIT xác nhận qua atexit.
Windows fatal exception: code 0x8001010d

Thread 0x000054f0 [Thread-7 (_fetch)] (most recent call first):
  File "c:\Users\automation02\Desktop\GUI\Strike_Machine\GUI_Strike_Machine\source_edited.py", line 1996 in _fetch
  File "C:\Users\automation02\AppData\Local\Python\pythoncore-3.14-64\Lib\threading.py", line 1024 in run
  File "C:\Users\automation02\AppData\Local\Python\pythoncore-3.14-64\Lib\threading.py", line 1082 in _bootstrap_inner
  File "C:\Users\automation02\AppData\Local\Python\pythoncore-3.14-64\Lib\threading.py", line 1044 in _bootstrap

Current thread 0x0000281c (most recent call first):
  File "c:\Users\automation02\Desktop\GUI\Strike_Machine\GUI_Strike_Machine\main_edited.py", line 291 in <module>

Current thread's C stack trace (most recent call first):
  <cannot get C stack on this system>
2026-08-17 09:54:45,068 - [main] - INFO - CLEAN_EXIT được đánh dấu. Detail: QApplication.aboutToQuit fired
2026-08-17 09:54:45,069 - [main] - INFO - app.exec() returned exit_code=0
2026-08-17 09:54:45,190 - [main] - INFO - CLEAN_EXIT xác nhận qua atexit.

===== [main] Process start: PID=22904 at 2026-08-17 09:54:54.693703 =====
2026-08-17 09:54:54,694 - [main] - INFO - Không tìm thấy lock file cũ -> phiên chạy trước (nếu có) đã thoát sạch.
2026-08-17 09:54:54,695 - [main] - INFO - Watchdog initialized. PID=22904 log_file=c:\Users\automation02\Desktop\GUI\Strike_Machine\GUI_Strike_Machine\sm_crash.log

===== [loading] Process start: PID=21900 at 2026-08-17 09:54:54.919222 =====
2026-08-17 09:54:54,919 - [loading] - INFO - Không tìm thấy lock file cũ -> phiên chạy trước (nếu có) đã thoát sạch.
2026-08-17 09:54:54,920 - [loading] - INFO - Watchdog initialized. PID=21900 log_file=c:\Users\automation02\Desktop\GUI\Strike_Machine\GUI_Strike_Machine\sm_crash.log
Windows fatal exception: code 0x8001010d

Current thread 0x00002cb8 (most recent call first):
  File "c:\Users\automation02\Desktop\GUI\Strike_Machine\GUI_Strike_Machine\main_edited.py", line 149 in <module>

Current thread's C stack trace (most recent call first):
  <cannot get C stack on this system>
2026-08-17 09:55:04,307 - [loading] - INFO - CLEAN_EXIT được đánh dấu. Detail: loading window event loop returned exit_code=0
2026-08-17 09:55:04,320 - [loading] - INFO - CLEAN_EXIT xác nhận qua atexit.
Windows fatal exception: code 0x8001010d

Thread 0x00005af4 [Thread-7 (_fetch)] (most recent call first):
  File "c:\Users\automation02\Desktop\GUI\Strike_Machine\GUI_Strike_Machine\source_edited.py", line 1996 in _fetch
  File "C:\Users\automation02\AppData\Local\Python\pythoncore-3.14-64\Lib\threading.py", line 1024 in run
  File "C:\Users\automation02\AppData\Local\Python\pythoncore-3.14-64\Lib\threading.py", line 1082 in _bootstrap_inner
  File "C:\Users\automation02\AppData\Local\Python\pythoncore-3.14-64\Lib\threading.py", line 1044 in _bootstrap

Current thread 0x000056b8 (most recent call first):
  File "c:\Users\automation02\Desktop\GUI\Strike_Machine\GUI_Strike_Machine\main_edited.py", line 291 in <module>

Current thread's C stack trace (most recent call first):
  <cannot get C stack on this system>
2026-08-17 09:56:26,113 - [main] - INFO - CLEAN_EXIT được đánh dấu. Detail: QApplication.aboutToQuit fired
2026-08-17 09:56:26,114 - [main] - INFO - app.exec() returned exit_code=0
2026-08-17 09:56:26,345 - [main] - INFO - CLEAN_EXIT xác nhận qua atexit.

===== [main] Process start: PID=15212 at 2026-08-17 09:56:28.045465 =====
2026-08-17 09:56:28,046 - [main] - INFO - Không tìm thấy lock file cũ -> phiên chạy trước (nếu có) đã thoát sạch.
2026-08-17 09:56:28,047 - [main] - INFO - Watchdog initialized. PID=15212 log_file=c:\Users\automation02\Desktop\GUI\Strike_Machine\GUI_Strike_Machine\sm_crash.log

===== [loading] Process start: PID=23248 at 2026-08-17 09:56:28.317654 =====
2026-08-17 09:56:28,318 - [loading] - INFO - Không tìm thấy lock file cũ -> phiên chạy trước (nếu có) đã thoát sạch.
2026-08-17 09:56:28,319 - [loading] - INFO - Watchdog initialized. PID=23248 log_file=c:\Users\automation02\Desktop\GUI\Strike_Machine\GUI_Strike_Machine\sm_crash.log
Windows fatal exception: code 0x8001010d

Current thread 0x000057ac (most recent call first):
  File "c:\Users\automation02\Desktop\GUI\Strike_Machine\GUI_Strike_Machine\main_edited.py", line 149 in <module>

Current thread's C stack trace (most recent call first):
  <cannot get C stack on this system>
2026-08-17 09:56:37,006 - [loading] - INFO - CLEAN_EXIT được đánh dấu. Detail: loading window event loop returned exit_code=0
2026-08-17 09:56:37,024 - [loading] - INFO - CLEAN_EXIT xác nhận qua atexit.
Windows fatal exception: code 0x8001010d

Thread 0x00004904 [Thread-7 (_fetch)] (most recent call first):
  File "c:\Users\automation02\Desktop\GUI\Strike_Machine\GUI_Strike_Machine\source_edited.py", line 1996 in _fetch
  File "C:\Users\automation02\AppData\Local\Python\pythoncore-3.14-64\Lib\threading.py", line 1024 in run
  File "C:\Users\automation02\AppData\Local\Python\pythoncore-3.14-64\Lib\threading.py", line 1082 in _bootstrap_inner
  File "C:\Users\automation02\AppData\Local\Python\pythoncore-3.14-64\Lib\threading.py", line 1044 in _bootstrap

Current thread 0x0000128c (most recent call first):
  File "c:\Users\automation02\Desktop\GUI\Strike_Machine\GUI_Strike_Machine\main_edited.py", line 291 in <module>

Current thread's C stack trace (most recent call first):
  <cannot get C stack on this system>
2026-08-17 10:01:37,100 - [main] - INFO - CLEAN_EXIT được đánh dấu. Detail: QApplication.aboutToQuit fired
2026-08-17 10:01:37,105 - [main] - INFO - app.exec() returned exit_code=0
2026-08-17 10:01:37,296 - [main] - INFO - CLEAN_EXIT xác nhận qua atexit.

===== [main] Process start: PID=11288 at 2026-08-17 10:01:39.007685 =====
2026-08-17 10:01:39,008 - [main] - INFO - Không tìm thấy lock file cũ -> phiên chạy trước (nếu có) đã thoát sạch.
2026-08-17 10:01:39,009 - [main] - INFO - Watchdog initialized. PID=11288 log_file=c:\Users\automation02\Desktop\GUI\Strike_Machine\GUI_Strike_Machine\sm_crash.log

===== [loading] Process start: PID=17056 at 2026-08-17 10:01:39.312950 =====
2026-08-17 10:01:39,313 - [loading] - INFO - Không tìm thấy lock file cũ -> phiên chạy trước (nếu có) đã thoát sạch.
2026-08-17 10:01:39,314 - [loading] - INFO - Watchdog initialized. PID=17056 log_file=c:\Users\automation02\Desktop\GUI\Strike_Machine\GUI_Strike_Machine\sm_crash.log
Windows fatal exception: code 0x8001010d

Current thread 0x000040fc (most recent call first):
  File "c:\Users\automation02\Desktop\GUI\Strike_Machine\GUI_Strike_Machine\main_edited.py", line 149 in <module>

Current thread's C stack trace (most recent call first):
  <cannot get C stack on this system>
2026-08-17 10:01:49,833 - [loading] - INFO - CLEAN_EXIT được đánh dấu. Detail: loading window event loop returned exit_code=0
2026-08-17 10:01:49,856 - [loading] - INFO - CLEAN_EXIT xác nhận qua atexit.
Windows fatal exception: code 0x8001010d

Thread 0x00005a70 [Thread-7 (_fetch)] (most recent call first):
  File "c:\Users\automation02\Desktop\GUI\Strike_Machine\GUI_Strike_Machine\source_edited.py", line 1996 in _fetch
  File "C:\Users\automation02\AppData\Local\Python\pythoncore-3.14-64\Lib\threading.py", line 1024 in run
  File "C:\Users\automation02\AppData\Local\Python\pythoncore-3.14-64\Lib\threading.py", line 1082 in _bootstrap_inner
  File "C:\Users\automation02\AppData\Local\Python\pythoncore-3.14-64\Lib\threading.py", line 1044 in _bootstrap

Current thread 0x000004a4 (most recent call first):
  File "c:\Users\automation02\Desktop\GUI\Strike_Machine\GUI_Strike_Machine\main_edited.py", line 291 in <module>

Current thread's C stack trace (most recent call first):
  <cannot get C stack on this system>
2026-08-17 10:04:39,792 - [main] - INFO - CLEAN_EXIT được đánh dấu. Detail: QApplication.aboutToQuit fired
2026-08-17 10:04:39,792 - [main] - INFO - app.exec() returned exit_code=0
2026-08-17 10:04:39,974 - [main] - INFO - CLEAN_EXIT xác nhận qua atexit.

===== [main] Process start: PID=11968 at 2026-08-17 10:04:41.417718 =====
2026-08-17 10:04:41,418 - [main] - INFO - Không tìm thấy lock file cũ -> phiên chạy trước (nếu có) đã thoát sạch.
2026-08-17 10:04:41,419 - [main] - INFO - Watchdog initialized. PID=11968 log_file=c:\Users\automation02\Desktop\GUI\Strike_Machine\GUI_Strike_Machine\sm_crash.log

===== [loading] Process start: PID=21764 at 2026-08-17 10:04:41.683626 =====
2026-08-17 10:04:41,684 - [loading] - INFO - Không tìm thấy lock file cũ -> phiên chạy trước (nếu có) đã thoát sạch.
2026-08-17 10:04:41,686 - [loading] - INFO - Watchdog initialized. PID=21764 log_file=c:\Users\automation02\Desktop\GUI\Strike_Machine\GUI_Strike_Machine\sm_crash.log
Windows fatal exception: code 0x8001010d

Current thread 0x000048fc (most recent call first):
  File "c:\Users\automation02\Desktop\GUI\Strike_Machine\GUI_Strike_Machine\main_edited.py", line 149 in <module>

Current thread's C stack trace (most recent call first):
  <cannot get C stack on this system>
2026-08-17 10:04:51,554 - [loading] - INFO - CLEAN_EXIT được đánh dấu. Detail: loading window event loop returned exit_code=0
2026-08-17 10:04:51,569 - [loading] - INFO - CLEAN_EXIT xác nhận qua atexit.
Windows fatal exception: code 0x8001010d

Thread 0x000059a4 [Thread-7 (_fetch)] (most recent call first):
  File "c:\Users\automation02\Desktop\GUI\Strike_Machine\GUI_Strike_Machine\source_edited.py", line 1996 in _fetch
  File "C:\Users\automation02\AppData\Local\Python\pythoncore-3.14-64\Lib\threading.py", line 1024 in run
  File "C:\Users\automation02\AppData\Local\Python\pythoncore-3.14-64\Lib\threading.py", line 1082 in _bootstrap_inner
  File "C:\Users\automation02\AppData\Local\Python\pythoncore-3.14-64\Lib\threading.py", line 1044 in _bootstrap

Current thread 0x00004260 (most recent call first):
  File "c:\Users\automation02\Desktop\GUI\Strike_Machine\GUI_Strike_Machine\main_edited.py", line 291 in <module>

Current thread's C stack trace (most recent call first):
  <cannot get C stack on this system>
2026-08-17 10:07:12,209 - [main] - INFO - CLEAN_EXIT được đánh dấu. Detail: QApplication.aboutToQuit fired
2026-08-17 10:07:12,210 - [main] - INFO - app.exec() returned exit_code=0
2026-08-17 10:07:12,406 - [main] - INFO - CLEAN_EXIT xác nhận qua atexit.

===== [main] Process start: PID=15304 at 2026-08-17 10:07:19.113544 =====
2026-08-17 10:07:19,113 - [main] - INFO - Không tìm thấy lock file cũ -> phiên chạy trước (nếu có) đã thoát sạch.
2026-08-17 10:07:19,114 - [main] - INFO - Watchdog initialized. PID=15304 log_file=c:\Users\automation02\Desktop\GUI\Strike_Machine\GUI_Strike_Machine\sm_crash.log

===== [loading] Process start: PID=1580 at 2026-08-17 10:07:19.348686 =====
2026-08-17 10:07:19,349 - [loading] - INFO - Không tìm thấy lock file cũ -> phiên chạy trước (nếu có) đã thoát sạch.
2026-08-17 10:07:19,350 - [loading] - INFO - Watchdog initialized. PID=1580 log_file=c:\Users\automation02\Desktop\GUI\Strike_Machine\GUI_Strike_Machine\sm_crash.log
Windows fatal exception: code 0x8001010d

Current thread 0x000057d8 (most recent call first):
  File "c:\Users\automation02\Desktop\GUI\Strike_Machine\GUI_Strike_Machine\main_edited.py", line 149 in <module>

Current thread's C stack trace (most recent call first):
  <cannot get C stack on this system>
2026-08-17 10:07:27,433 - [loading] - INFO - CLEAN_EXIT được đánh dấu. Detail: loading window event loop returned exit_code=0
2026-08-17 10:07:27,445 - [loading] - INFO - CLEAN_EXIT xác nhận qua atexit.
Windows fatal exception: code 0x8001010d

Thread 0x000010a4 [Thread-7 (_fetch)] (most recent call first):
  File "c:\Users\automation02\Desktop\GUI\Strike_Machine\GUI_Strike_Machine\source_edited.py", line 1996 in _fetch
  File "C:\Users\automation02\AppData\Local\Python\pythoncore-3.14-64\Lib\threading.py", line 1024 in run
  File "C:\Users\automation02\AppData\Local\Python\pythoncore-3.14-64\Lib\threading.py", line 1082 in _bootstrap_inner
  File "C:\Users\automation02\AppData\Local\Python\pythoncore-3.14-64\Lib\threading.py", line 1044 in _bootstrap

Current thread 0x00004268 (most recent call first):
  File "c:\Users\automation02\Desktop\GUI\Strike_Machine\GUI_Strike_Machine\main_edited.py", line 291 in <module>

Current thread's C stack trace (most recent call first):
  <cannot get C stack on this system>
2026-08-17 10:07:59,719 - [main] - INFO - CLEAN_EXIT được đánh dấu. Detail: QApplication.aboutToQuit fired
2026-08-17 10:07:59,719 - [main] - INFO - app.exec() returned exit_code=0
2026-08-17 10:07:59,854 - [main] - INFO - CLEAN_EXIT xác nhận qua atexit.

===== [main] Process start: PID=19396 at 2026-08-17 10:28:04.491146 =====
2026-08-17 10:28:04,491 - [main] - INFO - Không tìm thấy lock file cũ -> phiên chạy trước (nếu có) đã thoát sạch.
2026-08-17 10:28:04,492 - [main] - INFO - Watchdog initialized. PID=19396 log_file=c:\Users\automation02\Desktop\GUI\Strike_Machine\GUI_Strike_Machine\sm_crash.log

===== [loading] Process start: PID=15212 at 2026-08-17 10:28:04.712942 =====
2026-08-17 10:28:04,713 - [loading] - INFO - Không tìm thấy lock file cũ -> phiên chạy trước (nếu có) đã thoát sạch.
2026-08-17 10:28:04,714 - [loading] - INFO - Watchdog initialized. PID=15212 log_file=c:\Users\automation02\Desktop\GUI\Strike_Machine\GUI_Strike_Machine\sm_crash.log
Windows fatal exception: code 0x8001010d

Current thread 0x000034d0 (most recent call first):
  File "c:\Users\automation02\Desktop\GUI\Strike_Machine\GUI_Strike_Machine\main_edited.py", line 149 in <module>

Current thread's C stack trace (most recent call first):
  <cannot get C stack on this system>
2026-08-17 10:28:16,591 - [loading] - INFO - CLEAN_EXIT được đánh dấu. Detail: loading window event loop returned exit_code=0
2026-08-17 10:28:16,609 - [loading] - INFO - CLEAN_EXIT xác nhận qua atexit.
Windows fatal exception: code 0x8001010d

Thread 0x00001078 [Thread-7 (_fetch)] (most recent call first):
  File "c:\Users\automation02\Desktop\GUI\Strike_Machine\GUI_Strike_Machine\source_edited.py", line 1996 in _fetch
  File "C:\Users\automation02\AppData\Local\Python\pythoncore-3.14-64\Lib\threading.py", line 1024 in run
  File "C:\Users\automation02\AppData\Local\Python\pythoncore-3.14-64\Lib\threading.py", line 1082 in _bootstrap_inner
  File "C:\Users\automation02\AppData\Local\Python\pythoncore-3.14-64\Lib\threading.py", line 1044 in _bootstrap

Current thread 0x0000372c (most recent call first):
  File "c:\Users\automation02\Desktop\GUI\Strike_Machine\GUI_Strike_Machine\main_edited.py", line 291 in <module>

Current thread's C stack trace (most recent call first):
  <cannot get C stack on this system>
2026-08-17 10:30:18,987 - [main] - WARNING - OS_SIGNAL nhận được: SIGINT (2) -> app bị yêu cầu tắt từ bên ngoài (Task Manager, kill, logoff, tắt máy...).
2026-08-17 10:30:18,987 - [main] - INFO - CLEAN_EXIT được đánh dấu. Detail: terminated_by_signal=SIGINT

===== [main] Process start: PID=22320 at 2026-08-17 10:30:28.118180 =====
2026-08-17 10:30:28,119 - [main] - WARNING - PREVIOUS_SESSION_DID_NOT_EXIT_CLEANLY -> lần chạy trước có thể đã bị kill cứng (Task Manager 'End task', kill -9, mất điện, treo máy...). Thông tin phiên trước: pid=19396
started_at=2026-08-17T10:28:04.491972

2026-08-17 10:30:28,120 - [main] - INFO - Watchdog initialized. PID=22320 log_file=c:\Users\automation02\Desktop\GUI\Strike_Machine\GUI_Strike_Machine\sm_crash.log

===== [loading] Process start: PID=23180 at 2026-08-17 10:30:28.433575 =====
2026-08-17 10:30:28,434 - [loading] - INFO - Không tìm thấy lock file cũ -> phiên chạy trước (nếu có) đã thoát sạch.
2026-08-17 10:30:28,437 - [loading] - INFO - Watchdog initialized. PID=23180 log_file=c:\Users\automation02\Desktop\GUI\Strike_Machine\GUI_Strike_Machine\sm_crash.log
Windows fatal exception: code 0x8001010d

Current thread 0x00003d7c (most recent call first):
  File "c:\Users\automation02\Desktop\GUI\Strike_Machine\GUI_Strike_Machine\main_edited.py", line 149 in <module>

Current thread's C stack trace (most recent call first):
  <cannot get C stack on this system>
2026-08-17 10:30:42,226 - [loading] - INFO - CLEAN_EXIT được đánh dấu. Detail: loading window event loop returned exit_code=0
2026-08-17 10:30:42,241 - [loading] - INFO - CLEAN_EXIT xác nhận qua atexit.
Windows fatal exception: code 0x8001010d

Thread 0x00003734 [Thread-7 (_fetch)] (most recent call first):
  File "c:\Users\automation02\Desktop\GUI\Strike_Machine\GUI_Strike_Machine\source_edited.py", line 1996 in _fetch
  File "C:\Users\automation02\AppData\Local\Python\pythoncore-3.14-64\Lib\threading.py", line 1024 in run
  File "C:\Users\automation02\AppData\Local\Python\pythoncore-3.14-64\Lib\threading.py", line 1082 in _bootstrap_inner
  File "C:\Users\automation02\AppData\Local\Python\pythoncore-3.14-64\Lib\threading.py", line 1044 in _bootstrap

Current thread 0x00005b88 (most recent call first):
  File "c:\Users\automation02\Desktop\GUI\Strike_Machine\GUI_Strike_Machine\main_edited.py", line 291 in <module>

Current thread's C stack trace (most recent call first):
  <cannot get C stack on this system>
2026-08-17 10:42:01,223 - [main] - INFO - CLEAN_EXIT được đánh dấu. Detail: QApplication.aboutToQuit fired
2026-08-17 10:42:01,223 - [main] - INFO - app.exec() returned exit_code=0
2026-08-17 10:42:01,346 - [main] - INFO - CLEAN_EXIT xác nhận qua atexit.

===== [main] Process start: PID=23012 at 2026-08-17 10:43:15.473814 =====
2026-08-17 10:43:15,474 - [main] - INFO - Không tìm thấy lock file cũ -> phiên chạy trước (nếu có) đã thoát sạch.
2026-08-17 10:43:15,475 - [main] - INFO - Watchdog initialized. PID=23012 log_file=c:\Users\automation02\Desktop\GUI\Strike_Machine\GUI_Strike_Machine\sm_crash.log

===== [loading] Process start: PID=14124 at 2026-08-17 10:43:15.724711 =====
2026-08-17 10:43:15,725 - [loading] - INFO - Không tìm thấy lock file cũ -> phiên chạy trước (nếu có) đã thoát sạch.
2026-08-17 10:43:15,726 - [loading] - INFO - Watchdog initialized. PID=14124 log_file=c:\Users\automation02\Desktop\GUI\Strike_Machine\GUI_Strike_Machine\sm_crash.log
Windows fatal exception: code 0x8001010d

Current thread 0x000039fc (most recent call first):
  File "c:\Users\automation02\Desktop\GUI\Strike_Machine\GUI_Strike_Machine\main_edited.py", line 149 in <module>

Current thread's C stack trace (most recent call first):
  <cannot get C stack on this system>
2026-08-17 10:43:25,838 - [loading] - INFO - CLEAN_EXIT được đánh dấu. Detail: loading window event loop returned exit_code=0
2026-08-17 10:43:25,853 - [loading] - INFO - CLEAN_EXIT xác nhận qua atexit.
Windows fatal exception: code 0x8001010d

Thread 0x00003a9c [Thread-7 (_fetch)] (most recent call first):
  File "c:\Users\automation02\Desktop\GUI\Strike_Machine\GUI_Strike_Machine\source_edited.py", line 1995 in _fetch
  File "C:\Users\automation02\AppData\Local\Python\pythoncore-3.14-64\Lib\threading.py", line 1024 in run
  File "C:\Users\automation02\AppData\Local\Python\pythoncore-3.14-64\Lib\threading.py", line 1082 in _bootstrap_inner
  File "C:\Users\automation02\AppData\Local\Python\pythoncore-3.14-64\Lib\threading.py", line 1044 in _bootstrap

Current thread 0x00000904 (most recent call first):
  File "c:\Users\automation02\Desktop\GUI\Strike_Machine\GUI_Strike_Machine\main_edited.py", line 291 in <module>

Current thread's C stack trace (most recent call first):
  <cannot get C stack on this system>
2026-08-17 10:47:09,123 - [main] - INFO - CLEAN_EXIT được đánh dấu. Detail: QApplication.aboutToQuit fired
2026-08-17 10:47:09,123 - [main] - INFO - app.exec() returned exit_code=0
2026-08-17 10:47:09,397 - [main] - INFO - CLEAN_EXIT xác nhận qua atexit.

===== [main] Process start: PID=19976 at 2026-08-17 10:47:12.862345 =====
2026-08-17 10:47:12,862 - [main] - INFO - Không tìm thấy lock file cũ -> phiên chạy trước (nếu có) đã thoát sạch.
2026-08-17 10:47:12,863 - [main] - INFO - Watchdog initialized. PID=19976 log_file=c:\Users\automation02\Desktop\GUI\Strike_Machine\GUI_Strike_Machine\sm_crash.log

===== [loading] Process start: PID=21512 at 2026-08-17 10:47:13.136789 =====
2026-08-17 10:47:13,137 - [loading] - INFO - Không tìm thấy lock file cũ -> phiên chạy trước (nếu có) đã thoát sạch.
2026-08-17 10:47:13,139 - [loading] - INFO - Watchdog initialized. PID=21512 log_file=c:\Users\automation02\Desktop\GUI\Strike_Machine\GUI_Strike_Machine\sm_crash.log
Windows fatal exception: code 0x8001010d

Current thread 0x000029ac (most recent call first):
  File "c:\Users\automation02\Desktop\GUI\Strike_Machine\GUI_Strike_Machine\main_edited.py", line 149 in <module>

Current thread's C stack trace (most recent call first):
  <cannot get C stack on this system>
2026-08-17 10:47:22,319 - [loading] - INFO - CLEAN_EXIT được đánh dấu. Detail: loading window event loop returned exit_code=0
2026-08-17 10:47:22,335 - [loading] - INFO - CLEAN_EXIT xác nhận qua atexit.
Windows fatal exception: code 0x8001010d

Thread 0x00005a64 [QThread] (most recent call first):
  File "C:\Users\automation02\Desktop\GUI\Strike_Machine\GUI_Strike_Machine\.venv\Lib\site-packages\snap7\connection.py", line 458 in _recv_exact
  File "C:\Users\automation02\Desktop\GUI\Strike_Machine\GUI_Strike_Machine\.venv\Lib\site-packages\snap7\connection.py", line 204 in receive_data
  File "C:\Users\automation02\Desktop\GUI\Strike_Machine\GUI_Strike_Machine\.venv\Lib\site-packages\snap7\client.py", line 404 in _send_receive
  File "C:\Users\automation02\Desktop\GUI\Strike_Machine\GUI_Strike_Machine\.venv\Lib\site-packages\snap7\client.py", line 434 in _send_receive_with_reconnect
  File "C:\Users\automation02\Desktop\GUI\Strike_Machine\GUI_Strike_Machine\.venv\Lib\site-packages\snap7\client.py", line 987 in read_area
  File "C:\Users\automation02\Desktop\GUI\Strike_Machine\GUI_Strike_Machine\.venv\Lib\site-packages\snap7\client.py", line 867 in db_read
  File "c:\Users\automation02\Desktop\GUI\Strike_Machine\GUI_Strike_Machine\PLC_READ_MODULE.py", line 256 in _poll

Thread 0x00002188 [Thread-7 (_fetch)] (most recent call first):
  File "c:\Users\automation02\Desktop\GUI\Strike_Machine\GUI_Strike_Machine\source_edited.py", line 1995 in _fetch
  File "C:\Users\automation02\AppData\Local\Python\pythoncore-3.14-64\Lib\threading.py", line 1024 in run
  File "C:\Users\automation02\AppData\Local\Python\pythoncore-3.14-64\Lib\threading.py", line 1082 in _bootstrap_inner
  File "C:\Users\automation02\AppData\Local\Python\pythoncore-3.14-64\Lib\threading.py", line 1044 in _bootstrap

Current thread 0x00000bc4 (most recent call first):
  File "c:\Users\automation02\Desktop\GUI\Strike_Machine\GUI_Strike_Machine\main_edited.py", line 291 in <module>

Current thread's C stack trace (most recent call first):
  <cannot get C stack on this system>
2026-08-17 10:47:45,964 - [main] - INFO - CLEAN_EXIT được đánh dấu. Detail: QApplication.aboutToQuit fired
2026-08-17 10:47:45,964 - [main] - INFO - app.exec() returned exit_code=0
2026-08-17 10:47:46,116 - [main] - INFO - CLEAN_EXIT xác nhận qua atexit.

===== [main] Process start: PID=16776 at 2026-08-17 10:48:41.278951 =====
2026-08-17 10:48:41,279 - [main] - INFO - Không tìm thấy lock file cũ -> phiên chạy trước (nếu có) đã thoát sạch.
2026-08-17 10:48:41,279 - [main] - INFO - Watchdog initialized. PID=16776 log_file=c:\Users\automation02\Desktop\GUI\Strike_Machine\GUI_Strike_Machine\sm_crash.log

===== [loading] Process start: PID=15452 at 2026-08-17 10:48:41.484139 =====
2026-08-17 10:48:41,484 - [loading] - INFO - Không tìm thấy lock file cũ -> phiên chạy trước (nếu có) đã thoát sạch.
2026-08-17 10:48:41,485 - [loading] - INFO - Watchdog initialized. PID=15452 log_file=c:\Users\automation02\Desktop\GUI\Strike_Machine\GUI_Strike_Machine\sm_crash.log
Windows fatal exception: code 0x8001010d

Current thread 0x00003d40 (most recent call first):
  File "c:\Users\automation02\Desktop\GUI\Strike_Machine\GUI_Strike_Machine\main_edited.py", line 149 in <module>

Current thread's C stack trace (most recent call first):
  <cannot get C stack on this system>
2026-08-17 10:48:49,675 - [loading] - INFO - CLEAN_EXIT được đánh dấu. Detail: loading window event loop returned exit_code=0
2026-08-17 10:48:49,684 - [loading] - INFO - CLEAN_EXIT xác nhận qua atexit.
Windows fatal exception: code 0x8001010d

Thread 0x00002c10 [Thread-7 (_fetch)] (most recent call first):
  File "c:\Users\automation02\Desktop\GUI\Strike_Machine\GUI_Strike_Machine\source_edited.py", line 1995 in _fetch
  File "C:\Users\automation02\AppData\Local\Python\pythoncore-3.14-64\Lib\threading.py", line 1024 in run
  File "C:\Users\automation02\AppData\Local\Python\pythoncore-3.14-64\Lib\threading.py", line 1082 in _bootstrap_inner
  File "C:\Users\automation02\AppData\Local\Python\pythoncore-3.14-64\Lib\threading.py", line 1044 in _bootstrap

Current thread 0x000058b0 (most recent call first):
  File "c:\Users\automation02\Desktop\GUI\Strike_Machine\GUI_Strike_Machine\main_edited.py", line 291 in <module>

Current thread's C stack trace (most recent call first):
  <cannot get C stack on this system>
2026-08-17 10:50:05,760 - [main] - INFO - CLEAN_EXIT được đánh dấu. Detail: QApplication.aboutToQuit fired
2026-08-17 10:50:05,762 - [main] - INFO - app.exec() returned exit_code=0
2026-08-17 10:50:05,948 - [main] - INFO - CLEAN_EXIT xác nhận qua atexit.

===== [main] Process start: PID=16744 at 2026-08-17 11:04:56.306613 =====
2026-08-17 11:04:56,307 - [main] - INFO - Không tìm thấy lock file cũ -> phiên chạy trước (nếu có) đã thoát sạch.
2026-08-17 11:04:56,307 - [main] - INFO - Watchdog initialized. PID=16744 log_file=c:\Users\automation02\Desktop\GUI\Strike_Machine\GUI_Strike_Machine\sm_crash.log

===== [loading] Process start: PID=11960 at 2026-08-17 11:04:56.545624 =====
2026-08-17 11:04:56,545 - [loading] - INFO - Không tìm thấy lock file cũ -> phiên chạy trước (nếu có) đã thoát sạch.
2026-08-17 11:04:56,546 - [loading] - INFO - Watchdog initialized. PID=11960 log_file=c:\Users\automation02\Desktop\GUI\Strike_Machine\GUI_Strike_Machine\sm_crash.log
Windows fatal exception: code 0x8001010d

Current thread 0x000057c4 (most recent call first):
  File "c:\Users\automation02\Desktop\GUI\Strike_Machine\GUI_Strike_Machine\main_edited.py", line 149 in <module>

Current thread's C stack trace (most recent call first):
  <cannot get C stack on this system>
2026-08-17 11:05:05,901 - [loading] - INFO - CLEAN_EXIT được đánh dấu. Detail: loading window event loop returned exit_code=0
2026-08-17 11:05:05,907 - [loading] - INFO - CLEAN_EXIT xác nhận qua atexit.
Windows fatal exception: code 0x8001010d

Thread 0x000057b8 [QThread] (most recent call first):
  File "C:\Users\automation02\Desktop\GUI\Strike_Machine\GUI_Strike_Machine\.venv\Lib\site-packages\snap7\connection.py", line 458 in _recv_exact
  File "C:\Users\automation02\Desktop\GUI\Strike_Machine\GUI_Strike_Machine\.venv\Lib\site-packages\snap7\connection.py", line 204 in receive_data
  File "C:\Users\automation02\Desktop\GUI\Strike_Machine\GUI_Strike_Machine\.venv\Lib\site-packages\snap7\client.py", line 404 in _send_receive
  File "C:\Users\automation02\Desktop\GUI\Strike_Machine\GUI_Strike_Machine\.venv\Lib\site-packages\snap7\client.py", line 434 in _send_receive_with_reconnect
  File "C:\Users\automation02\Desktop\GUI\Strike_Machine\GUI_Strike_Machine\.venv\Lib\site-packages\snap7\client.py", line 987 in read_area
  File "C:\Users\automation02\Desktop\GUI\Strike_Machine\GUI_Strike_Machine\.venv\Lib\site-packages\snap7\client.py", line 867 in db_read
  File "c:\Users\automation02\Desktop\GUI\Strike_Machine\GUI_Strike_Machine\PLC_READ_MODULE.py", line 256 in _poll

Thread 0x00005b58 [Thread-7 (_fetch)] (most recent call first):
  File "c:\Users\automation02\Desktop\GUI\Strike_Machine\GUI_Strike_Machine\source_edited.py", line 1986 in _fetch
  File "C:\Users\automation02\AppData\Local\Python\pythoncore-3.14-64\Lib\threading.py", line 1024 in run
  File "C:\Users\automation02\AppData\Local\Python\pythoncore-3.14-64\Lib\threading.py", line 1082 in _bootstrap_inner
  File "C:\Users\automation02\AppData\Local\Python\pythoncore-3.14-64\Lib\threading.py", line 1044 in _bootstrap

Current thread 0x00005674 (most recent call first):
  File "c:\Users\automation02\Desktop\GUI\Strike_Machine\GUI_Strike_Machine\main_edited.py", line 291 in <module>

Current thread's C stack trace (most recent call first):
  <cannot get C stack on this system>
2026-08-17 11:06:04,069 - [main] - INFO - CLEAN_EXIT được đánh dấu. Detail: QApplication.aboutToQuit fired
2026-08-17 11:06:04,070 - [main] - INFO - app.exec() returned exit_code=0
2026-08-17 11:06:04,338 - [main] - INFO - CLEAN_EXIT xác nhận qua atexit.

===== [main] Process start: PID=21760 at 2026-08-17 11:06:06.671940 =====
2026-08-17 11:06:06,672 - [main] - INFO - Không tìm thấy lock file cũ -> phiên chạy trước (nếu có) đã thoát sạch.
2026-08-17 11:06:06,674 - [main] - INFO - Watchdog initialized. PID=21760 log_file=c:\Users\automation02\Desktop\GUI\Strike_Machine\GUI_Strike_Machine\sm_crash.log

===== [loading] Process start: PID=3384 at 2026-08-17 11:06:06.902376 =====
2026-08-17 11:06:06,902 - [loading] - INFO - Không tìm thấy lock file cũ -> phiên chạy trước (nếu có) đã thoát sạch.
2026-08-17 11:06:06,903 - [loading] - INFO - Watchdog initialized. PID=3384 log_file=c:\Users\automation02\Desktop\GUI\Strike_Machine\GUI_Strike_Machine\sm_crash.log
Windows fatal exception: code 0x8001010d

Current thread 0x00003704 (most recent call first):
  File "c:\Users\automation02\Desktop\GUI\Strike_Machine\GUI_Strike_Machine\main_edited.py", line 149 in <module>

Current thread's C stack trace (most recent call first):
  <cannot get C stack on this system>
2026-08-17 11:06:18,156 - [loading] - INFO - CLEAN_EXIT được đánh dấu. Detail: loading window event loop returned exit_code=0
2026-08-17 11:06:18,168 - [loading] - INFO - CLEAN_EXIT xác nhận qua atexit.
Windows fatal exception: code 0x8001010d

Thread 0x00002a0c [QThread] (most recent call first):
  File "C:\Users\automation02\Desktop\GUI\Strike_Machine\GUI_Strike_Machine\.venv\Lib\site-packages\snap7\connection.py", line 458 in _recv_exact
  File "C:\Users\automation02\Desktop\GUI\Strike_Machine\GUI_Strike_Machine\.venv\Lib\site-packages\snap7\connection.py", line 204 in receive_data
  File "C:\Users\automation02\Desktop\GUI\Strike_Machine\GUI_Strike_Machine\.venv\Lib\site-packages\snap7\client.py", line 404 in _send_receive
  File "C:\Users\automation02\Desktop\GUI\Strike_Machine\GUI_Strike_Machine\.venv\Lib\site-packages\snap7\client.py", line 434 in _send_receive_with_reconnect
  File "C:\Users\automation02\Desktop\GUI\Strike_Machine\GUI_Strike_Machine\.venv\Lib\site-packages\snap7\client.py", line 987 in read_area
  File "C:\Users\automation02\Desktop\GUI\Strike_Machine\GUI_Strike_Machine\.venv\Lib\site-packages\snap7\client.py", line 867 in db_read
  File "c:\Users\automation02\Desktop\GUI\Strike_Machine\GUI_Strike_Machine\PLC_READ_MODULE.py", line 256 in _poll

Thread 0x00001370 [Thread-7 (_fetch)] (most recent call first):
  File "c:\Users\automation02\Desktop\GUI\Strike_Machine\GUI_Strike_Machine\source_edited.py", line 1996 in _fetch
  File "C:\Users\automation02\AppData\Local\Python\pythoncore-3.14-64\Lib\threading.py", line 1024 in run
  File "C:\Users\automation02\AppData\Local\Python\pythoncore-3.14-64\Lib\threading.py", line 1082 in _bootstrap_inner
  File "C:\Users\automation02\AppData\Local\Python\pythoncore-3.14-64\Lib\threading.py", line 1044 in _bootstrap

Current thread 0x00004604 (most recent call first):
  File "c:\Users\automation02\Desktop\GUI\Strike_Machine\GUI_Strike_Machine\main_edited.py", line 291 in <module>

Current thread's C stack trace (most recent call first):
  <cannot get C stack on this system>
2026-08-17 11:07:57,565 - [main] - INFO - CLEAN_EXIT được đánh dấu. Detail: QApplication.aboutToQuit fired
2026-08-17 11:07:57,566 - [main] - INFO - app.exec() returned exit_code=0
2026-08-17 11:07:57,742 - [main] - INFO - CLEAN_EXIT xác nhận qua atexit.

===== [main] Process start: PID=22896 at 2026-08-17 11:07:59.437348 =====
2026-08-17 11:07:59,438 - [main] - INFO - Không tìm thấy lock file cũ -> phiên chạy trước (nếu có) đã thoát sạch.
2026-08-17 11:07:59,440 - [main] - INFO - Watchdog initialized. PID=22896 log_file=c:\Users\automation02\Desktop\GUI\Strike_Machine\GUI_Strike_Machine\sm_crash.log

===== [loading] Process start: PID=5940 at 2026-08-17 11:07:59.784829 =====
2026-08-17 11:07:59,785 - [loading] - INFO - Không tìm thấy lock file cũ -> phiên chạy trước (nếu có) đã thoát sạch.
2026-08-17 11:07:59,786 - [loading] - INFO - Watchdog initialized. PID=5940 log_file=c:\Users\automation02\Desktop\GUI\Strike_Machine\GUI_Strike_Machine\sm_crash.log
Windows fatal exception: code 0x8001010d

Current thread 0x00002088 (most recent call first):
  File "c:\Users\automation02\Desktop\GUI\Strike_Machine\GUI_Strike_Machine\main_edited.py", line 149 in <module>

Current thread's C stack trace (most recent call first):
  <cannot get C stack on this system>
2026-08-17 11:08:07,725 - [loading] - INFO - CLEAN_EXIT được đánh dấu. Detail: loading window event loop returned exit_code=0
2026-08-17 11:08:07,747 - [loading] - INFO - CLEAN_EXIT xác nhận qua atexit.
Windows fatal exception: code 0x8001010d

Thread 0x00005b08 [Thread-7 (_fetch)] (most recent call first):
  File "c:\Users\automation02\Desktop\GUI\Strike_Machine\GUI_Strike_Machine\source_edited.py", line 1996 in _fetch
  File "C:\Users\automation02\AppData\Local\Python\pythoncore-3.14-64\Lib\threading.py", line 1024 in run
  File "C:\Users\automation02\AppData\Local\Python\pythoncore-3.14-64\Lib\threading.py", line 1082 in _bootstrap_inner
  File "C:\Users\automation02\AppData\Local\Python\pythoncore-3.14-64\Lib\threading.py", line 1044 in _bootstrap

Current thread 0x00000280 (most recent call first):
  File "c:\Users\automation02\Desktop\GUI\Strike_Machine\GUI_Strike_Machine\main_edited.py", line 291 in <module>

Current thread's C stack trace (most recent call first):
  <cannot get C stack on this system>
2026-08-17 11:10:32,497 - [main] - INFO - CLEAN_EXIT được đánh dấu. Detail: QApplication.aboutToQuit fired
2026-08-17 11:10:32,497 - [main] - INFO - app.exec() returned exit_code=0
2026-08-17 11:10:32,600 - [main] - INFO - CLEAN_EXIT xác nhận qua atexit.

===== [main] Process start: PID=13804 at 2026-08-17 11:15:07.059237 =====
2026-08-17 11:15:07,059 - [main] - INFO - Không tìm thấy lock file cũ -> phiên chạy trước (nếu có) đã thoát sạch.
2026-08-17 11:15:07,060 - [main] - INFO - Watchdog initialized. PID=13804 log_file=c:\Users\automation02\Desktop\GUI\Strike_Machine\GUI_Strike_Machine\sm_crash.log

===== [loading] Process start: PID=23344 at 2026-08-17 11:15:07.295862 =====
2026-08-17 11:15:07,296 - [loading] - INFO - Không tìm thấy lock file cũ -> phiên chạy trước (nếu có) đã thoát sạch.
2026-08-17 11:15:07,298 - [loading] - INFO - Watchdog initialized. PID=23344 log_file=c:\Users\automation02\Desktop\GUI\Strike_Machine\GUI_Strike_Machine\sm_crash.log
Windows fatal exception: code 0x8001010d

Current thread 0x000056e0 (most recent call first):
  File "c:\Users\automation02\Desktop\GUI\Strike_Machine\GUI_Strike_Machine\main_edited.py", line 149 in <module>

Current thread's C stack trace (most recent call first):
  <cannot get C stack on this system>
2026-08-17 11:15:16,138 - [loading] - INFO - CLEAN_EXIT được đánh dấu. Detail: loading window event loop returned exit_code=0
2026-08-17 11:15:16,146 - [loading] - INFO - CLEAN_EXIT xác nhận qua atexit.
Windows fatal exception: code 0x8001010d

Thread 0x000059fc [Thread-7 (_fetch)] (most recent call first):
  File "c:\Users\automation02\Desktop\GUI\Strike_Machine\GUI_Strike_Machine\source_edited.py", line 1986 in _fetch
  File "C:\Users\automation02\AppData\Local\Python\pythoncore-3.14-64\Lib\threading.py", line 1024 in run
  File "C:\Users\automation02\AppData\Local\Python\pythoncore-3.14-64\Lib\threading.py", line 1082 in _bootstrap_inner
  File "C:\Users\automation02\AppData\Local\Python\pythoncore-3.14-64\Lib\threading.py", line 1044 in _bootstrap

Current thread 0x00000ae0 (most recent call first):
  File "c:\Users\automation02\Desktop\GUI\Strike_Machine\GUI_Strike_Machine\main_edited.py", line 291 in <module>

Current thread's C stack trace (most recent call first):
  <cannot get C stack on this system>
2026-08-17 11:16:59,152 - [main] - INFO - CLEAN_EXIT được đánh dấu. Detail: QApplication.aboutToQuit fired
2026-08-17 11:16:59,153 - [main] - INFO - app.exec() returned exit_code=0
2026-08-17 11:16:59,323 - [main] - INFO - CLEAN_EXIT xác nhận qua atexit.

===== [main] Process start: PID=4232 at 2026-08-17 11:17:01.177243 =====
2026-08-17 11:17:01,177 - [main] - INFO - Không tìm thấy lock file cũ -> phiên chạy trước (nếu có) đã thoát sạch.
2026-08-17 11:17:01,179 - [main] - INFO - Watchdog initialized. PID=4232 log_file=c:\Users\automation02\Desktop\GUI\Strike_Machine\GUI_Strike_Machine\sm_crash.log

===== [loading] Process start: PID=6984 at 2026-08-17 11:17:01.450923 =====
2026-08-17 11:17:01,451 - [loading] - INFO - Không tìm thấy lock file cũ -> phiên chạy trước (nếu có) đã thoát sạch.
2026-08-17 11:17:01,452 - [loading] - INFO - Watchdog initialized. PID=6984 log_file=c:\Users\automation02\Desktop\GUI\Strike_Machine\GUI_Strike_Machine\sm_crash.log
Windows fatal exception: code 0x8001010d

Current thread 0x00005a14 (most recent call first):
  File "c:\Users\automation02\Desktop\GUI\Strike_Machine\GUI_Strike_Machine\main_edited.py", line 149 in <module>

Current thread's C stack trace (most recent call first):
  <cannot get C stack on this system>
2026-08-17 11:17:11,074 - [loading] - INFO - CLEAN_EXIT được đánh dấu. Detail: loading window event loop returned exit_code=0
2026-08-17 11:17:11,090 - [loading] - INFO - CLEAN_EXIT xác nhận qua atexit.
Windows fatal exception: code 0x8001010d

Thread 0x00001774 [Thread-7 (_fetch)] (most recent call first):
  File "c:\Users\automation02\Desktop\GUI\Strike_Machine\GUI_Strike_Machine\source_edited.py", line 1996 in _fetch
  File "C:\Users\automation02\AppData\Local\Python\pythoncore-3.14-64\Lib\threading.py", line 1024 in run
  File "C:\Users\automation02\AppData\Local\Python\pythoncore-3.14-64\Lib\threading.py", line 1082 in _bootstrap_inner
  File "C:\Users\automation02\AppData\Local\Python\pythoncore-3.14-64\Lib\threading.py", line 1044 in _bootstrap

Current thread 0x000057b8 (most recent call first):
  File "c:\Users\automation02\Desktop\GUI\Strike_Machine\GUI_Strike_Machine\main_edited.py", line 291 in <module>

Current thread's C stack trace (most recent call first):
  <cannot get C stack on this system>
2026-08-17 11:17:55,761 - [main] - INFO - CLEAN_EXIT được đánh dấu. Detail: QApplication.aboutToQuit fired
2026-08-17 11:17:55,761 - [main] - INFO - app.exec() returned exit_code=0
2026-08-17 11:17:55,933 - [main] - INFO - CLEAN_EXIT xác nhận qua atexit.

===== [main] Process start: PID=23084 at 2026-08-17 11:17:58.535881 =====
2026-08-17 11:17:58,536 - [main] - INFO - Không tìm thấy lock file cũ -> phiên chạy trước (nếu có) đã thoát sạch.
2026-08-17 11:17:58,538 - [main] - INFO - Watchdog initialized. PID=23084 log_file=c:\Users\automation02\Desktop\GUI\Strike_Machine\GUI_Strike_Machine\sm_crash.log

===== [loading] Process start: PID=14564 at 2026-08-17 11:17:58.781968 =====
2026-08-17 11:17:58,782 - [loading] - INFO - Không tìm thấy lock file cũ -> phiên chạy trước (nếu có) đã thoát sạch.
2026-08-17 11:17:58,783 - [loading] - INFO - Watchdog initialized. PID=14564 log_file=c:\Users\automation02\Desktop\GUI\Strike_Machine\GUI_Strike_Machine\sm_crash.log
Windows fatal exception: code 0x8001010d

Current thread 0x00003ef8 (most recent call first):
  File "c:\Users\automation02\Desktop\GUI\Strike_Machine\GUI_Strike_Machine\main_edited.py", line 149 in <module>

Current thread's C stack trace (most recent call first):
  <cannot get C stack on this system>
2026-08-17 11:18:07,239 - [loading] - INFO - CLEAN_EXIT được đánh dấu. Detail: loading window event loop returned exit_code=0
2026-08-17 11:18:07,257 - [loading] - INFO - CLEAN_EXIT xác nhận qua atexit.
Windows fatal exception: code 0x8001010d

Thread 0x00004960 [QThread] (most recent call first):
  File "C:\Users\automation02\Desktop\GUI\Strike_Machine\GUI_Strike_Machine\.venv\Lib\site-packages\snap7\connection.py", line 458 in _recv_exact
  File "C:\Users\automation02\Desktop\GUI\Strike_Machine\GUI_Strike_Machine\.venv\Lib\site-packages\snap7\connection.py", line 204 in receive_data
  File "C:\Users\automation02\Desktop\GUI\Strike_Machine\GUI_Strike_Machine\.venv\Lib\site-packages\snap7\client.py", line 404 in _send_receive
  File "C:\Users\automation02\Desktop\GUI\Strike_Machine\GUI_Strike_Machine\.venv\Lib\site-packages\snap7\client.py", line 434 in _send_receive_with_reconnect
  File "C:\Users\automation02\Desktop\GUI\Strike_Machine\GUI_Strike_Machine\.venv\Lib\site-packages\snap7\client.py", line 987 in read_area
  File "C:\Users\automation02\Desktop\GUI\Strike_Machine\GUI_Strike_Machine\.venv\Lib\site-packages\snap7\client.py", line 867 in db_read
  File "c:\Users\automation02\Desktop\GUI\Strike_Machine\GUI_Strike_Machine\PLC_READ_MODULE.py", line 256 in _poll

Thread 0x00000ac0 [Thread-7 (_fetch)] (most recent call first):
  File "c:\Users\automation02\Desktop\GUI\Strike_Machine\GUI_Strike_Machine\source_edited.py", line 1996 in _fetch
  File "C:\Users\automation02\AppData\Local\Python\pythoncore-3.14-64\Lib\threading.py", line 1024 in run
  File "C:\Users\automation02\AppData\Local\Python\pythoncore-3.14-64\Lib\threading.py", line 1082 in _bootstrap_inner
  File "C:\Users\automation02\AppData\Local\Python\pythoncore-3.14-64\Lib\threading.py", line 1044 in _bootstrap

Current thread 0x0000559c (most recent call first):
  File "c:\Users\automation02\Desktop\GUI\Strike_Machine\GUI_Strike_Machine\main_edited.py", line 291 in <module>

Current thread's C stack trace (most recent call first):
  <cannot get C stack on this system>
2026-08-17 11:18:29,447 - [main] - INFO - CLEAN_EXIT được đánh dấu. Detail: QApplication.aboutToQuit fired
2026-08-17 11:18:29,448 - [main] - INFO - app.exec() returned exit_code=0
2026-08-17 11:18:29,614 - [main] - INFO - CLEAN_EXIT xác nhận qua atexit.

===== [main] Process start: PID=23100 at 2026-08-17 11:21:12.464624 =====
2026-08-17 11:21:12,465 - [main] - INFO - Không tìm thấy lock file cũ -> phiên chạy trước (nếu có) đã thoát sạch.
2026-08-17 11:21:12,465 - [main] - INFO - Watchdog initialized. PID=23100 log_file=c:\Users\automation02\Desktop\GUI\Strike_Machine\GUI_Strike_Machine\sm_crash.log

===== [loading] Process start: PID=1884 at 2026-08-17 11:21:12.669451 =====
2026-08-17 11:21:12,669 - [loading] - INFO - Không tìm thấy lock file cũ -> phiên chạy trước (nếu có) đã thoát sạch.
2026-08-17 11:21:12,671 - [loading] - INFO - Watchdog initialized. PID=1884 log_file=c:\Users\automation02\Desktop\GUI\Strike_Machine\GUI_Strike_Machine\sm_crash.log
Windows fatal exception: code 0x8001010d

Current thread 0x00005718 (most recent call first):
  File "c:\Users\automation02\Desktop\GUI\Strike_Machine\GUI_Strike_Machine\main_edited.py", line 149 in <module>

Current thread's C stack trace (most recent call first):
  <cannot get C stack on this system>
2026-08-17 11:21:20,682 - [loading] - INFO - CLEAN_EXIT được đánh dấu. Detail: loading window event loop returned exit_code=0
2026-08-17 11:21:20,696 - [loading] - INFO - CLEAN_EXIT xác nhận qua atexit.
Windows fatal exception: code 0x8001010d

Thread 0x00002ccc [Thread-7 (_fetch)] (most recent call first):
  File "c:\Users\automation02\Desktop\GUI\Strike_Machine\GUI_Strike_Machine\source_edited.py", line 1996 in _fetch
  File "C:\Users\automation02\AppData\Local\Python\pythoncore-3.14-64\Lib\threading.py", line 1024 in run
  File "C:\Users\automation02\AppData\Local\Python\pythoncore-3.14-64\Lib\threading.py", line 1082 in _bootstrap_inner
  File "C:\Users\automation02\AppData\Local\Python\pythoncore-3.14-64\Lib\threading.py", line 1044 in _bootstrap

Current thread 0x0000585c (most recent call first):
  File "c:\Users\automation02\Desktop\GUI\Strike_Machine\GUI_Strike_Machine\main_edited.py", line 291 in <module>

Current thread's C stack trace (most recent call first):
  <cannot get C stack on this system>
2026-08-17 11:21:54,709 - [main] - INFO - CLEAN_EXIT được đánh dấu. Detail: QApplication.aboutToQuit fired
2026-08-17 11:21:54,709 - [main] - INFO - app.exec() returned exit_code=0
2026-08-17 11:21:54,874 - [main] - INFO - CLEAN_EXIT xác nhận qua atexit.

===== [main] Process start: PID=21584 at 2026-08-17 11:21:56.259438 =====
2026-08-17 11:21:56,259 - [main] - INFO - Không tìm thấy lock file cũ -> phiên chạy trước (nếu có) đã thoát sạch.
2026-08-17 11:21:56,260 - [main] - INFO - Watchdog initialized. PID=21584 log_file=c:\Users\automation02\Desktop\GUI\Strike_Machine\GUI_Strike_Machine\sm_crash.log

===== [loading] Process start: PID=20916 at 2026-08-17 11:21:56.512286 =====
2026-08-17 11:21:56,512 - [loading] - INFO - Không tìm thấy lock file cũ -> phiên chạy trước (nếu có) đã thoát sạch.
2026-08-17 11:21:56,513 - [loading] - INFO - Watchdog initialized. PID=20916 log_file=c:\Users\automation02\Desktop\GUI\Strike_Machine\GUI_Strike_Machine\sm_crash.log
Windows fatal exception: code 0x8001010d

Current thread 0x000004b8 (most recent call first):
  File "c:\Users\automation02\Desktop\GUI\Strike_Machine\GUI_Strike_Machine\main_edited.py", line 149 in <module>

Current thread's C stack trace (most recent call first):
  <cannot get C stack on this system>
2026-08-17 11:22:07,586 - [loading] - INFO - CLEAN_EXIT được đánh dấu. Detail: loading window event loop returned exit_code=0
2026-08-17 11:22:07,597 - [loading] - INFO - CLEAN_EXIT xác nhận qua atexit.
Windows fatal exception: code 0x8001010d

Thread 0x000034d0 [Thread-7 (_fetch)] (most recent call first):
  File "c:\Users\automation02\Desktop\GUI\Strike_Machine\GUI_Strike_Machine\source_edited.py", line 1986 in _fetch
  File "C:\Users\automation02\AppData\Local\Python\pythoncore-3.14-64\Lib\threading.py", line 1024 in run
  File "C:\Users\automation02\AppData\Local\Python\pythoncore-3.14-64\Lib\threading.py", line 1082 in _bootstrap_inner
  File "C:\Users\automation02\AppData\Local\Python\pythoncore-3.14-64\Lib\threading.py", line 1044 in _bootstrap

Current thread 0x000035fc (most recent call first):
  File "c:\Users\automation02\Desktop\GUI\Strike_Machine\GUI_Strike_Machine\main_edited.py", line 291 in <module>

Current thread's C stack trace (most recent call first):
  <cannot get C stack on this system>
2026-08-17 11:37:38,383 - [main] - INFO - CLEAN_EXIT được đánh dấu. Detail: QApplication.aboutToQuit fired
2026-08-17 11:37:38,386 - [main] - INFO - app.exec() returned exit_code=0
2026-08-17 11:37:38,579 - [main] - INFO - CLEAN_EXIT xác nhận qua atexit.

===== [main] Process start: PID=15912 at 2026-08-17 11:37:41.259235 =====
2026-08-17 11:37:41,259 - [main] - INFO - Không tìm thấy lock file cũ -> phiên chạy trước (nếu có) đã thoát sạch.
2026-08-17 11:37:41,260 - [main] - INFO - Watchdog initialized. PID=15912 log_file=c:\Users\automation02\Desktop\GUI\Strike_Machine\GUI_Strike_Machine\sm_crash.log

===== [loading] Process start: PID=22684 at 2026-08-17 11:37:41.478841 =====
2026-08-17 11:37:41,479 - [loading] - INFO - Không tìm thấy lock file cũ -> phiên chạy trước (nếu có) đã thoát sạch.
2026-08-17 11:37:41,480 - [loading] - INFO - Watchdog initialized. PID=22684 log_file=c:\Users\automation02\Desktop\GUI\Strike_Machine\GUI_Strike_Machine\sm_crash.log
Windows fatal exception: code 0x8001010d

Current thread 0x000041b4 (most recent call first):
  File "c:\Users\automation02\Desktop\GUI\Strike_Machine\GUI_Strike_Machine\main_edited.py", line 149 in <module>

Current thread's C stack trace (most recent call first):
  <cannot get C stack on this system>
2026-08-17 11:37:55,710 - [loading] - INFO - CLEAN_EXIT được đánh dấu. Detail: loading window event loop returned exit_code=0
2026-08-17 11:37:55,723 - [loading] - INFO - CLEAN_EXIT xác nhận qua atexit.
Windows fatal exception: code 0x8001010d

Thread 0x00005a20 [Thread-7 (_fetch)] (most recent call first):
  File "c:\Users\automation02\Desktop\GUI\Strike_Machine\GUI_Strike_Machine\source_edited.py", line 1996 in _fetch
  File "C:\Users\automation02\AppData\Local\Python\pythoncore-3.14-64\Lib\threading.py", line 1024 in run
  File "C:\Users\automation02\AppData\Local\Python\pythoncore-3.14-64\Lib\threading.py", line 1082 in _bootstrap_inner
  File "C:\Users\automation02\AppData\Local\Python\pythoncore-3.14-64\Lib\threading.py", line 1044 in _bootstrap

Current thread 0x0000391c (most recent call first):
  File "c:\Users\automation02\Desktop\GUI\Strike_Machine\GUI_Strike_Machine\main_edited.py", line 291 in <module>

Current thread's C stack trace (most recent call first):
  <cannot get C stack on this system>
2026-08-17 11:39:15,612 - [main] - INFO - CLEAN_EXIT được đánh dấu. Detail: QApplication.aboutToQuit fired
2026-08-17 11:39:15,613 - [main] - INFO - app.exec() returned exit_code=0
2026-08-17 11:39:15,810 - [main] - INFO - CLEAN_EXIT xác nhận qua atexit.

===== [main] Process start: PID=11164 at 2026-08-17 11:39:17.474987 =====
2026-08-17 11:39:17,475 - [main] - INFO - Không tìm thấy lock file cũ -> phiên chạy trước (nếu có) đã thoát sạch.
2026-08-17 11:39:17,477 - [main] - INFO - Watchdog initialized. PID=11164 log_file=c:\Users\automation02\Desktop\GUI\Strike_Machine\GUI_Strike_Machine\sm_crash.log

===== [loading] Process start: PID=22796 at 2026-08-17 11:39:17.848758 =====
2026-08-17 11:39:17,849 - [loading] - INFO - Không tìm thấy lock file cũ -> phiên chạy trước (nếu có) đã thoát sạch.
2026-08-17 11:39:17,850 - [loading] - INFO - Watchdog initialized. PID=22796 log_file=c:\Users\automation02\Desktop\GUI\Strike_Machine\GUI_Strike_Machine\sm_crash.log
Windows fatal exception: code 0x8001010d

Current thread 0x000029b8 (most recent call first):
  File "c:\Users\automation02\Desktop\GUI\Strike_Machine\GUI_Strike_Machine\main_edited.py", line 149 in <module>

Current thread's C stack trace (most recent call first):
  <cannot get C stack on this system>
2026-08-17 11:39:30,695 - [loading] - INFO - CLEAN_EXIT được đánh dấu. Detail: loading window event loop returned exit_code=0
2026-08-17 11:39:30,704 - [loading] - INFO - CLEAN_EXIT xác nhận qua atexit.
Windows fatal exception: code 0x8001010d

Thread 0x00005dc0 [Thread-7 (_fetch)] (most recent call first):
  File "c:\Users\automation02\Desktop\GUI\Strike_Machine\GUI_Strike_Machine\source_edited.py", line 1996 in _fetch
  File "C:\Users\automation02\AppData\Local\Python\pythoncore-3.14-64\Lib\threading.py", line 1024 in run
  File "C:\Users\automation02\AppData\Local\Python\pythoncore-3.14-64\Lib\threading.py", line 1082 in _bootstrap_inner
  File "C:\Users\automation02\AppData\Local\Python\pythoncore-3.14-64\Lib\threading.py", line 1044 in _bootstrap

Current thread 0x0000472c (most recent call first):
  File "c:\Users\automation02\Desktop\GUI\Strike_Machine\GUI_Strike_Machine\main_edited.py", line 291 in <module>

Current thread's C stack trace (most recent call first):
  <cannot get C stack on this system>
2026-08-17 11:40:31,617 - [main] - INFO - CLEAN_EXIT được đánh dấu. Detail: QApplication.aboutToQuit fired
2026-08-17 11:40:31,617 - [main] - INFO - app.exec() returned exit_code=0
2026-08-17 11:40:31,776 - [main] - INFO - CLEAN_EXIT xác nhận qua atexit.

===== [main] Process start: PID=7496 at 2026-08-17 11:40:33.596554 =====
2026-08-17 11:40:33,597 - [main] - INFO - Không tìm thấy lock file cũ -> phiên chạy trước (nếu có) đã thoát sạch.
2026-08-17 11:40:33,598 - [main] - INFO - Watchdog initialized. PID=7496 log_file=c:\Users\automation02\Desktop\GUI\Strike_Machine\GUI_Strike_Machine\sm_crash.log

===== [loading] Process start: PID=19564 at 2026-08-17 11:40:33.875953 =====
2026-08-17 11:40:33,876 - [loading] - INFO - Không tìm thấy lock file cũ -> phiên chạy trước (nếu có) đã thoát sạch.
2026-08-17 11:40:33,877 - [loading] - INFO - Watchdog initialized. PID=19564 log_file=c:\Users\automation02\Desktop\GUI\Strike_Machine\GUI_Strike_Machine\sm_crash.log
Windows fatal exception: code 0x8001010d

Current thread 0x00001a58 (most recent call first):
  File "c:\Users\automation02\Desktop\GUI\Strike_Machine\GUI_Strike_Machine\main_edited.py", line 149 in <module>

Current thread's C stack trace (most recent call first):
  <cannot get C stack on this system>
2026-08-17 11:40:44,483 - [loading] - INFO - CLEAN_EXIT được đánh dấu. Detail: loading window event loop returned exit_code=0
2026-08-17 11:40:44,496 - [loading] - INFO - CLEAN_EXIT xác nhận qua atexit.
Windows fatal exception: code 0x8001010d

Thread 0x00003a08 [QThread] (most recent call first):
  File "C:\Users\automation02\Desktop\GUI\Strike_Machine\GUI_Strike_Machine\.venv\Lib\site-packages\snap7\connection.py", line 458 in _recv_exact
  File "C:\Users\automation02\Desktop\GUI\Strike_Machine\GUI_Strike_Machine\.venv\Lib\site-packages\snap7\connection.py", line 204 in receive_data
  File "C:\Users\automation02\Desktop\GUI\Strike_Machine\GUI_Strike_Machine\.venv\Lib\site-packages\snap7\client.py", line 404 in _send_receive
  File "C:\Users\automation02\Desktop\GUI\Strike_Machine\GUI_Strike_Machine\.venv\Lib\site-packages\snap7\client.py", line 434 in _send_receive_with_reconnect
  File "C:\Users\automation02\Desktop\GUI\Strike_Machine\GUI_Strike_Machine\.venv\Lib\site-packages\snap7\client.py", line 990 in read_area
  File "C:\Users\automation02\Desktop\GUI\Strike_Machine\GUI_Strike_Machine\.venv\Lib\site-packages\snap7\client.py", line 854 in db_read
  File "c:\Users\automation02\Desktop\GUI\Strike_Machine\GUI_Strike_Machine\PLC_READ_MODULE.py", line 267 in _poll

Thread 0x00004ed4 [Thread-7 (_fetch)] (most recent call first):
  File "c:\Users\automation02\Desktop\GUI\Strike_Machine\GUI_Strike_Machine\source_edited.py", line 1996 in _fetch
  File "C:\Users\automation02\AppData\Local\Python\pythoncore-3.14-64\Lib\threading.py", line 1024 in run
  File "C:\Users\automation02\AppData\Local\Python\pythoncore-3.14-64\Lib\threading.py", line 1082 in _bootstrap_inner
  File "C:\Users\automation02\AppData\Local\Python\pythoncore-3.14-64\Lib\threading.py", line 1044 in _bootstrap

Current thread 0x00004e80 (most recent call first):
  File "c:\Users\automation02\Desktop\GUI\Strike_Machine\GUI_Strike_Machine\main_edited.py", line 291 in <module>

Current thread's C stack trace (most recent call first):
  <cannot get C stack on this system>
2026-08-17 11:43:17,179 - [main] - INFO - CLEAN_EXIT được đánh dấu. Detail: QApplication.aboutToQuit fired
2026-08-17 11:43:17,179 - [main] - INFO - app.exec() returned exit_code=0
2026-08-17 11:43:17,282 - [main] - INFO - CLEAN_EXIT xác nhận qua atexit.

===== [main] Process start: PID=21292 at 2026-08-17 11:48:16.312359 =====
2026-08-17 11:48:16,312 - [main] - INFO - Không tìm thấy lock file cũ -> phiên chạy trước (nếu có) đã thoát sạch.
2026-08-17 11:48:16,313 - [main] - INFO - Watchdog initialized. PID=21292 log_file=c:\Users\automation02\Desktop\GUI\Strike_Machine\GUI_Strike_Machine\sm_crash.log

===== [loading] Process start: PID=21824 at 2026-08-17 11:48:16.513602 =====
2026-08-17 11:48:16,513 - [loading] - INFO - Không tìm thấy lock file cũ -> phiên chạy trước (nếu có) đã thoát sạch.
2026-08-17 11:48:16,514 - [loading] - INFO - Watchdog initialized. PID=21824 log_file=c:\Users\automation02\Desktop\GUI\Strike_Machine\GUI_Strike_Machine\sm_crash.log
Windows fatal exception: code 0x8001010d

Current thread 0x00003f18 (most recent call first):
  File "c:\Users\automation02\Desktop\GUI\Strike_Machine\GUI_Strike_Machine\main_edited.py", line 149 in <module>

Current thread's C stack trace (most recent call first):
  <cannot get C stack on this system>
2026-08-17 11:48:26,138 - [loading] - INFO - CLEAN_EXIT được đánh dấu. Detail: loading window event loop returned exit_code=0
2026-08-17 11:48:26,150 - [loading] - INFO - CLEAN_EXIT xác nhận qua atexit.
Windows fatal exception: code 0x8001010d

Thread 0x00004ed4 [Thread-7 (_fetch)] (most recent call first):
  File "c:\Users\automation02\Desktop\GUI\Strike_Machine\GUI_Strike_Machine\source_edited.py", line 1996 in _fetch
  File "C:\Users\automation02\AppData\Local\Python\pythoncore-3.14-64\Lib\threading.py", line 1024 in run
  File "C:\Users\automation02\AppData\Local\Python\pythoncore-3.14-64\Lib\threading.py", line 1082 in _bootstrap_inner
  File "C:\Users\automation02\AppData\Local\Python\pythoncore-3.14-64\Lib\threading.py", line 1044 in _bootstrap

Current thread 0x00004c4c (most recent call first):
  File "c:\Users\automation02\Desktop\GUI\Strike_Machine\GUI_Strike_Machine\main_edited.py", line 291 in <module>

Current thread's C stack trace (most recent call first):
  <cannot get C stack on this system>
2026-08-17 11:48:38,332 - [main] - INFO - CLEAN_EXIT được đánh dấu. Detail: QApplication.aboutToQuit fired
2026-08-17 11:48:38,333 - [main] - INFO - app.exec() returned exit_code=0
2026-08-17 11:48:38,425 - [main] - INFO - CLEAN_EXIT xác nhận qua atexit.

===== [main] Process start: PID=24036 at 2026-08-17 11:49:29.199086 =====
2026-08-17 11:49:29,199 - [main] - INFO - Không tìm thấy lock file cũ -> phiên chạy trước (nếu có) đã thoát sạch.
2026-08-17 11:49:29,200 - [main] - INFO - Watchdog initialized. PID=24036 log_file=c:\Users\automation02\Desktop\GUI\Strike_Machine\GUI_Strike_Machine\sm_crash.log

===== [loading] Process start: PID=17436 at 2026-08-17 11:49:29.504079 =====
2026-08-17 11:49:29,504 - [loading] - INFO - Không tìm thấy lock file cũ -> phiên chạy trước (nếu có) đã thoát sạch.
2026-08-17 11:49:29,505 - [loading] - INFO - Watchdog initialized. PID=17436 log_file=c:\Users\automation02\Desktop\GUI\Strike_Machine\GUI_Strike_Machine\sm_crash.log
Windows fatal exception: code 0x8001010d

Current thread 0x00005fc8 (most recent call first):
  File "c:\Users\automation02\Desktop\GUI\Strike_Machine\GUI_Strike_Machine\main_edited.py", line 149 in <module>

Current thread's C stack trace (most recent call first):
  <cannot get C stack on this system>
2026-08-17 11:49:37,818 - [loading] - INFO - CLEAN_EXIT được đánh dấu. Detail: loading window event loop returned exit_code=0
2026-08-17 11:49:37,828 - [loading] - INFO - CLEAN_EXIT xác nhận qua atexit.
Windows fatal exception: code 0x8001010d

Thread 0x00005218 [Thread-7 (_fetch)] (most recent call first):
  File "c:\Users\automation02\Desktop\GUI\Strike_Machine\GUI_Strike_Machine\source_edited.py", line 1996 in _fetch
  File "C:\Users\automation02\AppData\Local\Python\pythoncore-3.14-64\Lib\threading.py", line 1024 in run
  File "C:\Users\automation02\AppData\Local\Python\pythoncore-3.14-64\Lib\threading.py", line 1082 in _bootstrap_inner
  File "C:\Users\automation02\AppData\Local\Python\pythoncore-3.14-64\Lib\threading.py", line 1044 in _bootstrap

Current thread 0x00004370 (most recent call first):
  File "c:\Users\automation02\Desktop\GUI\Strike_Machine\GUI_Strike_Machine\main_edited.py", line 291 in <module>

Current thread's C stack trace (most recent call first):
  <cannot get C stack on this system>
2026-08-17 11:50:41,719 - [main] - INFO - CLEAN_EXIT được đánh dấu. Detail: QApplication.aboutToQuit fired
2026-08-17 11:50:41,720 - [main] - INFO - app.exec() returned exit_code=0
2026-08-17 11:50:41,846 - [main] - INFO - CLEAN_EXIT xác nhận qua atexit.

===== [main] Process start: PID=23316 at 2026-08-17 11:54:35.712668 =====
2026-08-17 11:54:35,713 - [main] - INFO - Không tìm thấy lock file cũ -> phiên chạy trước (nếu có) đã thoát sạch.
2026-08-17 11:54:35,715 - [main] - INFO - Watchdog initialized. PID=23316 log_file=c:\Users\automation02\Desktop\GUI\Strike_Machine\GUI_Strike_Machine\sm_crash.log

===== [loading] Process start: PID=15932 at 2026-08-17 11:54:35.974614 =====
2026-08-17 11:54:35,974 - [loading] - INFO - Không tìm thấy lock file cũ -> phiên chạy trước (nếu có) đã thoát sạch.
2026-08-17 11:54:35,976 - [loading] - INFO - Watchdog initialized. PID=15932 log_file=c:\Users\automation02\Desktop\GUI\Strike_Machine\GUI_Strike_Machine\sm_crash.log
Windows fatal exception: code 0x8001010d

Current thread 0x00000b70 (most recent call first):
  File "c:\Users\automation02\Desktop\GUI\Strike_Machine\GUI_Strike_Machine\main_edited.py", line 149 in <module>

Current thread's C stack trace (most recent call first):
  <cannot get C stack on this system>
2026-08-17 11:54:47,347 - [loading] - INFO - CLEAN_EXIT được đánh dấu. Detail: loading window event loop returned exit_code=0
2026-08-17 11:54:47,373 - [loading] - INFO - CLEAN_EXIT xác nhận qua atexit.
Windows fatal exception: code 0x8001010d

Thread 0x00002d2c [Thread-7 (_fetch)] (most recent call first):
  File "c:\Users\automation02\Desktop\GUI\Strike_Machine\GUI_Strike_Machine\source_edited.py", line 1986 in _fetch
  File "C:\Users\automation02\AppData\Local\Python\pythoncore-3.14-64\Lib\threading.py", line 1024 in run
  File "C:\Users\automation02\AppData\Local\Python\pythoncore-3.14-64\Lib\threading.py", line 1082 in _bootstrap_inner
  File "C:\Users\automation02\AppData\Local\Python\pythoncore-3.14-64\Lib\threading.py", line 1044 in _bootstrap

Current thread 0x000050b4 (most recent call first):
  File "c:\Users\automation02\Desktop\GUI\Strike_Machine\GUI_Strike_Machine\main_edited.py", line 291 in <module>

Current thread's C stack trace (most recent call first):
  <cannot get C stack on this system>
2026-08-17 11:55:55,619 - [main] - INFO - CLEAN_EXIT được đánh dấu. Detail: QApplication.aboutToQuit fired
2026-08-17 11:55:55,619 - [main] - INFO - app.exec() returned exit_code=0
2026-08-17 11:55:55,875 - [main] - INFO - CLEAN_EXIT xác nhận qua atexit.

===== [main] Process start: PID=18040 at 2026-08-17 11:55:57.450910 =====
2026-08-17 11:55:57,451 - [main] - INFO - Không tìm thấy lock file cũ -> phiên chạy trước (nếu có) đã thoát sạch.
2026-08-17 11:55:57,452 - [main] - INFO - Watchdog initialized. PID=18040 log_file=c:\Users\automation02\Desktop\GUI\Strike_Machine\GUI_Strike_Machine\sm_crash.log

===== [loading] Process start: PID=14156 at 2026-08-17 11:55:57.671946 =====
2026-08-17 11:55:57,672 - [loading] - INFO - Không tìm thấy lock file cũ -> phiên chạy trước (nếu có) đã thoát sạch.
2026-08-17 11:55:57,673 - [loading] - INFO - Watchdog initialized. PID=14156 log_file=c:\Users\automation02\Desktop\GUI\Strike_Machine\GUI_Strike_Machine\sm_crash.log
Windows fatal exception: code 0x8001010d

Current thread 0x0000531c (most recent call first):
  File "c:\Users\automation02\Desktop\GUI\Strike_Machine\GUI_Strike_Machine\main_edited.py", line 149 in <module>

Current thread's C stack trace (most recent call first):
  <cannot get C stack on this system>
2026-08-17 11:56:33,133 - [loading] - INFO - CLEAN_EXIT được đánh dấu. Detail: loading window event loop returned exit_code=0
2026-08-17 11:56:33,142 - [loading] - INFO - CLEAN_EXIT xác nhận qua atexit.
Windows fatal exception: code 0x8001010d

Thread 0x00005e54 [Thread-7 (_fetch)] (most recent call first):
  File "c:\Users\automation02\Desktop\GUI\Strike_Machine\GUI_Strike_Machine\source_edited.py", line 1996 in _fetch
  File "C:\Users\automation02\AppData\Local\Python\pythoncore-3.14-64\Lib\threading.py", line 1024 in run
  File "C:\Users\automation02\AppData\Local\Python\pythoncore-3.14-64\Lib\threading.py", line 1082 in _bootstrap_inner
  File "C:\Users\automation02\AppData\Local\Python\pythoncore-3.14-64\Lib\threading.py", line 1044 in _bootstrap

Current thread 0x000058a0 (most recent call first):
  File "c:\Users\automation02\Desktop\GUI\Strike_Machine\GUI_Strike_Machine\main_edited.py", line 291 in <module>

Current thread's C stack trace (most recent call first):
  <cannot get C stack on this system>
2026-08-17 11:59:39,563 - [main] - INFO - CLEAN_EXIT được đánh dấu. Detail: QApplication.aboutToQuit fired
2026-08-17 11:59:39,563 - [main] - INFO - app.exec() returned exit_code=0
2026-08-17 11:59:39,741 - [main] - INFO - CLEAN_EXIT xác nhận qua atexit.

===== [main] Process start: PID=6768 at 2026-08-17 11:59:42.297343 =====
2026-08-17 11:59:42,298 - [main] - INFO - Không tìm thấy lock file cũ -> phiên chạy trước (nếu có) đã thoát sạch.
2026-08-17 11:59:42,299 - [main] - INFO - Watchdog initialized. PID=6768 log_file=c:\Users\automation02\Desktop\GUI\Strike_Machine\GUI_Strike_Machine\sm_crash.log

===== [loading] Process start: PID=24240 at 2026-08-17 11:59:42.553574 =====
2026-08-17 11:59:42,553 - [loading] - INFO - Không tìm thấy lock file cũ -> phiên chạy trước (nếu có) đã thoát sạch.
2026-08-17 11:59:42,554 - [loading] - INFO - Watchdog initialized. PID=24240 log_file=c:\Users\automation02\Desktop\GUI\Strike_Machine\GUI_Strike_Machine\sm_crash.log
Windows fatal exception: code 0x8001010d

Current thread 0x00005894 (most recent call first):
  File "c:\Users\automation02\Desktop\GUI\Strike_Machine\GUI_Strike_Machine\main_edited.py", line 149 in <module>

Current thread's C stack trace (most recent call first):
  <cannot get C stack on this system>
2026-08-17 11:59:52,070 - [loading] - INFO - CLEAN_EXIT được đánh dấu. Detail: loading window event loop returned exit_code=0
2026-08-17 11:59:52,083 - [loading] - INFO - CLEAN_EXIT xác nhận qua atexit.
Windows fatal exception: code 0x8001010d

Thread 0x000055d0 [QThread] (most recent call first):
  File "C:\Users\automation02\Desktop\GUI\Strike_Machine\GUI_Strike_Machine\.venv\Lib\site-packages\snap7\connection.py", line 458 in _recv_exact
  File "C:\Users\automation02\Desktop\GUI\Strike_Machine\GUI_Strike_Machine\.venv\Lib\site-packages\snap7\connection.py", line 204 in receive_data
  File "C:\Users\automation02\Desktop\GUI\Strike_Machine\GUI_Strike_Machine\.venv\Lib\site-packages\snap7\client.py", line 404 in _send_receive
  File "C:\Users\automation02\Desktop\GUI\Strike_Machine\GUI_Strike_Machine\.venv\Lib\site-packages\snap7\client.py", line 434 in _send_receive_with_reconnect
  File "C:\Users\automation02\Desktop\GUI\Strike_Machine\GUI_Strike_Machine\.venv\Lib\site-packages\snap7\client.py", line 987 in read_area
  File "C:\Users\automation02\Desktop\GUI\Strike_Machine\GUI_Strike_Machine\.venv\Lib\site-packages\snap7\client.py", line 867 in db_read
  File "c:\Users\automation02\Desktop\GUI\Strike_Machine\GUI_Strike_Machine\PLC_READ_MODULE.py", line 256 in _poll

Thread 0x00003948 [Thread-7 (_fetch)] (most recent call first):
  File "c:\Users\automation02\Desktop\GUI\Strike_Machine\GUI_Strike_Machine\source_edited.py", line 1996 in _fetch
  File "C:\Users\automation02\AppData\Local\Python\pythoncore-3.14-64\Lib\threading.py", line 1024 in run
  File "C:\Users\automation02\AppData\Local\Python\pythoncore-3.14-64\Lib\threading.py", line 1082 in _bootstrap_inner
  File "C:\Users\automation02\AppData\Local\Python\pythoncore-3.14-64\Lib\threading.py", line 1044 in _bootstrap

Current thread 0x00003c04 (most recent call first):
  File "c:\Users\automation02\Desktop\GUI\Strike_Machine\GUI_Strike_Machine\main_edited.py", line 291 in <module>

Current thread's C stack trace (most recent call first):
  <cannot get C stack on this system>
2026-08-17 12:02:43,247 - [main] - INFO - CLEAN_EXIT được đánh dấu. Detail: QApplication.aboutToQuit fired
2026-08-17 12:02:43,248 - [main] - INFO - app.exec() returned exit_code=0
2026-08-17 12:02:43,687 - [main] - INFO - CLEAN_EXIT xác nhận qua atexit.

===== [main] Process start: PID=19804 at 2026-08-17 12:17:22.571672 =====
2026-08-17 12:17:22,572 - [main] - INFO - Không tìm thấy lock file cũ -> phiên chạy trước (nếu có) đã thoát sạch.
2026-08-17 12:17:22,573 - [main] - INFO - Watchdog initialized. PID=19804 log_file=c:\Users\automation02\Desktop\GUI\Strike_Machine\GUI_Strike_Machine\sm_crash.log

===== [loading] Process start: PID=4772 at 2026-08-17 12:17:22.837205 =====
2026-08-17 12:17:22,837 - [loading] - INFO - Không tìm thấy lock file cũ -> phiên chạy trước (nếu có) đã thoát sạch.
2026-08-17 12:17:22,838 - [loading] - INFO - Watchdog initialized. PID=4772 log_file=c:\Users\automation02\Desktop\GUI\Strike_Machine\GUI_Strike_Machine\sm_crash.log
Windows fatal exception: code 0x8001010d

Current thread 0x0000566c (most recent call first):
  File "c:\Users\automation02\Desktop\GUI\Strike_Machine\GUI_Strike_Machine\main_edited.py", line 149 in <module>

Current thread's C stack trace (most recent call first):
  <cannot get C stack on this system>
2026-08-17 12:17:31,077 - [loading] - INFO - CLEAN_EXIT được đánh dấu. Detail: loading window event loop returned exit_code=0
2026-08-17 12:17:31,085 - [loading] - INFO - CLEAN_EXIT xác nhận qua atexit.
Windows fatal exception: code 0x8001010d

Thread 0x00004c74 [Thread-7 (_fetch)] (most recent call first):
  File "c:\Users\automation02\Desktop\GUI\Strike_Machine\GUI_Strike_Machine\source_edited.py", line 1996 in _fetch
  File "C:\Users\automation02\AppData\Local\Python\pythoncore-3.14-64\Lib\threading.py", line 1024 in run
  File "C:\Users\automation02\AppData\Local\Python\pythoncore-3.14-64\Lib\threading.py", line 1082 in _bootstrap_inner
  File "C:\Users\automation02\AppData\Local\Python\pythoncore-3.14-64\Lib\threading.py", line 1044 in _bootstrap

Current thread 0x00005c0c (most recent call first):
  File "c:\Users\automation02\Desktop\GUI\Strike_Machine\GUI_Strike_Machine\main_edited.py", line 291 in <module>

Current thread's C stack trace (most recent call first):
  <cannot get C stack on this system>
2026-08-17 12:31:35,406 - [main] - INFO - CLEAN_EXIT được đánh dấu. Detail: QApplication.aboutToQuit fired
2026-08-17 12:31:35,409 - [main] - INFO - app.exec() returned exit_code=0
2026-08-17 12:31:35,590 - [main] - INFO - CLEAN_EXIT xác nhận qua atexit.

===== [main] Process start: PID=21260 at 2026-08-17 12:31:38.541048 =====
2026-08-17 12:31:38,542 - [main] - INFO - Không tìm thấy lock file cũ -> phiên chạy trước (nếu có) đã thoát sạch.
2026-08-17 12:31:38,543 - [main] - INFO - Watchdog initialized. PID=21260 log_file=c:\Users\automation02\Desktop\GUI\Strike_Machine\GUI_Strike_Machine\sm_crash.log

===== [loading] Process start: PID=4764 at 2026-08-17 12:31:38.773271 =====
2026-08-17 12:31:38,773 - [loading] - INFO - Không tìm thấy lock file cũ -> phiên chạy trước (nếu có) đã thoát sạch.
2026-08-17 12:31:38,774 - [loading] - INFO - Watchdog initialized. PID=4764 log_file=c:\Users\automation02\Desktop\GUI\Strike_Machine\GUI_Strike_Machine\sm_crash.log
Windows fatal exception: code 0x8001010d

Current thread 0x00005afc (most recent call first):
  File "c:\Users\automation02\Desktop\GUI\Strike_Machine\GUI_Strike_Machine\main_edited.py", line 149 in <module>

Current thread's C stack trace (most recent call first):
  <cannot get C stack on this system>
2026-08-17 12:31:51,950 - [loading] - INFO - CLEAN_EXIT được đánh dấu. Detail: loading window event loop returned exit_code=0
2026-08-17 12:31:51,955 - [loading] - INFO - CLEAN_EXIT xác nhận qua atexit.
Windows fatal exception: code 0x8001010d

Thread 0x000031b8 [Thread-7 (_fetch)] (most recent call first):
  File "c:\Users\automation02\Desktop\GUI\Strike_Machine\GUI_Strike_Machine\source_edited.py", line 1986 in _fetch
  File "C:\Users\automation02\AppData\Local\Python\pythoncore-3.14-64\Lib\threading.py", line 1024 in run
  File "C:\Users\automation02\AppData\Local\Python\pythoncore-3.14-64\Lib\threading.py", line 1082 in _bootstrap_inner
  File "C:\Users\automation02\AppData\Local\Python\pythoncore-3.14-64\Lib\threading.py", line 1044 in _bootstrap

Current thread 0x00002f0c (most recent call first):
  File "c:\Users\automation02\Desktop\GUI\Strike_Machine\GUI_Strike_Machine\main_edited.py", line 291 in <module>

Current thread's C stack trace (most recent call first):
  <cannot get C stack on this system>
2026-08-17 12:34:20,436 - [main] - INFO - CLEAN_EXIT được đánh dấu. Detail: QApplication.aboutToQuit fired
2026-08-17 12:34:20,437 - [main] - INFO - app.exec() returned exit_code=0
2026-08-17 12:34:20,540 - [main] - INFO - CLEAN_EXIT xác nhận qua atexit.

===== [main] Process start: PID=22592 at 2026-08-17 12:34:22.285238 =====
2026-08-17 12:34:22,285 - [main] - INFO - Không tìm thấy lock file cũ -> phiên chạy trước (nếu có) đã thoát sạch.
2026-08-17 12:34:22,286 - [main] - INFO - Watchdog initialized. PID=22592 log_file=c:\Users\automation02\Desktop\GUI\Strike_Machine\GUI_Strike_Machine\sm_crash.log

===== [loading] Process start: PID=6624 at 2026-08-17 12:34:22.458640 =====
2026-08-17 12:34:22,458 - [loading] - INFO - Không tìm thấy lock file cũ -> phiên chạy trước (nếu có) đã thoát sạch.
2026-08-17 12:34:22,459 - [loading] - INFO - Watchdog initialized. PID=6624 log_file=c:\Users\automation02\Desktop\GUI\Strike_Machine\GUI_Strike_Machine\sm_crash.log
Windows fatal exception: code 0x8001010d

Current thread 0x00004ea4 (most recent call first):
  File "c:\Users\automation02\Desktop\GUI\Strike_Machine\GUI_Strike_Machine\main_edited.py", line 149 in <module>

Current thread's C stack trace (most recent call first):
  <cannot get C stack on this system>
2026-08-17 12:34:28,883 - [loading] - INFO - CLEAN_EXIT được đánh dấu. Detail: loading window event loop returned exit_code=0
2026-08-17 12:34:28,893 - [loading] - INFO - CLEAN_EXIT xác nhận qua atexit.
Windows fatal exception: code 0x8001010d

Thread 0x00004354 [Thread-7 (_fetch)] (most recent call first):
  File "c:\Users\automation02\Desktop\GUI\Strike_Machine\GUI_Strike_Machine\source_edited.py", line 1996 in _fetch
  File "C:\Users\automation02\AppData\Local\Python\pythoncore-3.14-64\Lib\threading.py", line 1024 in run
  File "C:\Users\automation02\AppData\Local\Python\pythoncore-3.14-64\Lib\threading.py", line 1082 in _bootstrap_inner
  File "C:\Users\automation02\AppData\Local\Python\pythoncore-3.14-64\Lib\threading.py", line 1044 in _bootstrap

Current thread 0x000056ac (most recent call first):
  File "c:\Users\automation02\Desktop\GUI\Strike_Machine\GUI_Strike_Machine\main_edited.py", line 291 in <module>

Current thread's C stack trace (most recent call first):
  <cannot get C stack on this system>
2026-08-17 12:35:42,854 - [main] - INFO - CLEAN_EXIT được đánh dấu. Detail: QApplication.aboutToQuit fired
2026-08-17 12:35:42,855 - [main] - INFO - app.exec() returned exit_code=0
2026-08-17 12:35:43,025 - [main] - INFO - CLEAN_EXIT xác nhận qua atexit.

===== [main] Process start: PID=1880 at 2026-08-17 12:35:44.729105 =====
2026-08-17 12:35:44,729 - [main] - INFO - Không tìm thấy lock file cũ -> phiên chạy trước (nếu có) đã thoát sạch.
2026-08-17 12:35:44,731 - [main] - INFO - Watchdog initialized. PID=1880 log_file=c:\Users\automation02\Desktop\GUI\Strike_Machine\GUI_Strike_Machine\sm_crash.log

===== [loading] Process start: PID=22060 at 2026-08-17 12:35:45.031921 =====
2026-08-17 12:35:45,032 - [loading] - INFO - Không tìm thấy lock file cũ -> phiên chạy trước (nếu có) đã thoát sạch.
2026-08-17 12:35:45,033 - [loading] - INFO - Watchdog initialized. PID=22060 log_file=c:\Users\automation02\Desktop\GUI\Strike_Machine\GUI_Strike_Machine\sm_crash.log
Windows fatal exception: code 0x8001010d

Current thread 0x00002b60 (most recent call first):
  File "c:\Users\automation02\Desktop\GUI\Strike_Machine\GUI_Strike_Machine\main_edited.py", line 149 in <module>

Current thread's C stack trace (most recent call first):
  <cannot get C stack on this system>
2026-08-17 12:35:47,084 - [main] - CRITICAL - STARTUP_EXCEPTION (crash trước khi vào event loop chính):
Traceback (most recent call last):
  File "c:\Users\automation02\Desktop\GUI\Strike_Machine\GUI_Strike_Machine\main_edited.py", line 190, in <module>
    from source_edited            import StrikeMachine
  File "c:\Users\automation02\Desktop\GUI\Strike_Machine\GUI_Strike_Machine\source_edited.py", line 2963
    continue
    ^^^^^^^^
SyntaxError: 'continue' not properly in loop

2026-08-17 12:35:47,086 - [main] - WARNING - Process kết thúc qua atexit nhưng KHÔNG có mark_clean_exit() nào được gọi trước đó -> có thể là crash không rõ nguyên nhân.

===== [main] Process start: PID=22624 at 2026-08-17 12:36:06.969167 =====
2026-08-17 12:36:06,969 - [main] - INFO - Không tìm thấy lock file cũ -> phiên chạy trước (nếu có) đã thoát sạch.
2026-08-17 12:36:06,971 - [main] - INFO - Watchdog initialized. PID=22624 log_file=c:\Users\automation02\Desktop\GUI\Strike_Machine\GUI_Strike_Machine\sm_crash.log

===== [loading] Process start: PID=19780 at 2026-08-17 12:36:07.329538 =====
2026-08-17 12:36:07,351 - [loading] - WARNING - PREVIOUS_SESSION_DID_NOT_EXIT_CLEANLY -> lần chạy trước có thể đã bị kill cứng (Task Manager 'End task', kill -9, mất điện, treo máy...). Thông tin phiên trước: pid=22060
started_at=2026-08-17T12:35:45.032562

2026-08-17 12:36:07,352 - [loading] - INFO - Watchdog initialized. PID=19780 log_file=c:\Users\automation02\Desktop\GUI\Strike_Machine\GUI_Strike_Machine\sm_crash.log
Windows fatal exception: code 0x8001010d

Current thread 0x00005d64 (most recent call first):
  File "c:\Users\automation02\Desktop\GUI\Strike_Machine\GUI_Strike_Machine\main_edited.py", line 149 in <module>

Current thread's C stack trace (most recent call first):
  <cannot get C stack on this system>
2026-08-17 12:36:17,687 - [loading] - INFO - CLEAN_EXIT được đánh dấu. Detail: loading window event loop returned exit_code=0
2026-08-17 12:36:17,698 - [loading] - INFO - CLEAN_EXIT xác nhận qua atexit.
Windows fatal exception: code 0x8001010d

Thread 0x000040f8 [Thread-7 (_fetch)] (most recent call first):
  File "c:\Users\automation02\Desktop\GUI\Strike_Machine\GUI_Strike_Machine\source_edited.py", line 1986 in _fetch
  File "C:\Users\automation02\AppData\Local\Python\pythoncore-3.14-64\Lib\threading.py", line 1024 in run
  File "C:\Users\automation02\AppData\Local\Python\pythoncore-3.14-64\Lib\threading.py", line 1082 in _bootstrap_inner
  File "C:\Users\automation02\AppData\Local\Python\pythoncore-3.14-64\Lib\threading.py", line 1044 in _bootstrap

Current thread 0x0000433c (most recent call first):
  File "c:\Users\automation02\Desktop\GUI\Strike_Machine\GUI_Strike_Machine\main_edited.py", line 291 in <module>

Current thread's C stack trace (most recent call first):
  <cannot get C stack on this system>
2026-08-17 12:36:38,051 - [main] - INFO - CLEAN_EXIT được đánh dấu. Detail: QApplication.aboutToQuit fired
2026-08-17 12:36:38,052 - [main] - INFO - app.exec() returned exit_code=0
2026-08-17 12:36:38,229 - [main] - INFO - CLEAN_EXIT xác nhận qua atexit.

===== [main] Process start: PID=22368 at 2026-08-17 12:36:52.762233 =====
2026-08-17 12:36:52,762 - [main] - INFO - Không tìm thấy lock file cũ -> phiên chạy trước (nếu có) đã thoát sạch.
2026-08-17 12:36:52,764 - [main] - INFO - Watchdog initialized. PID=22368 log_file=c:\Users\automation02\Desktop\GUI\Strike_Machine\GUI_Strike_Machine\sm_crash.log

===== [loading] Process start: PID=23620 at 2026-08-17 12:36:52.997259 =====
2026-08-17 12:36:52,997 - [loading] - INFO - Không tìm thấy lock file cũ -> phiên chạy trước (nếu có) đã thoát sạch.
2026-08-17 12:36:52,998 - [loading] - INFO - Watchdog initialized. PID=23620 log_file=c:\Users\automation02\Desktop\GUI\Strike_Machine\GUI_Strike_Machine\sm_crash.log
Windows fatal exception: code 0x8001010d

Current thread 0x00004334 (most recent call first):
  File "c:\Users\automation02\Desktop\GUI\Strike_Machine\GUI_Strike_Machine\main_edited.py", line 149 in <module>

Current thread's C stack trace (most recent call first):
  <cannot get C stack on this system>
2026-08-17 12:37:02,879 - [loading] - INFO - CLEAN_EXIT được đánh dấu. Detail: loading window event loop returned exit_code=0
2026-08-17 12:37:02,887 - [loading] - INFO - CLEAN_EXIT xác nhận qua atexit.
Windows fatal exception: code 0x8001010d

Thread 0x00003c8c [Thread-7 (_fetch)] (most recent call first):
  File "c:\Users\automation02\Desktop\GUI\Strike_Machine\GUI_Strike_Machine\source_edited.py", line 1996 in _fetch
  File "C:\Users\automation02\AppData\Local\Python\pythoncore-3.14-64\Lib\threading.py", line 1024 in run
  File "C:\Users\automation02\AppData\Local\Python\pythoncore-3.14-64\Lib\threading.py", line 1082 in _bootstrap_inner
  File "C:\Users\automation02\AppData\Local\Python\pythoncore-3.14-64\Lib\threading.py", line 1044 in _bootstrap

Current thread 0x000010e8 (most recent call first):
  File "c:\Users\automation02\Desktop\GUI\Strike_Machine\GUI_Strike_Machine\main_edited.py", line 291 in <module>

Current thread's C stack trace (most recent call first):
  <cannot get C stack on this system>
2026-08-17 13:05:54,236 - [main] - INFO - CLEAN_EXIT được đánh dấu. Detail: QApplication.aboutToQuit fired
2026-08-17 13:05:54,240 - [main] - INFO - app.exec() returned exit_code=0
2026-08-17 13:05:54,557 - [main] - INFO - CLEAN_EXIT xác nhận qua atexit.

===== [main] Process start: PID=21508 at 2026-08-17 13:05:57.369063 =====
2026-08-17 13:05:57,369 - [main] - INFO - Không tìm thấy lock file cũ -> phiên chạy trước (nếu có) đã thoát sạch.
2026-08-17 13:05:57,370 - [main] - INFO - Watchdog initialized. PID=21508 log_file=c:\Users\automation02\Desktop\GUI\Strike_Machine\GUI_Strike_Machine\sm_crash.log

===== [loading] Process start: PID=11860 at 2026-08-17 13:05:57.552333 =====
2026-08-17 13:05:57,552 - [loading] - INFO - Không tìm thấy lock file cũ -> phiên chạy trước (nếu có) đã thoát sạch.
2026-08-17 13:05:57,553 - [loading] - INFO - Watchdog initialized. PID=11860 log_file=c:\Users\automation02\Desktop\GUI\Strike_Machine\GUI_Strike_Machine\sm_crash.log
Windows fatal exception: code 0x8001010d

Current thread 0x00002574 (most recent call first):
  File "c:\Users\automation02\Desktop\GUI\Strike_Machine\GUI_Strike_Machine\main_edited.py", line 149 in <module>

Current thread's C stack trace (most recent call first):
  <cannot get C stack on this system>
2026-08-17 13:06:26,932 - [loading] - INFO - CLEAN_EXIT được đánh dấu. Detail: loading window event loop returned exit_code=0
2026-08-17 13:06:26,947 - [loading] - INFO - CLEAN_EXIT xác nhận qua atexit.
Windows fatal exception: code 0x8001010d

Thread 0x00001990 [Thread-7 (_fetch)] (most recent call first):
  File "c:\Users\automation02\Desktop\GUI\Strike_Machine\GUI_Strike_Machine\source_edited.py", line 1996 in _fetch
  File "C:\Users\automation02\AppData\Local\Python\pythoncore-3.14-64\Lib\threading.py", line 1024 in run
  File "C:\Users\automation02\AppData\Local\Python\pythoncore-3.14-64\Lib\threading.py", line 1082 in _bootstrap_inner
  File "C:\Users\automation02\AppData\Local\Python\pythoncore-3.14-64\Lib\threading.py", line 1044 in _bootstrap

Current thread 0x000043ec (most recent call first):
  File "c:\Users\automation02\Desktop\GUI\Strike_Machine\GUI_Strike_Machine\main_edited.py", line 291 in <module>

Current thread's C stack trace (most recent call first):
  <cannot get C stack on this system>
2026-08-17 13:15:36,664 - [main] - INFO - CLEAN_EXIT được đánh dấu. Detail: QApplication.aboutToQuit fired
2026-08-17 13:15:36,665 - [main] - INFO - app.exec() returned exit_code=0
2026-08-17 13:15:37,259 - [main] - INFO - CLEAN_EXIT xác nhận qua atexit.

===== [main] Process start: PID=14500 at 2026-08-17 13:15:45.970527 =====
2026-08-17 13:15:45,971 - [main] - INFO - Không tìm thấy lock file cũ -> phiên chạy trước (nếu có) đã thoát sạch.
2026-08-17 13:15:45,972 - [main] - INFO - Watchdog initialized. PID=14500 log_file=c:\Users\automation02\Desktop\GUI\Strike_Machine\GUI_Strike_Machine\sm_crash.log

===== [loading] Process start: PID=23068 at 2026-08-17 13:15:46.247523 =====
2026-08-17 13:15:46,247 - [loading] - INFO - Không tìm thấy lock file cũ -> phiên chạy trước (nếu có) đã thoát sạch.
2026-08-17 13:15:46,248 - [loading] - INFO - Watchdog initialized. PID=23068 log_file=c:\Users\automation02\Desktop\GUI\Strike_Machine\GUI_Strike_Machine\sm_crash.log
Windows fatal exception: code 0x8001010d

Current thread 0x000054c0 (most recent call first):
  File "c:\Users\automation02\Desktop\GUI\Strike_Machine\GUI_Strike_Machine\main_edited.py", line 149 in <module>

Current thread's C stack trace (most recent call first):
  <cannot get C stack on this system>
2026-08-17 13:15:57,539 - [loading] - INFO - CLEAN_EXIT được đánh dấu. Detail: loading window event loop returned exit_code=0
2026-08-17 13:15:57,568 - [loading] - INFO - CLEAN_EXIT xác nhận qua atexit.
Windows fatal exception: code 0x8001010d

Thread 0x00005914 [Thread-7 (_fetch)] (most recent call first):
  File "c:\Users\automation02\Desktop\GUI\Strike_Machine\GUI_Strike_Machine\source_edited.py", line 1986 in _fetch
  File "C:\Users\automation02\AppData\Local\Python\pythoncore-3.14-64\Lib\threading.py", line 1024 in run
  File "C:\Users\automation02\AppData\Local\Python\pythoncore-3.14-64\Lib\threading.py", line 1082 in _bootstrap_inner
  File "C:\Users\automation02\AppData\Local\Python\pythoncore-3.14-64\Lib\threading.py", line 1044 in _bootstrap

Current thread 0x00005f18 (most recent call first):
  File "c:\Users\automation02\Desktop\GUI\Strike_Machine\GUI_Strike_Machine\main_edited.py", line 291 in <module>

Current thread's C stack trace (most recent call first):
  <cannot get C stack on this system>
2026-08-17 13:16:08,124 - [main] - INFO - CLEAN_EXIT được đánh dấu. Detail: QApplication.aboutToQuit fired
2026-08-17 13:16:08,125 - [main] - INFO - app.exec() returned exit_code=0
2026-08-17 13:16:08,333 - [main] - INFO - CLEAN_EXIT xác nhận qua atexit.

===== [main] Process start: PID=20336 at 2026-08-17 13:16:36.961689 =====
2026-08-17 13:16:36,962 - [main] - INFO - Không tìm thấy lock file cũ -> phiên chạy trước (nếu có) đã thoát sạch.
2026-08-17 13:16:36,963 - [main] - INFO - Watchdog initialized. PID=20336 log_file=c:\Users\automation02\Desktop\GUI\Strike_Machine\GUI_Strike_Machine\sm_crash.log

===== [loading] Process start: PID=18896 at 2026-08-17 13:16:37.197068 =====
2026-08-17 13:16:37,197 - [loading] - INFO - Không tìm thấy lock file cũ -> phiên chạy trước (nếu có) đã thoát sạch.
2026-08-17 13:16:37,198 - [loading] - INFO - Watchdog initialized. PID=18896 log_file=c:\Users\automation02\Desktop\GUI\Strike_Machine\GUI_Strike_Machine\sm_crash.log
Windows fatal exception: code 0x8001010d

Current thread 0x00005514 (most recent call first):
  File "c:\Users\automation02\Desktop\GUI\Strike_Machine\GUI_Strike_Machine\main_edited.py", line 149 in <module>

Current thread's C stack trace (most recent call first):
  <cannot get C stack on this system>
2026-08-17 13:16:47,379 - [loading] - INFO - CLEAN_EXIT được đánh dấu. Detail: loading window event loop returned exit_code=0
2026-08-17 13:16:47,393 - [loading] - INFO - CLEAN_EXIT xác nhận qua atexit.
Windows fatal exception: code 0x8001010d

Thread 0x0000588c [Thread-7 (_fetch)] (most recent call first):
  File "c:\Users\automation02\Desktop\GUI\Strike_Machine\GUI_Strike_Machine\source_edited.py", line 1996 in _fetch
  File "C:\Users\automation02\AppData\Local\Python\pythoncore-3.14-64\Lib\threading.py", line 1024 in run
  File "C:\Users\automation02\AppData\Local\Python\pythoncore-3.14-64\Lib\threading.py", line 1082 in _bootstrap_inner
  File "C:\Users\automation02\AppData\Local\Python\pythoncore-3.14-64\Lib\threading.py", line 1044 in _bootstrap

Current thread 0x00005af0 (most recent call first):
  File "c:\Users\automation02\Desktop\GUI\Strike_Machine\GUI_Strike_Machine\main_edited.py", line 291 in <module>

Current thread's C stack trace (most recent call first):
  <cannot get C stack on this system>
2026-08-17 13:19:17,549 - [main] - INFO - CLEAN_EXIT được đánh dấu. Detail: QApplication.aboutToQuit fired
2026-08-17 13:19:17,551 - [main] - INFO - app.exec() returned exit_code=0
2026-08-17 13:19:17,734 - [main] - INFO - CLEAN_EXIT xác nhận qua atexit.

===== [main] Process start: PID=13524 at 2026-08-17 14:02:09.488252 =====
2026-08-17 14:02:09,489 - [main] - INFO - Không tìm thấy lock file cũ -> phiên chạy trước (nếu có) đã thoát sạch.
2026-08-17 14:02:09,491 - [main] - INFO - Watchdog initialized. PID=13524 log_file=c:\Users\automation02\Desktop\GUI\Strike_Machine\GUI_Strike_Machine\sm_crash.log

===== [loading] Process start: PID=22160 at 2026-08-17 14:02:09.821839 =====
2026-08-17 14:02:09,822 - [loading] - INFO - Không tìm thấy lock file cũ -> phiên chạy trước (nếu có) đã thoát sạch.
2026-08-17 14:02:09,823 - [loading] - INFO - Watchdog initialized. PID=22160 log_file=c:\Users\automation02\Desktop\GUI\Strike_Machine\GUI_Strike_Machine\sm_crash.log
Windows fatal exception: code 0x8001010d

Current thread 0x00005604 (most recent call first):
  File "c:\Users\automation02\Desktop\GUI\Strike_Machine\GUI_Strike_Machine\main_edited.py", line 149 in <module>

Current thread's C stack trace (most recent call first):
  <cannot get C stack on this system>
2026-08-17 14:02:51,045 - [loading] - INFO - CLEAN_EXIT được đánh dấu. Detail: loading window event loop returned exit_code=0
2026-08-17 14:02:51,069 - [loading] - INFO - CLEAN_EXIT xác nhận qua atexit.
Windows fatal exception: code 0x8001010d

Thread 0x00005598 [Thread-7 (_fetch)] (most recent call first):
  File "c:\Users\automation02\Desktop\GUI\Strike_Machine\GUI_Strike_Machine\source_edited.py", line 1987 in _fetch
  File "C:\Users\automation02\AppData\Local\Python\pythoncore-3.14-64\Lib\threading.py", line 1024 in run
  File "C:\Users\automation02\AppData\Local\Python\pythoncore-3.14-64\Lib\threading.py", line 1082 in _bootstrap_inner
  File "C:\Users\automation02\AppData\Local\Python\pythoncore-3.14-64\Lib\threading.py", line 1044 in _bootstrap

Current thread 0x000058c0 (most recent call first):
  File "c:\Users\automation02\Desktop\GUI\Strike_Machine\GUI_Strike_Machine\main_edited.py", line 291 in <module>

Current thread's C stack trace (most recent call first):
  <cannot get C stack on this system>
2026-08-17 14:02:59,108 - [main] - INFO - CLEAN_EXIT được đánh dấu. Detail: QApplication.aboutToQuit fired
2026-08-17 14:02:59,111 - [main] - INFO - app.exec() returned exit_code=0
2026-08-17 14:02:59,272 - [main] - INFO - CLEAN_EXIT xác nhận qua atexit.

===== [main] Process start: PID=20048 at 2026-08-17 14:03:47.335270 =====
2026-08-17 14:03:47,335 - [main] - INFO - Không tìm thấy lock file cũ -> phiên chạy trước (nếu có) đã thoát sạch.
2026-08-17 14:03:47,336 - [main] - INFO - Watchdog initialized. PID=20048 log_file=c:\Users\automation02\Desktop\GUI\Strike_Machine\GUI_Strike_Machine\sm_crash.log

===== [loading] Process start: PID=22656 at 2026-08-17 14:03:47.673807 =====
2026-08-17 14:03:47,674 - [loading] - INFO - Không tìm thấy lock file cũ -> phiên chạy trước (nếu có) đã thoát sạch.
2026-08-17 14:03:47,676 - [loading] - INFO - Watchdog initialized. PID=22656 log_file=c:\Users\automation02\Desktop\GUI\Strike_Machine\GUI_Strike_Machine\sm_crash.log
Windows fatal exception: code 0x8001010d

Current thread 0x00005590 (most recent call first):
  File "c:\Users\automation02\Desktop\GUI\Strike_Machine\GUI_Strike_Machine\main_edited.py", line 149 in <module>

Current thread's C stack trace (most recent call first):
  <cannot get C stack on this system>
2026-08-17 14:03:58,179 - [loading] - INFO - CLEAN_EXIT được đánh dấu. Detail: loading window event loop returned exit_code=0
2026-08-17 14:03:58,192 - [loading] - INFO - CLEAN_EXIT xác nhận qua atexit.
Windows fatal exception: code 0x8001010d

Thread 0x00005604 [Thread-7 (_fetch)] (most recent call first):
  File "c:\Users\automation02\Desktop\GUI\Strike_Machine\GUI_Strike_Machine\source_edited.py", line 1997 in _fetch
  File "C:\Users\automation02\AppData\Local\Python\pythoncore-3.14-64\Lib\threading.py", line 1024 in run
  File "C:\Users\automation02\AppData\Local\Python\pythoncore-3.14-64\Lib\threading.py", line 1082 in _bootstrap_inner
  File "C:\Users\automation02\AppData\Local\Python\pythoncore-3.14-64\Lib\threading.py", line 1044 in _bootstrap

Current thread 0x00005658 (most recent call first):
  File "c:\Users\automation02\Desktop\GUI\Strike_Machine\GUI_Strike_Machine\main_edited.py", line 291 in <module>

Current thread's C stack trace (most recent call first):
  <cannot get C stack on this system>
2026-08-17 14:04:59,130 - [main] - INFO - CLEAN_EXIT được đánh dấu. Detail: QApplication.aboutToQuit fired
2026-08-17 14:04:59,131 - [main] - INFO - app.exec() returned exit_code=0
2026-08-17 14:04:59,242 - [main] - INFO - CLEAN_EXIT xác nhận qua atexit.

===== [main] Process start: PID=15392 at 2026-08-17 14:05:09.334220 =====
2026-08-17 14:05:09,334 - [main] - INFO - Không tìm thấy lock file cũ -> phiên chạy trước (nếu có) đã thoát sạch.
2026-08-17 14:05:09,335 - [main] - INFO - Watchdog initialized. PID=15392 log_file=c:\Users\automation02\Desktop\GUI\Strike_Machine\GUI_Strike_Machine\sm_crash.log

===== [loading] Process start: PID=22236 at 2026-08-17 14:05:09.521571 =====
2026-08-17 14:05:09,521 - [loading] - INFO - Không tìm thấy lock file cũ -> phiên chạy trước (nếu có) đã thoát sạch.
2026-08-17 14:05:09,522 - [loading] - INFO - Watchdog initialized. PID=22236 log_file=c:\Users\automation02\Desktop\GUI\Strike_Machine\GUI_Strike_Machine\sm_crash.log
Windows fatal exception: code 0x8001010d

Current thread 0x00004640 (most recent call first):
  File "c:\Users\automation02\Desktop\GUI\Strike_Machine\GUI_Strike_Machine\main_edited.py", line 149 in <module>

Current thread's C stack trace (most recent call first):
  <cannot get C stack on this system>
2026-08-17 14:05:17,867 - [loading] - INFO - CLEAN_EXIT được đánh dấu. Detail: loading window event loop returned exit_code=0
2026-08-17 14:05:17,895 - [loading] - INFO - CLEAN_EXIT xác nhận qua atexit.
Windows fatal exception: code 0x8001010d

Thread 0x00004614 [Thread-7 (_fetch)] (most recent call first):
  File "c:\Users\automation02\Desktop\GUI\Strike_Machine\GUI_Strike_Machine\source_edited.py", line 1997 in _fetch
  File "C:\Users\automation02\AppData\Local\Python\pythoncore-3.14-64\Lib\threading.py", line 1024 in run
  File "C:\Users\automation02\AppData\Local\Python\pythoncore-3.14-64\Lib\threading.py", line 1082 in _bootstrap_inner
  File "C:\Users\automation02\AppData\Local\Python\pythoncore-3.14-64\Lib\threading.py", line 1044 in _bootstrap

Current thread 0x00001424 (most recent call first):
  File "c:\Users\automation02\Desktop\GUI\Strike_Machine\GUI_Strike_Machine\main_edited.py", line 291 in <module>

Current thread's C stack trace (most recent call first):
  <cannot get C stack on this system>
2026-08-17 14:08:12,056 - [main] - WARNING - OS_SIGNAL nhận được: SIGINT (2) -> app bị yêu cầu tắt từ bên ngoài (Task Manager, kill, logoff, tắt máy...).
2026-08-17 14:08:12,057 - [main] - INFO - CLEAN_EXIT được đánh dấu. Detail: terminated_by_signal=SIGINT

===== [main] Process start: PID=4440 at 2026-08-17 14:30:59.422090 =====
2026-08-17 14:30:59,422 - [main] - WARNING - PREVIOUS_SESSION_DID_NOT_EXIT_CLEANLY -> lần chạy trước có thể đã bị kill cứng (Task Manager 'End task', kill -9, mất điện, treo máy...). Thông tin phiên trước: pid=15392
started_at=2026-08-17T14:05:09.334673

2026-08-17 14:30:59,423 - [main] - INFO - Watchdog initialized. PID=4440 log_file=c:\Users\automation02\Desktop\GUI\Strike_Machine\GUI_Strike_Machine\sm_crash.log

===== [loading] Process start: PID=24000 at 2026-08-17 14:30:59.582971 =====
2026-08-17 14:30:59,583 - [loading] - INFO - Không tìm thấy lock file cũ -> phiên chạy trước (nếu có) đã thoát sạch.
2026-08-17 14:30:59,583 - [loading] - INFO - Watchdog initialized. PID=24000 log_file=c:\Users\automation02\Desktop\GUI\Strike_Machine\GUI_Strike_Machine\sm_crash.log
Windows fatal exception: code 0x8001010d

Current thread 0x00006044 (most recent call first):
  File "c:\Users\automation02\Desktop\GUI\Strike_Machine\GUI_Strike_Machine\main_edited.py", line 149 in <module>

Current thread's C stack trace (most recent call first):
  <cannot get C stack on this system>
2026-08-17 14:31:12,837 - [loading] - INFO - CLEAN_EXIT được đánh dấu. Detail: loading window event loop returned exit_code=0
2026-08-17 14:31:12,847 - [loading] - INFO - CLEAN_EXIT xác nhận qua atexit.
Windows fatal exception: code 0x8001010d

Thread 0x00005b34 [Thread-7 (_fetch)] (most recent call first):
  File "c:\Users\automation02\Desktop\GUI\Strike_Machine\GUI_Strike_Machine\source_edited.py", line 1996 in _fetch
  File "C:\Users\automation02\AppData\Local\Python\pythoncore-3.14-64\Lib\threading.py", line 1024 in run
  File "C:\Users\automation02\AppData\Local\Python\pythoncore-3.14-64\Lib\threading.py", line 1082 in _bootstrap_inner
  File "C:\Users\automation02\AppData\Local\Python\pythoncore-3.14-64\Lib\threading.py", line 1044 in _bootstrap

Current thread 0x00005748 (most recent call first):
  File "c:\Users\automation02\Desktop\GUI\Strike_Machine\GUI_Strike_Machine\main_edited.py", line 291 in <module>

Current thread's C stack trace (most recent call first):
  <cannot get C stack on this system>
2026-08-17 14:40:05,906 - [main] - WARNING - OS_SIGNAL nhận được: SIGINT (2) -> app bị yêu cầu tắt từ bên ngoài (Task Manager, kill, logoff, tắt máy...).
2026-08-17 14:40:05,906 - [main] - INFO - CLEAN_EXIT được đánh dấu. Detail: terminated_by_signal=SIGINT

===== [main] Process start: PID=24540 at 2026-08-17 14:42:07.418293 =====
2026-08-17 14:42:07,434 - [main] - WARNING - PREVIOUS_SESSION_DID_NOT_EXIT_CLEANLY -> lần chạy trước có thể đã bị kill cứng (Task Manager 'End task', kill -9, mất điện, treo máy...). Thông tin phiên trước: pid=4440
started_at=2026-08-17T14:30:59.422628

2026-08-17 14:42:07,435 - [main] - INFO - Watchdog initialized. PID=24540 log_file=c:\Users\automation02\Desktop\GUI\Strike_Machine\GUI_Strike_Machine\sm_crash.log

===== [loading] Process start: PID=20588 at 2026-08-17 14:42:07.647830 =====
2026-08-17 14:42:07,648 - [loading] - INFO - Không tìm thấy lock file cũ -> phiên chạy trước (nếu có) đã thoát sạch.
2026-08-17 14:42:07,649 - [loading] - INFO - Watchdog initialized. PID=20588 log_file=c:\Users\automation02\Desktop\GUI\Strike_Machine\GUI_Strike_Machine\sm_crash.log
Windows fatal exception: code 0x8001010d

Current thread 0x00006074 (most recent call first):
  File "c:\Users\automation02\Desktop\GUI\Strike_Machine\GUI_Strike_Machine\main_edited.py", line 149 in <module>

Current thread's C stack trace (most recent call first):
  <cannot get C stack on this system>
2026-08-17 14:42:19,609 - [loading] - INFO - CLEAN_EXIT được đánh dấu. Detail: loading window event loop returned exit_code=0
2026-08-17 14:42:19,621 - [loading] - INFO - CLEAN_EXIT xác nhận qua atexit.
Windows fatal exception: code 0x8001010d

Thread 0x00005424 [Thread-7 (_fetch)] (most recent call first):
  File "c:\Users\automation02\Desktop\GUI\Strike_Machine\GUI_Strike_Machine\source_edited.py", line 1986 in _fetch
  File "C:\Users\automation02\AppData\Local\Python\pythoncore-3.14-64\Lib\threading.py", line 1024 in run
  File "C:\Users\automation02\AppData\Local\Python\pythoncore-3.14-64\Lib\threading.py", line 1082 in _bootstrap_inner
  File "C:\Users\automation02\AppData\Local\Python\pythoncore-3.14-64\Lib\threading.py", line 1044 in _bootstrap

Current thread 0x00005874 (most recent call first):
  File "c:\Users\automation02\Desktop\GUI\Strike_Machine\GUI_Strike_Machine\main_edited.py", line 296 in <module>

Current thread's C stack trace (most recent call first):
  <cannot get C stack on this system>
2026-08-17 14:42:29,303 - [main] - WARNING - OS_SIGNAL nhận được: SIGINT (2) -> app bị yêu cầu tắt từ bên ngoài (Task Manager, kill, logoff, tắt máy...).
2026-08-17 14:42:29,303 - [main] - INFO - CLEAN_EXIT được đánh dấu. Detail: terminated_by_signal=SIGINT

===== [main] Process start: PID=2492 at 2026-08-17 14:43:47.665249 =====
2026-08-17 14:43:47,680 - [main] - WARNING - PREVIOUS_SESSION_DID_NOT_EXIT_CLEANLY -> lần chạy trước có thể đã bị kill cứng (Task Manager 'End task', kill -9, mất điện, treo máy...). Thông tin phiên trước: pid=24540
started_at=2026-08-17T14:42:07.434756

2026-08-17 14:43:47,681 - [main] - INFO - Watchdog initialized. PID=2492 log_file=c:\Users\automation02\Desktop\GUI\Strike_Machine\GUI_Strike_Machine\sm_crash.log

===== [loading] Process start: PID=25408 at 2026-08-17 14:43:47.916754 =====
2026-08-17 14:43:47,917 - [loading] - INFO - Không tìm thấy lock file cũ -> phiên chạy trước (nếu có) đã thoát sạch.
2026-08-17 14:43:47,919 - [loading] - INFO - Watchdog initialized. PID=25408 log_file=c:\Users\automation02\Desktop\GUI\Strike_Machine\GUI_Strike_Machine\sm_crash.log
Windows fatal exception: code 0x8001010d

Current thread 0x00001e68 (most recent call first):
  File "c:\Users\automation02\Desktop\GUI\Strike_Machine\GUI_Strike_Machine\main_edited.py", line 149 in <module>

Current thread's C stack trace (most recent call first):
  <cannot get C stack on this system>
2026-08-17 14:43:58,662 - [loading] - INFO - CLEAN_EXIT được đánh dấu. Detail: loading window event loop returned exit_code=0
2026-08-17 14:43:58,686 - [loading] - INFO - CLEAN_EXIT xác nhận qua atexit.
Windows fatal exception: code 0x8001010d

Thread 0x00000b08 [QThread] (most recent call first):
  File "C:\Users\automation02\Desktop\GUI\Strike_Machine\GUI_Strike_Machine\.venv\Lib\site-packages\snap7\connection.py", line 458 in _recv_exact
  File "C:\Users\automation02\Desktop\GUI\Strike_Machine\GUI_Strike_Machine\.venv\Lib\site-packages\snap7\connection.py", line 204 in receive_data
  File "C:\Users\automation02\Desktop\GUI\Strike_Machine\GUI_Strike_Machine\.venv\Lib\site-packages\snap7\client.py", line 404 in _send_receive
  File "C:\Users\automation02\Desktop\GUI\Strike_Machine\GUI_Strike_Machine\.venv\Lib\site-packages\snap7\client.py", line 434 in _send_receive_with_reconnect
  File "C:\Users\automation02\Desktop\GUI\Strike_Machine\GUI_Strike_Machine\.venv\Lib\site-packages\snap7\client.py", line 987 in read_area
  File "C:\Users\automation02\Desktop\GUI\Strike_Machine\GUI_Strike_Machine\.venv\Lib\site-packages\snap7\client.py", line 867 in db_read
  File "c:\Users\automation02\Desktop\GUI\Strike_Machine\GUI_Strike_Machine\PLC_READ_MODULE.py", line 256 in _poll

Thread 0x00005484 [QThread] (most recent call first):
  File "C:\Users\automation02\Desktop\GUI\Strike_Machine\GUI_Strike_Machine\.venv\Lib\site-packages\snap7\connection.py", line 458 in _recv_exact
  File "C:\Users\automation02\Desktop\GUI\Strike_Machine\GUI_Strike_Machine\.venv\Lib\site-packages\snap7\connection.py", line 204 in receive_data
  File "C:\Users\automation02\Desktop\GUI\Strike_Machine\GUI_Strike_Machine\.venv\Lib\site-packages\snap7\client.py", line 404 in _send_receive
  File "C:\Users\automation02\Desktop\GUI\Strike_Machine\GUI_Strike_Machine\.venv\Lib\site-packages\snap7\client.py", line 434 in _send_receive_with_reconnect
  File "C:\Users\automation02\Desktop\GUI\Strike_Machine\GUI_Strike_Machine\.venv\Lib\site-packages\snap7\client.py", line 987 in read_area
  File "C:\Users\automation02\Desktop\GUI\Strike_Machine\GUI_Strike_Machine\.venv\Lib\site-packages\snap7\client.py", line 867 in db_read
  File "c:\Users\automation02\Desktop\GUI\Strike_Machine\GUI_Strike_Machine\PLC_READ_MODULE.py", line 256 in _poll

Thread 0x000009cc [Thread-7 (_fetch)] (most recent call first):
  File "c:\Users\automation02\Desktop\GUI\Strike_Machine\GUI_Strike_Machine\source_edited.py", line 1986 in _fetch
  File "C:\Users\automation02\AppData\Local\Python\pythoncore-3.14-64\Lib\threading.py", line 1024 in run
  File "C:\Users\automation02\AppData\Local\Python\pythoncore-3.14-64\Lib\threading.py", line 1082 in _bootstrap_inner
  File "C:\Users\automation02\AppData\Local\Python\pythoncore-3.14-64\Lib\threading.py", line 1044 in _bootstrap

Current thread 0x00005c20 (most recent call first):
  File "c:\Users\automation02\Desktop\GUI\Strike_Machine\GUI_Strike_Machine\main_edited.py", line 296 in <module>

Current thread's C stack trace (most recent call first):
  <cannot get C stack on this system>
2026-08-17 14:54:01,216 - [main] - INFO - CLEAN_EXIT được đánh dấu. Detail: QApplication.aboutToQuit fired
2026-08-17 14:54:01,217 - [main] - INFO - app.exec() returned exit_code=0
2026-08-17 14:54:01,366 - [main] - INFO - CLEAN_EXIT xác nhận qua atexit.

===== [main] Process start: PID=22948 at 2026-08-17 14:54:03.360098 =====
2026-08-17 14:54:03,360 - [main] - INFO - Không tìm thấy lock file cũ -> phiên chạy trước (nếu có) đã thoát sạch.
2026-08-17 14:54:03,361 - [main] - INFO - Watchdog initialized. PID=22948 log_file=c:\Users\automation02\Desktop\GUI\Strike_Machine\GUI_Strike_Machine\sm_crash.log

===== [loading] Process start: PID=16080 at 2026-08-17 14:54:03.556880 =====
2026-08-17 14:54:03,557 - [loading] - INFO - Không tìm thấy lock file cũ -> phiên chạy trước (nếu có) đã thoát sạch.
2026-08-17 14:54:03,558 - [loading] - INFO - Watchdog initialized. PID=16080 log_file=c:\Users\automation02\Desktop\GUI\Strike_Machine\GUI_Strike_Machine\sm_crash.log
Windows fatal exception: code 0x8001010d

Current thread 0x00005dc8 (most recent call first):
  File "c:\Users\automation02\Desktop\GUI\Strike_Machine\GUI_Strike_Machine\main_edited.py", line 149 in <module>

Current thread's C stack trace (most recent call first):
  <cannot get C stack on this system>
2026-08-17 14:54:14,552 - [loading] - INFO - CLEAN_EXIT được đánh dấu. Detail: loading window event loop returned exit_code=0
2026-08-17 14:54:14,571 - [loading] - INFO - CLEAN_EXIT xác nhận qua atexit.
Windows fatal exception: code 0x8001010d

Thread 0x00004878 [QThread] (most recent call first):
  File "C:\Users\automation02\Desktop\GUI\Strike_Machine\GUI_Strike_Machine\.venv\Lib\site-packages\snap7\connection.py", line 458 in _recv_exact
  File "C:\Users\automation02\Desktop\GUI\Strike_Machine\GUI_Strike_Machine\.venv\Lib\site-packages\snap7\connection.py", line 204 in receive_data
  File "C:\Users\automation02\Desktop\GUI\Strike_Machine\GUI_Strike_Machine\.venv\Lib\site-packages\snap7\client.py", line 404 in _send_receive
  File "C:\Users\automation02\Desktop\GUI\Strike_Machine\GUI_Strike_Machine\.venv\Lib\site-packages\snap7\client.py", line 434 in _send_receive_with_reconnect
  File "C:\Users\automation02\Desktop\GUI\Strike_Machine\GUI_Strike_Machine\.venv\Lib\site-packages\snap7\client.py", line 987 in read_area
  File "C:\Users\automation02\Desktop\GUI\Strike_Machine\GUI_Strike_Machine\.venv\Lib\site-packages\snap7\client.py", line 867 in db_read
  File "c:\Users\automation02\Desktop\GUI\Strike_Machine\GUI_Strike_Machine\PLC_READ_MODULE.py", line 256 in _poll

Thread 0x00000c48 [Thread-7 (_fetch)] (most recent call first):
  File "c:\Users\automation02\Desktop\GUI\Strike_Machine\GUI_Strike_Machine\source_edited.py", line 1996 in _fetch
  File "C:\Users\automation02\AppData\Local\Python\pythoncore-3.14-64\Lib\threading.py", line 1024 in run
  File "C:\Users\automation02\AppData\Local\Python\pythoncore-3.14-64\Lib\threading.py", line 1082 in _bootstrap_inner
  File "C:\Users\automation02\AppData\Local\Python\pythoncore-3.14-64\Lib\threading.py", line 1044 in _bootstrap

Current thread 0x000051b4 (most recent call first):
  File "c:\Users\automation02\Desktop\GUI\Strike_Machine\GUI_Strike_Machine\main_edited.py", line 296 in <module>

Current thread's C stack trace (most recent call first):
  <cannot get C stack on this system>
2026-08-17 14:54:18,091 - [main] - WARNING - OS_SIGNAL nhận được: SIGINT (2) -> app bị yêu cầu tắt từ bên ngoài (Task Manager, kill, logoff, tắt máy...).
2026-08-17 14:54:18,091 - [main] - INFO - CLEAN_EXIT được đánh dấu. Detail: terminated_by_signal=SIGINT

===== [main] Process start: PID=5844 at 2026-08-17 14:59:54.916000 =====
2026-08-17 14:59:54,924 - [main] - WARNING - PREVIOUS_SESSION_DID_NOT_EXIT_CLEANLY -> lần chạy trước có thể đã bị kill cứng (Task Manager 'End task', kill -9, mất điện, treo máy...). Thông tin phiên trước: pid=22948
started_at=2026-08-17T14:54:03.360491

2026-08-17 14:59:54,925 - [main] - INFO - Watchdog initialized. PID=5844 log_file=c:\Users\automation02\Desktop\GUI\Strike_Machine\GUI_Strike_Machine\sm_crash.log

===== [loading] Process start: PID=19908 at 2026-08-17 14:59:55.115110 =====
2026-08-17 14:59:55,115 - [loading] - INFO - Không tìm thấy lock file cũ -> phiên chạy trước (nếu có) đã thoát sạch.
2026-08-17 14:59:55,116 - [loading] - INFO - Watchdog initialized. PID=19908 log_file=c:\Users\automation02\Desktop\GUI\Strike_Machine\GUI_Strike_Machine\sm_crash.log
Windows fatal exception: code 0x8001010d

Current thread 0x0000128c (most recent call first):
  File "c:\Users\automation02\Desktop\GUI\Strike_Machine\GUI_Strike_Machine\main_edited.py", line 152 in <module>

Current thread's C stack trace (most recent call first):
  <cannot get C stack on this system>
2026-08-17 15:00:03,504 - [loading] - INFO - CLEAN_EXIT được đánh dấu. Detail: loading window event loop returned exit_code=0
2026-08-17 15:00:03,522 - [loading] - INFO - CLEAN_EXIT xác nhận qua atexit.
Windows fatal exception: code 0x8001010d

Thread 0x00006304 [QThread] (most recent call first):
  File "C:\Users\automation02\Desktop\GUI\Strike_Machine\GUI_Strike_Machine\.venv\Lib\site-packages\snap7\connection.py", line 458 in _recv_exact
  File "C:\Users\automation02\Desktop\GUI\Strike_Machine\GUI_Strike_Machine\.venv\Lib\site-packages\snap7\connection.py", line 204 in receive_data
  File "C:\Users\automation02\Desktop\GUI\Strike_Machine\GUI_Strike_Machine\.venv\Lib\site-packages\snap7\client.py", line 404 in _send_receive
  File "C:\Users\automation02\Desktop\GUI\Strike_Machine\GUI_Strike_Machine\.venv\Lib\site-packages\snap7\client.py", line 434 in _send_receive_with_reconnect
  File "C:\Users\automation02\Desktop\GUI\Strike_Machine\GUI_Strike_Machine\.venv\Lib\site-packages\snap7\client.py", line 987 in read_area
  File "C:\Users\automation02\Desktop\GUI\Strike_Machine\GUI_Strike_Machine\.venv\Lib\site-packages\snap7\client.py", line 867 in db_read
  File "c:\Users\automation02\Desktop\GUI\Strike_Machine\GUI_Strike_Machine\PLC_READ_MODULE.py", line 256 in _poll

Thread 0x00001250 [Thread-7 (_fetch)] (most recent call first):
  File "c:\Users\automation02\Desktop\GUI\Strike_Machine\GUI_Strike_Machine\source_edited.py", line 1996 in _fetch
  File "C:\Users\automation02\AppData\Local\Python\pythoncore-3.14-64\Lib\threading.py", line 1024 in run
  File "C:\Users\automation02\AppData\Local\Python\pythoncore-3.14-64\Lib\threading.py", line 1082 in _bootstrap_inner
  File "C:\Users\automation02\AppData\Local\Python\pythoncore-3.14-64\Lib\threading.py", line 1044 in _bootstrap

Current thread 0x00001c24 (most recent call first):
  File "c:\Users\automation02\Desktop\GUI\Strike_Machine\GUI_Strike_Machine\main_edited.py", line 344 in <module>

Current thread's C stack trace (most recent call first):
  <cannot get C stack on this system>
2026-08-17 15:00:06,610 - [main] - WARNING - OS_SIGNAL nhận được: SIGINT (2) -> app bị yêu cầu tắt từ bên ngoài (Task Manager, kill, logoff, tắt máy...).
2026-08-17 15:00:06,611 - [main] - INFO - CLEAN_EXIT được đánh dấu. Detail: terminated_by_signal=SIGINT

===== [main] Process start: PID=23580 at 2026-08-17 15:05:00.714848 =====
2026-08-17 15:05:00,717 - [main] - WARNING - PREVIOUS_SESSION_DID_NOT_EXIT_CLEANLY -> lần chạy trước có thể đã bị kill cứng (Task Manager 'End task', kill -9, mất điện, treo máy...). Thông tin phiên trước: pid=5844
started_at=2026-08-17T14:59:54.924776

2026-08-17 15:05:00,718 - [main] - INFO - Watchdog initialized. PID=23580 log_file=c:\Users\automation02\Desktop\GUI\Strike_Machine\GUI_Strike_Machine\sm_crash.log

===== [loading] Process start: PID=22580 at 2026-08-17 15:05:01.242697 =====
2026-08-17 15:05:01,243 - [loading] - INFO - Không tìm thấy lock file cũ -> phiên chạy trước (nếu có) đã thoát sạch.
2026-08-17 15:05:01,244 - [loading] - INFO - Watchdog initialized. PID=22580 log_file=c:\Users\automation02\Desktop\GUI\Strike_Machine\GUI_Strike_Machine\sm_crash.log
Windows fatal exception: code 0x8001010d

Current thread 0x00005f48 (most recent call first):
  File "c:\Users\automation02\Desktop\GUI\Strike_Machine\GUI_Strike_Machine\main_edited.py", line 217 in <module>

Current thread's C stack trace (most recent call first):
  <cannot get C stack on this system>
2026-08-17 15:05:21,536 - [loading] - INFO - CLEAN_EXIT được đánh dấu. Detail: loading window event loop returned exit_code=0
2026-08-17 15:05:21,547 - [loading] - INFO - CLEAN_EXIT xác nhận qua atexit.
Windows fatal exception: code 0x8001010d

Thread 0x00004a14 [Thread-7 (_fetch)] (most recent call first):
  File "c:\Users\automation02\Desktop\GUI\Strike_Machine\GUI_Strike_Machine\source_edited.py", line 1986 in _fetch
  File "C:\Users\automation02\AppData\Local\Python\pythoncore-3.14-64\Lib\threading.py", line 1024 in run
  File "C:\Users\automation02\AppData\Local\Python\pythoncore-3.14-64\Lib\threading.py", line 1082 in _bootstrap_inner
  File "C:\Users\automation02\AppData\Local\Python\pythoncore-3.14-64\Lib\threading.py", line 1044 in _bootstrap

Current thread 0x00002c7c (most recent call first):
  File "c:\Users\automation02\Desktop\GUI\Strike_Machine\GUI_Strike_Machine\main_edited.py", line 351 in <module>

Current thread's C stack trace (most recent call first):
  <cannot get C stack on this system>
2026-08-17 15:05:28,315 - [main] - WARNING - OS_SIGNAL nhận được: SIGINT (2) -> app bị yêu cầu tắt từ bên ngoài (Task Manager, kill, logoff, tắt máy...).
2026-08-17 15:05:28,316 - [main] - INFO - CLEAN_EXIT được đánh dấu. Detail: terminated_by_signal=SIGINT

===== [main] Process start: PID=12832 at 2026-08-20 11:26:08.906599 =====
2026-08-20 11:26:08,917 - [main] - WARNING - PREVIOUS_SESSION_DID_NOT_EXIT_CLEANLY -> lần chạy trước có thể đã bị kill cứng (Task Manager 'End task', kill -9, mất điện, treo máy...). Thông tin phiên trước: pid=23580
started_at=2026-08-17T15:05:00.717398

2026-08-20 11:26:08,918 - [main] - INFO - Watchdog initialized. PID=12832 log_file=c:\Users\automation02\Desktop\GUI\Strike_Machine\GUI_Strike_Machine\sm_crash.log

===== [loading] Process start: PID=24232 at 2026-08-20 11:26:09.353572 =====
2026-08-20 11:26:09,353 - [loading] - INFO - Không tìm thấy lock file cũ -> phiên chạy trước (nếu có) đã thoát sạch.
2026-08-20 11:26:09,354 - [loading] - INFO - Watchdog initialized. PID=24232 log_file=c:\Users\automation02\Desktop\GUI\Strike_Machine\GUI_Strike_Machine\sm_crash.log
Windows fatal exception: code 0x8001010d

Current thread 0x00003824 (most recent call first):
  File "c:\Users\automation02\Desktop\GUI\Strike_Machine\GUI_Strike_Machine\main_edited.py", line 202 in <module>

Current thread's C stack trace (most recent call first):
  <cannot get C stack on this system>
2026-08-20 11:26:41,076 - [loading] - INFO - CLEAN_EXIT được đánh dấu. Detail: loading window event loop returned exit_code=0
2026-08-20 11:26:41,085 - [loading] - INFO - CLEAN_EXIT xác nhận qua atexit.
Windows fatal exception: code 0x8001010d

Thread 0x00005484 [Thread-7 (_fetch)] (most recent call first):
  File "c:\Users\automation02\Desktop\GUI\Strike_Machine\GUI_Strike_Machine\source_edited.py", line 2024 in _fetch
  File "C:\Users\automation02\AppData\Local\Python\pythoncore-3.14-64\Lib\threading.py", line 1024 in run
  File "C:\Users\automation02\AppData\Local\Python\pythoncore-3.14-64\Lib\threading.py", line 1082 in _bootstrap_inner
  File "C:\Users\automation02\AppData\Local\Python\pythoncore-3.14-64\Lib\threading.py", line 1044 in _bootstrap

Current thread 0x00004f5c (most recent call first):
  File "c:\Users\automation02\Desktop\GUI\Strike_Machine\GUI_Strike_Machine\main_edited.py", line 325 in <module>

Current thread's C stack trace (most recent call first):
  <cannot get C stack on this system>
2026-08-20 11:27:06,043 - [main] - INFO - CLEAN_EXIT được đánh dấu. Detail: QApplication.aboutToQuit fired
2026-08-20 11:27:06,044 - [main] - INFO - app.exec() returned exit_code=0
2026-08-20 11:27:06,124 - [main] - INFO - CLEAN_EXIT xác nhận qua atexit.

===== [main] Process start: PID=2344 at 2026-08-24 10:20:39.661660 =====
2026-08-24 10:20:39,662 - [main] - INFO - Không tìm thấy lock file cũ -> phiên chạy trước (nếu có) đã thoát sạch.
2026-08-24 10:20:39,663 - [main] - INFO - Watchdog initialized. PID=2344 log_file=c:\Users\automation02\Desktop\GUI\Strike_Machine\GUI_Strike_Machine\sm_crash.log

===== [loading] Process start: PID=20312 at 2026-08-24 10:20:39.945082 =====
2026-08-24 10:20:39,945 - [loading] - INFO - Không tìm thấy lock file cũ -> phiên chạy trước (nếu có) đã thoát sạch.
2026-08-24 10:20:39,946 - [loading] - INFO - Watchdog initialized. PID=20312 log_file=c:\Users\automation02\Desktop\GUI\Strike_Machine\GUI_Strike_Machine\sm_crash.log
Windows fatal exception: code 0x8001010d

Current thread 0x0000596c (most recent call first):
  File "c:\Users\automation02\Desktop\GUI\Strike_Machine\GUI_Strike_Machine\main_edited.py", line 201 in <module>

Current thread's C stack trace (most recent call first):
  <cannot get C stack on this system>
2026-08-24 10:21:00,389 - [loading] - INFO - CLEAN_EXIT được đánh dấu. Detail: loading window event loop returned exit_code=0
2026-08-24 10:21:00,399 - [loading] - INFO - CLEAN_EXIT xác nhận qua atexit.
Windows fatal exception: code 0x8001010d

Thread 0x00002150 [Thread-7 (_fetch)] (most recent call first):
  File "c:\Users\automation02\Desktop\GUI\Strike_Machine\GUI_Strike_Machine\source_edited.py", line 2028 in _fetch
  File "C:\Users\automation02\AppData\Local\Python\pythoncore-3.14-64\Lib\threading.py", line 1024 in run
  File "C:\Users\automation02\AppData\Local\Python\pythoncore-3.14-64\Lib\threading.py", line 1082 in _bootstrap_inner
  File "C:\Users\automation02\AppData\Local\Python\pythoncore-3.14-64\Lib\threading.py", line 1044 in _bootstrap

Current thread 0x0000433c (most recent call first):
  File "c:\Users\automation02\Desktop\GUI\Strike_Machine\GUI_Strike_Machine\main_edited.py", line 324 in <module>

Current thread's C stack trace (most recent call first):
  <cannot get C stack on this system>
2026-08-24 10:22:02,373 - [main] - INFO - CLEAN_EXIT được đánh dấu. Detail: QApplication.aboutToQuit fired
2026-08-24 10:22:02,374 - [main] - INFO - app.exec() returned exit_code=0
2026-08-24 10:22:02,475 - [main] - INFO - CLEAN_EXIT xác nhận qua atexit.

===== [main] Process start: PID=22340 at 2026-08-24 10:54:05.612434 =====
2026-08-24 10:54:05,613 - [main] - INFO - Không tìm thấy lock file cũ -> phiên chạy trước (nếu có) đã thoát sạch.
2026-08-24 10:54:05,614 - [main] - INFO - Watchdog initialized. PID=22340 log_file=c:\Users\automation02\Desktop\GUI\Strike_Machine\GUI_Strike_Machine\sm_crash.log

===== [loading] Process start: PID=21456 at 2026-08-24 10:54:07.024244 =====
2026-08-24 10:54:07,024 - [loading] - INFO - Không tìm thấy lock file cũ -> phiên chạy trước (nếu có) đã thoát sạch.
2026-08-24 10:54:07,026 - [loading] - INFO - Watchdog initialized. PID=21456 log_file=c:\Users\automation02\Desktop\GUI\Strike_Machine\GUI_Strike_Machine\sm_crash.log
Windows fatal exception: code 0x8001010d

Current thread 0x00004338 (most recent call first):
  File "c:\Users\automation02\Desktop\GUI\Strike_Machine\GUI_Strike_Machine\main_edited.py", line 201 in <module>

Current thread's C stack trace (most recent call first):
  <cannot get C stack on this system>
2026-08-24 10:54:24,118 - [loading] - INFO - CLEAN_EXIT được đánh dấu. Detail: loading window event loop returned exit_code=0
2026-08-24 10:54:24,124 - [loading] - INFO - CLEAN_EXIT xác nhận qua atexit.
Windows fatal exception: code 0x8001010d

Thread 0x000023dc [Thread-7 (_fetch)] (most recent call first):
  File "c:\Users\automation02\Desktop\GUI\Strike_Machine\GUI_Strike_Machine\source_edited.py", line 2028 in _fetch
  File "C:\Users\automation02\AppData\Local\Python\pythoncore-3.14-64\Lib\threading.py", line 1024 in run
  File "C:\Users\automation02\AppData\Local\Python\pythoncore-3.14-64\Lib\threading.py", line 1082 in _bootstrap_inner
  File "C:\Users\automation02\AppData\Local\Python\pythoncore-3.14-64\Lib\threading.py", line 1044 in _bootstrap

Current thread 0x000058d4 (most recent call first):
  File "c:\Users\automation02\Desktop\GUI\Strike_Machine\GUI_Strike_Machine\main_edited.py", line 324 in <module>

Current thread's C stack trace (most recent call first):
  <cannot get C stack on this system>
2026-08-24 10:56:05,913 - [main] - INFO - CLEAN_EXIT được đánh dấu. Detail: QApplication.aboutToQuit fired
2026-08-24 10:56:05,914 - [main] - INFO - app.exec() returned exit_code=0
2026-08-24 10:56:06,018 - [main] - INFO - CLEAN_EXIT xác nhận qua atexit.

===== [main] Process start: PID=23136 at 2026-08-24 10:56:06.719625 =====
2026-08-24 10:56:06,719 - [main] - INFO - Không tìm thấy lock file cũ -> phiên chạy trước (nếu có) đã thoát sạch.
2026-08-24 10:56:06,720 - [main] - INFO - Watchdog initialized. PID=23136 log_file=c:\Users\automation02\Desktop\GUI\Strike_Machine\GUI_Strike_Machine\sm_crash.log

===== [loading] Process start: PID=1424 at 2026-08-24 10:56:06.984955 =====
2026-08-24 10:56:06,985 - [loading] - INFO - Không tìm thấy lock file cũ -> phiên chạy trước (nếu có) đã thoát sạch.
2026-08-24 10:56:06,985 - [loading] - INFO - Watchdog initialized. PID=1424 log_file=c:\Users\automation02\Desktop\GUI\Strike_Machine\GUI_Strike_Machine\sm_crash.log
Windows fatal exception: code 0x8001010d

Current thread 0x0000466c (most recent call first):
  File "c:\Users\automation02\Desktop\GUI\Strike_Machine\GUI_Strike_Machine\main_edited.py", line 201 in <module>

Current thread's C stack trace (most recent call first):
  <cannot get C stack on this system>
2026-08-24 10:56:11,598 - [loading] - INFO - CLEAN_EXIT được đánh dấu. Detail: loading window event loop returned exit_code=0
2026-08-24 10:56:11,608 - [loading] - INFO - CLEAN_EXIT xác nhận qua atexit.
Windows fatal exception: code 0x8001010d

Thread 0x00000b9c [Thread-7 (_fetch)] (most recent call first):
  File "c:\Users\automation02\Desktop\GUI\Strike_Machine\GUI_Strike_Machine\source_edited.py", line 2028 in _fetch
  File "C:\Users\automation02\AppData\Local\Python\pythoncore-3.14-64\Lib\threading.py", line 1024 in run
  File "C:\Users\automation02\AppData\Local\Python\pythoncore-3.14-64\Lib\threading.py", line 1082 in _bootstrap_inner
  File "C:\Users\automation02\AppData\Local\Python\pythoncore-3.14-64\Lib\threading.py", line 1044 in _bootstrap

Current thread 0x00004cc4 (most recent call first):
  File "C:\Users\automation02\Desktop\GUI\Strike_Machine\GUI_Strike_Machine\.venv\Lib\site-packages\qtpy\QtWidgets.py", line 170 in <lambda>
  File "c:\Users\automation02\Desktop\GUI\Strike_Machine\GUI_Strike_Machine\message_box.py", line 342 in question
  File "c:\Users\automation02\Desktop\GUI\Strike_Machine\GUI_Strike_Machine\source_edited.py", line 5031 in closeEvent
  File "c:\Users\automation02\Desktop\GUI\Strike_Machine\GUI_Strike_Machine\main_edited.py", line 324 in <module>

Current thread's C stack trace (most recent call first):
  <cannot get C stack on this system>
2026-08-24 10:56:13,448 - [main] - INFO - CLEAN_EXIT được đánh dấu. Detail: QApplication.aboutToQuit fired
2026-08-24 10:56:13,448 - [main] - INFO - app.exec() returned exit_code=0
2026-08-24 10:56:13,547 - [main] - INFO - CLEAN_EXIT xác nhận qua atexit.

===== [main] Process start: PID=22472 at 2026-08-25 09:42:54.054980 =====
2026-08-25 09:42:54,056 - [main] - INFO - Không tìm thấy lock file cũ -> phiên chạy trước (nếu có) đã thoát sạch.
2026-08-25 09:42:54,056 - [main] - INFO - Watchdog initialized. PID=22472 log_file=c:\Users\automation02\Desktop\GUI\Strike_Machine\GUI_Strike_Machine\sm_crash.log

===== [loading] Process start: PID=14832 at 2026-08-25 09:42:54.363335 =====
2026-08-25 09:42:54,363 - [loading] - INFO - Không tìm thấy lock file cũ -> phiên chạy trước (nếu có) đã thoát sạch.
2026-08-25 09:42:54,364 - [loading] - INFO - Watchdog initialized. PID=14832 log_file=c:\Users\automation02\Desktop\GUI\Strike_Machine\GUI_Strike_Machine\sm_crash.log
Windows fatal exception: code 0x8001010d

Current thread 0x0000063c (most recent call first):
  File "c:\Users\automation02\Desktop\GUI\Strike_Machine\GUI_Strike_Machine\main_edited.py", line 201 in <module>

Current thread's C stack trace (most recent call first):
  <cannot get C stack on this system>
2026-08-25 09:43:22,863 - [loading] - INFO - CLEAN_EXIT được đánh dấu. Detail: loading window event loop returned exit_code=0
2026-08-25 09:43:22,871 - [loading] - INFO - CLEAN_EXIT xác nhận qua atexit.
Windows fatal exception: code 0x8001010d

Thread 0x00005344 [Thread-7 (_fetch)] (most recent call first):
  File "c:\Users\automation02\Desktop\GUI\Strike_Machine\GUI_Strike_Machine\source_edited.py", line 2141 in _fetch
  File "C:\Users\automation02\AppData\Local\Python\pythoncore-3.14-64\Lib\threading.py", line 1024 in run
  File "C:\Users\automation02\AppData\Local\Python\pythoncore-3.14-64\Lib\threading.py", line 1082 in _bootstrap_inner
  File "C:\Users\automation02\AppData\Local\Python\pythoncore-3.14-64\Lib\threading.py", line 1044 in _bootstrap

Current thread 0x000024a0 (most recent call first):
  File "c:\Users\automation02\Desktop\GUI\Strike_Machine\GUI_Strike_Machine\main_edited.py", line 324 in <module>

Current thread's C stack trace (most recent call first):
  <cannot get C stack on this system>
2026-08-25 17:08:48,523 - [main] - INFO - CLEAN_EXIT được đánh dấu. Detail: QApplication.aboutToQuit fired
2026-08-25 17:08:48,525 - [main] - INFO - app.exec() returned exit_code=0
2026-08-25 17:08:48,651 - [main] - INFO - CLEAN_EXIT xác nhận qua atexit.

===== [main] Process start: PID=27244 at 2026-08-26 09:51:57.366442 =====
2026-08-26 09:51:57,367 - [main] - INFO - Không tìm thấy lock file cũ -> phiên chạy trước (nếu có) đã thoát sạch.
2026-08-26 09:51:57,368 - [main] - INFO - Watchdog initialized. PID=27244 log_file=c:\Users\automation02\Desktop\GUI\Strike_Machine\GUI_Strike_Machine\sm_crash.log

===== [loading] Process start: PID=29140 at 2026-08-26 09:51:58.719422 =====
2026-08-26 09:51:58,719 - [loading] - INFO - Không tìm thấy lock file cũ -> phiên chạy trước (nếu có) đã thoát sạch.
2026-08-26 09:51:58,721 - [loading] - INFO - Watchdog initialized. PID=29140 log_file=c:\Users\automation02\Desktop\GUI\Strike_Machine\GUI_Strike_Machine\sm_crash.log
Windows fatal exception: code 0x8001010d

Current thread 0x00006b34 (most recent call first):
  File "c:\Users\automation02\Desktop\GUI\Strike_Machine\GUI_Strike_Machine\main_edited.py", line 201 in <module>

Current thread's C stack trace (most recent call first):
  <cannot get C stack on this system>
2026-08-26 09:52:30,934 - [loading] - INFO - CLEAN_EXIT được đánh dấu. Detail: loading window event loop returned exit_code=0
2026-08-26 09:52:30,951 - [loading] - INFO - CLEAN_EXIT xác nhận qua atexit.
Windows fatal exception: code 0x8001010d

Thread 0x00003328 [Thread-7 (_fetch)] (most recent call first):
  File "c:\Users\automation02\Desktop\GUI\Strike_Machine\GUI_Strike_Machine\source_edited.py", line 2181 in _fetch
  File "C:\Users\automation02\AppData\Local\Python\pythoncore-3.14-64\Lib\threading.py", line 1024 in run
  File "C:\Users\automation02\AppData\Local\Python\pythoncore-3.14-64\Lib\threading.py", line 1082 in _bootstrap_inner
  File "C:\Users\automation02\AppData\Local\Python\pythoncore-3.14-64\Lib\threading.py", line 1044 in _bootstrap

Current thread 0x00003788 (most recent call first):
  File "c:\Users\automation02\Desktop\GUI\Strike_Machine\GUI_Strike_Machine\main_edited.py", line 324 in <module>

Current thread's C stack trace (most recent call first):
  <cannot get C stack on this system>
2026-08-26 09:53:14,280 - [main] - INFO - CLEAN_EXIT được đánh dấu. Detail: QApplication.aboutToQuit fired
2026-08-26 09:53:14,280 - [main] - INFO - app.exec() returned exit_code=0
2026-08-26 09:53:14,431 - [main] - INFO - CLEAN_EXIT xác nhận qua atexit.

===== [main] Process start: PID=21140 at 2026-08-26 10:07:45.229172 =====
2026-08-26 10:07:45,230 - [main] - INFO - Không tìm thấy lock file cũ -> phiên chạy trước (nếu có) đã thoát sạch.
2026-08-26 10:07:45,230 - [main] - INFO - Watchdog initialized. PID=21140 log_file=c:\Users\automation02\Desktop\GUI\Strike_Machine\GUI_Strike_Machine\sm_crash.log

===== [loading] Process start: PID=33488 at 2026-08-26 10:07:45.989406 =====
2026-08-26 10:07:45,989 - [loading] - INFO - Không tìm thấy lock file cũ -> phiên chạy trước (nếu có) đã thoát sạch.
2026-08-26 10:07:45,991 - [loading] - INFO - Watchdog initialized. PID=33488 log_file=c:\Users\automation02\Desktop\GUI\Strike_Machine\GUI_Strike_Machine\sm_crash.log
Windows fatal exception: code 0x8001010d

Current thread 0x00004814 (most recent call first):
  File "c:\Users\automation02\Desktop\GUI\Strike_Machine\GUI_Strike_Machine\main_edited.py", line 201 in <module>

Current thread's C stack trace (most recent call first):
  <cannot get C stack on this system>
2026-08-26 10:07:53,353 - [loading] - INFO - CLEAN_EXIT được đánh dấu. Detail: loading window event loop returned exit_code=0
2026-08-26 10:07:53,365 - [loading] - INFO - CLEAN_EXIT xác nhận qua atexit.
Windows fatal exception: code 0x8001010d

Thread 0x00007ce0 [Thread-7 (_fetch)] (most recent call first):
  File "c:\Users\automation02\Desktop\GUI\Strike_Machine\GUI_Strike_Machine\source_edited.py", line 2141 in _fetch
  File "C:\Users\automation02\AppData\Local\Python\pythoncore-3.14-64\Lib\threading.py", line 1024 in run
  File "C:\Users\automation02\AppData\Local\Python\pythoncore-3.14-64\Lib\threading.py", line 1082 in _bootstrap_inner
  File "C:\Users\automation02\AppData\Local\Python\pythoncore-3.14-64\Lib\threading.py", line 1044 in _bootstrap

Current thread 0x00007834 (most recent call first):
  File "c:\Users\automation02\Desktop\GUI\Strike_Machine\GUI_Strike_Machine\main_edited.py", line 324 in <module>

Current thread's C stack trace (most recent call first):
  <cannot get C stack on this system>
2026-08-26 10:11:38,370 - [main] - INFO - CLEAN_EXIT được đánh dấu. Detail: QApplication.aboutToQuit fired
2026-08-26 10:11:38,371 - [main] - INFO - app.exec() returned exit_code=0
2026-08-26 10:11:38,517 - [main] - INFO - CLEAN_EXIT xác nhận qua atexit.

===== [main] Process start: PID=20684 at 2026-08-26 10:12:07.614941 =====
2026-08-26 10:12:07,615 - [main] - INFO - Không tìm thấy lock file cũ -> phiên chạy trước (nếu có) đã thoát sạch.
2026-08-26 10:12:07,616 - [main] - INFO - Watchdog initialized. PID=20684 log_file=c:\Users\automation02\Desktop\GUI\Strike_Machine\GUI_Strike_Machine\sm_crash.log

===== [loading] Process start: PID=27688 at 2026-08-26 10:12:07.988017 =====
2026-08-26 10:12:07,989 - [loading] - INFO - Không tìm thấy lock file cũ -> phiên chạy trước (nếu có) đã thoát sạch.
2026-08-26 10:12:07,990 - [loading] - INFO - Watchdog initialized. PID=27688 log_file=c:\Users\automation02\Desktop\GUI\Strike_Machine\GUI_Strike_Machine\sm_crash.log
2026-08-26 10:12:15,016 - [loading] - INFO - CLEAN_EXIT được đánh dấu. Detail: loading window event loop returned exit_code=0
2026-08-26 10:12:15,037 - [loading] - INFO - CLEAN_EXIT xác nhận qua atexit.
Windows fatal exception: code 0x8001010d

Thread 0x00004258 [Thread-7 (_fetch)] (most recent call first):
  File "c:\Users\automation02\Desktop\GUI\Strike_Machine\GUI_Strike_Machine\source_edited.py", line 2131 in _fetch
  File "C:\Users\automation02\AppData\Local\Python\pythoncore-3.14-64\Lib\threading.py", line 1024 in run
  File "C:\Users\automation02\AppData\Local\Python\pythoncore-3.14-64\Lib\threading.py", line 1082 in _bootstrap_inner
  File "C:\Users\automation02\AppData\Local\Python\pythoncore-3.14-64\Lib\threading.py", line 1044 in _bootstrap

Current thread 0x00004e68 (most recent call first):
  File "c:\Users\automation02\Desktop\GUI\Strike_Machine\GUI_Strike_Machine\main_edited.py", line 324 in <module>

Current thread's C stack trace (most recent call first):
  <cannot get C stack on this system>
2026-08-26 10:13:09,897 - [main] - INFO - CLEAN_EXIT được đánh dấu. Detail: QApplication.aboutToQuit fired
2026-08-26 10:13:09,899 - [main] - INFO - app.exec() returned exit_code=0
2026-08-26 10:13:10,071 - [main] - INFO - CLEAN_EXIT xác nhận qua atexit.

===== [main] Process start: PID=19872 at 2026-08-26 10:13:13.871885 =====
2026-08-26 10:13:13,872 - [main] - INFO - Không tìm thấy lock file cũ -> phiên chạy trước (nếu có) đã thoát sạch.
2026-08-26 10:13:13,872 - [main] - INFO - Watchdog initialized. PID=19872 log_file=c:\Users\automation02\Desktop\GUI\Strike_Machine\GUI_Strike_Machine\sm_crash.log

===== [loading] Process start: PID=29104 at 2026-08-26 10:13:14.261601 =====
2026-08-26 10:13:14,261 - [loading] - INFO - Không tìm thấy lock file cũ -> phiên chạy trước (nếu có) đã thoát sạch.
2026-08-26 10:13:14,263 - [loading] - INFO - Watchdog initialized. PID=29104 log_file=c:\Users\automation02\Desktop\GUI\Strike_Machine\GUI_Strike_Machine\sm_crash.log
2026-08-26 10:13:21,427 - [loading] - INFO - CLEAN_EXIT được đánh dấu. Detail: loading window event loop returned exit_code=0
2026-08-26 10:13:21,441 - [loading] - INFO - CLEAN_EXIT xác nhận qua atexit.
Windows fatal exception: code 0x8001010d

Thread 0x00005e10 [Thread-7 (_fetch)] (most recent call first):
  File "c:\Users\automation02\Desktop\GUI\Strike_Machine\GUI_Strike_Machine\source_edited.py", line 2141 in _fetch
  File "C:\Users\automation02\AppData\Local\Python\pythoncore-3.14-64\Lib\threading.py", line 1024 in run
  File "C:\Users\automation02\AppData\Local\Python\pythoncore-3.14-64\Lib\threading.py", line 1082 in _bootstrap_inner
  File "C:\Users\automation02\AppData\Local\Python\pythoncore-3.14-64\Lib\threading.py", line 1044 in _bootstrap

Current thread 0x00004a00 (most recent call first):
  File "c:\Users\automation02\Desktop\GUI\Strike_Machine\GUI_Strike_Machine\main_edited.py", line 324 in <module>

Current thread's C stack trace (most recent call first):
  <cannot get C stack on this system>
2026-08-26 10:13:27,094 - [main] - INFO - CLEAN_EXIT được đánh dấu. Detail: QApplication.aboutToQuit fired
2026-08-26 10:13:27,094 - [main] - INFO - app.exec() returned exit_code=0
2026-08-26 10:13:27,193 - [main] - INFO - CLEAN_EXIT xác nhận qua atexit.

===== [main] Process start: PID=22864 at 2026-08-26 10:14:30.087796 =====
2026-08-26 10:14:30,088 - [main] - INFO - Không tìm thấy lock file cũ -> phiên chạy trước (nếu có) đã thoát sạch.
2026-08-26 10:14:30,088 - [main] - INFO - Watchdog initialized. PID=22864 log_file=c:\Users\automation02\Desktop\GUI\Strike_Machine\GUI_Strike_Machine\sm_crash.log

===== [loading] Process start: PID=15564 at 2026-08-26 10:14:30.348812 =====
2026-08-26 10:14:30,349 - [loading] - INFO - Không tìm thấy lock file cũ -> phiên chạy trước (nếu có) đã thoát sạch.
2026-08-26 10:14:30,349 - [loading] - INFO - Watchdog initialized. PID=15564 log_file=c:\Users\automation02\Desktop\GUI\Strike_Machine\GUI_Strike_Machine\sm_crash.log
Windows fatal exception: code 0x8001010d

Current thread 0x00008094 (most recent call first):
  File "c:\Users\automation02\Desktop\GUI\Strike_Machine\GUI_Strike_Machine\main_edited.py", line 201 in <module>

Current thread's C stack trace (most recent call first):
  <cannot get C stack on this system>
2026-08-26 10:14:35,516 - [loading] - INFO - CLEAN_EXIT được đánh dấu. Detail: loading window event loop returned exit_code=0
2026-08-26 10:14:35,525 - [loading] - INFO - CLEAN_EXIT xác nhận qua atexit.
Windows fatal exception: code 0x8001010d

Thread 0x00002810 [Thread-7 (_fetch)] (most recent call first):
  File "c:\Users\automation02\Desktop\GUI\Strike_Machine\GUI_Strike_Machine\source_edited.py", line 2141 in _fetch
  File "C:\Users\automation02\AppData\Local\Python\pythoncore-3.14-64\Lib\threading.py", line 1024 in run
  File "C:\Users\automation02\AppData\Local\Python\pythoncore-3.14-64\Lib\threading.py", line 1082 in _bootstrap_inner
  File "C:\Users\automation02\AppData\Local\Python\pythoncore-3.14-64\Lib\threading.py", line 1044 in _bootstrap

Current thread 0x000011f4 (most recent call first):
  File "c:\Users\automation02\Desktop\GUI\Strike_Machine\GUI_Strike_Machine\main_edited.py", line 324 in <module>

Current thread's C stack trace (most recent call first):
  <cannot get C stack on this system>
2026-08-26 10:14:44,010 - [main] - INFO - CLEAN_EXIT được đánh dấu. Detail: QApplication.aboutToQuit fired
2026-08-26 10:14:44,010 - [main] - INFO - app.exec() returned exit_code=0
2026-08-26 10:14:44,134 - [main] - INFO - CLEAN_EXIT xác nhận qua atexit.

===== [main] Process start: PID=25404 at 2026-08-26 10:15:04.667531 =====
2026-08-26 10:15:04,668 - [main] - INFO - Không tìm thấy lock file cũ -> phiên chạy trước (nếu có) đã thoát sạch.
2026-08-26 10:15:04,670 - [main] - INFO - Watchdog initialized. PID=25404 log_file=c:\Users\automation02\Desktop\GUI\Strike_Machine\GUI_Strike_Machine\sm_crash.log

===== [loading] Process start: PID=16816 at 2026-08-26 10:15:05.173344 =====
2026-08-26 10:15:05,173 - [loading] - INFO - Không tìm thấy lock file cũ -> phiên chạy trước (nếu có) đã thoát sạch.
2026-08-26 10:15:05,174 - [loading] - INFO - Watchdog initialized. PID=16816 log_file=c:\Users\automation02\Desktop\GUI\Strike_Machine\GUI_Strike_Machine\sm_crash.log
Windows fatal exception: code 0x8001010d

Current thread 0x00007534 (most recent call first):
  File "c:\Users\automation02\Desktop\GUI\Strike_Machine\GUI_Strike_Machine\main_edited.py", line 201 in <module>

Current thread's C stack trace (most recent call first):
  <cannot get C stack on this system>
2026-08-26 10:15:14,896 - [loading] - INFO - CLEAN_EXIT được đánh dấu. Detail: loading window event loop returned exit_code=0
2026-08-26 10:15:14,909 - [loading] - INFO - CLEAN_EXIT xác nhận qua atexit.
Windows fatal exception: code 0x8001010d

Thread 0x000047dc [Thread-7 (_fetch)] (most recent call first):
  File "c:\Users\automation02\Desktop\GUI\Strike_Machine\GUI_Strike_Machine\source_edited.py", line 2131 in _fetch
  File "C:\Users\automation02\AppData\Local\Python\pythoncore-3.14-64\Lib\threading.py", line 1024 in run
  File "C:\Users\automation02\AppData\Local\Python\pythoncore-3.14-64\Lib\threading.py", line 1082 in _bootstrap_inner
  File "C:\Users\automation02\AppData\Local\Python\pythoncore-3.14-64\Lib\threading.py", line 1044 in _bootstrap

Current thread 0x00005f54 (most recent call first):
  File "c:\Users\automation02\Desktop\GUI\Strike_Machine\GUI_Strike_Machine\main_edited.py", line 324 in <module>

Current thread's C stack trace (most recent call first):
  <cannot get C stack on this system>

===== [main] Process start: PID=19064 at 2026-08-26 10:20:54.490256 =====
2026-08-26 10:20:54,496 - [main] - WARNING - PREVIOUS_SESSION_DID_NOT_EXIT_CLEANLY -> lần chạy trước có thể đã bị kill cứng (Task Manager 'End task', kill -9, mất điện, treo máy...). Thông tin phiên trước: pid=25404
started_at=2026-08-26T10:15:04.669117

2026-08-26 10:20:54,497 - [main] - INFO - Watchdog initialized. PID=19064 log_file=c:\Users\automation02\Desktop\GUI\Strike_Machine\GUI_Strike_Machine\sm_crash.log

===== [loading] Process start: PID=24644 at 2026-08-26 10:20:54.756406 =====
2026-08-26 10:20:54,756 - [loading] - INFO - Không tìm thấy lock file cũ -> phiên chạy trước (nếu có) đã thoát sạch.
2026-08-26 10:20:54,757 - [loading] - INFO - Watchdog initialized. PID=24644 log_file=c:\Users\automation02\Desktop\GUI\Strike_Machine\GUI_Strike_Machine\sm_crash.log
Windows fatal exception: code 0x8001010d

Current thread 0x000066f0 (most recent call first):
  File "c:\Users\automation02\Desktop\GUI\Strike_Machine\GUI_Strike_Machine\main_edited.py", line 201 in <module>

Current thread's C stack trace (most recent call first):
  <cannot get C stack on this system>
2026-08-26 10:21:02,053 - [loading] - INFO - CLEAN_EXIT được đánh dấu. Detail: loading window event loop returned exit_code=0
2026-08-26 10:21:02,070 - [loading] - INFO - CLEAN_EXIT xác nhận qua atexit.
Windows fatal exception: code 0x8001010d

Thread 0x00007740 [Thread-7 (_fetch)] (most recent call first):
  File "c:\Users\automation02\Desktop\GUI\Strike_Machine\GUI_Strike_Machine\source_edited.py", line 2141 in _fetch
  File "C:\Users\automation02\AppData\Local\Python\pythoncore-3.14-64\Lib\threading.py", line 1024 in run
  File "C:\Users\automation02\AppData\Local\Python\pythoncore-3.14-64\Lib\threading.py", line 1082 in _bootstrap_inner
  File "C:\Users\automation02\AppData\Local\Python\pythoncore-3.14-64\Lib\threading.py", line 1044 in _bootstrap

Current thread 0x00006140 (most recent call first):
  File "c:\Users\automation02\Desktop\GUI\Strike_Machine\GUI_Strike_Machine\main_edited.py", line 324 in <module>

Current thread's C stack trace (most recent call first):
  <cannot get C stack on this system>
2026-08-26 10:21:20,805 - [main] - INFO - CLEAN_EXIT được đánh dấu. Detail: QApplication.aboutToQuit fired
2026-08-26 10:21:20,805 - [main] - INFO - app.exec() returned exit_code=0
2026-08-26 10:21:20,898 - [main] - INFO - CLEAN_EXIT xác nhận qua atexit.

===== [main] Process start: PID=25460 at 2026-08-26 14:23:11.765970 =====
2026-08-26 14:23:11,768 - [main] - INFO - Không tìm thấy lock file cũ -> phiên chạy trước (nếu có) đã thoát sạch.
2026-08-26 14:23:11,769 - [main] - INFO - Watchdog initialized. PID=25460 log_file=c:\Users\automation02\Desktop\GUI\Strike_Machine\GUI_Strike_Machine\sm_crash.log

===== [loading] Process start: PID=22768 at 2026-08-26 14:23:12.153117 =====
2026-08-26 14:23:12,153 - [loading] - INFO - Không tìm thấy lock file cũ -> phiên chạy trước (nếu có) đã thoát sạch.
2026-08-26 14:23:12,154 - [loading] - INFO - Watchdog initialized. PID=22768 log_file=c:\Users\automation02\Desktop\GUI\Strike_Machine\GUI_Strike_Machine\sm_crash.log
2026-08-26 14:23:34,930 - [loading] - INFO - CLEAN_EXIT được đánh dấu. Detail: loading window event loop returned exit_code=0
2026-08-26 14:23:34,942 - [loading] - INFO - CLEAN_EXIT xác nhận qua atexit.
Windows fatal exception: code 0x8001010d

Thread 0x000047a8 [Thread-7 (_fetch)] (most recent call first):
  File "c:\Users\automation02\Desktop\GUI\Strike_Machine\GUI_Strike_Machine\source_edited.py", line 2141 in _fetch
  File "C:\Users\automation02\AppData\Local\Python\pythoncore-3.14-64\Lib\threading.py", line 1024 in run
  File "C:\Users\automation02\AppData\Local\Python\pythoncore-3.14-64\Lib\threading.py", line 1082 in _bootstrap_inner
  File "C:\Users\automation02\AppData\Local\Python\pythoncore-3.14-64\Lib\threading.py", line 1044 in _bootstrap

Current thread 0x00002560 (most recent call first):
  File "c:\Users\automation02\Desktop\GUI\Strike_Machine\GUI_Strike_Machine\main_edited.py", line 324 in <module>

Current thread's C stack trace (most recent call first):
  <cannot get C stack on this system>
2026-08-26 14:23:43,683 - [main] - INFO - CLEAN_EXIT được đánh dấu. Detail: QApplication.aboutToQuit fired
2026-08-26 14:23:43,683 - [main] - INFO - app.exec() returned exit_code=0
2026-08-26 14:23:43,767 - [main] - INFO - CLEAN_EXIT xác nhận qua atexit.

===== [main] Process start: PID=32048 at 2026-08-26 15:33:46.284632 =====
2026-08-26 15:33:46,285 - [main] - INFO - Không tìm thấy lock file cũ -> phiên chạy trước (nếu có) đã thoát sạch.
2026-08-26 15:33:46,286 - [main] - INFO - Watchdog initialized. PID=32048 log_file=c:\Users\automation02\Desktop\GUI\Strike_Machine\GUI_Strike_Machine\sm_crash.log

===== [loading] Process start: PID=25324 at 2026-08-26 15:33:46.675917 =====
2026-08-26 15:33:46,676 - [loading] - INFO - Không tìm thấy lock file cũ -> phiên chạy trước (nếu có) đã thoát sạch.
2026-08-26 15:33:46,677 - [loading] - INFO - Watchdog initialized. PID=25324 log_file=c:\Users\automation02\Desktop\GUI\Strike_Machine\GUI_Strike_Machine\sm_crash.log
Windows fatal exception: code 0x8001010d

Current thread 0x00003bb0 (most recent call first):
  File "c:\Users\automation02\Desktop\GUI\Strike_Machine\GUI_Strike_Machine\main_edited.py", line 201 in <module>

Current thread's C stack trace (most recent call first):
  <cannot get C stack on this system>
2026-08-26 15:34:08,835 - [loading] - INFO - CLEAN_EXIT được đánh dấu. Detail: loading window event loop returned exit_code=0
2026-08-26 15:34:08,845 - [loading] - INFO - CLEAN_EXIT xác nhận qua atexit.
Windows fatal exception: code 0x8001010d

Thread 0x000083e8 [Thread-8 (_fetch)] (most recent call first):
  File "c:\Users\automation02\Desktop\GUI\Strike_Machine\GUI_Strike_Machine\source_edited.py", line 2131 in _fetch
  File "C:\Users\automation02\AppData\Local\Python\pythoncore-3.14-64\Lib\threading.py", line 1024 in run
  File "C:\Users\automation02\AppData\Local\Python\pythoncore-3.14-64\Lib\threading.py", line 1082 in _bootstrap_inner
  File "C:\Users\automation02\AppData\Local\Python\pythoncore-3.14-64\Lib\threading.py", line 1044 in _bootstrap

Current thread 0x00004240 (most recent call first):
  File "c:\Users\automation02\Desktop\GUI\Strike_Machine\GUI_Strike_Machine\main_edited.py", line 324 in <module>

Current thread's C stack trace (most recent call first):
  <cannot get C stack on this system>
2026-08-26 15:34:13,333 - [main] - INFO - CLEAN_EXIT được đánh dấu. Detail: QApplication.aboutToQuit fired
2026-08-26 15:34:13,334 - [main] - INFO - app.exec() returned exit_code=0
2026-08-26 15:34:13,414 - [main] - INFO - CLEAN_EXIT xác nhận qua atexit.

===== [main] Process start: PID=31248 at 2026-08-26 15:40:08.178923 =====
2026-08-26 15:40:08,179 - [main] - INFO - Không tìm thấy lock file cũ -> phiên chạy trước (nếu có) đã thoát sạch.
2026-08-26 15:40:08,180 - [main] - INFO - Watchdog initialized. PID=31248 log_file=c:\Users\automation02\Desktop\GUI\Strike_Machine\GUI_Strike_Machine\sm_crash.log

===== [loading] Process start: PID=5872 at 2026-08-26 15:40:08.586296 =====
2026-08-26 15:40:08,586 - [loading] - INFO - Không tìm thấy lock file cũ -> phiên chạy trước (nếu có) đã thoát sạch.
2026-08-26 15:40:08,587 - [loading] - INFO - Watchdog initialized. PID=5872 log_file=c:\Users\automation02\Desktop\GUI\Strike_Machine\GUI_Strike_Machine\sm_crash.log
Windows fatal exception: code 0x8001010d

Current thread 0x000082c0 (most recent call first):
  File "c:\Users\automation02\Desktop\GUI\Strike_Machine\GUI_Strike_Machine\main_edited.py", line 200 in <module>

Current thread's C stack trace (most recent call first):
  <cannot get C stack on this system>
2026-08-26 15:40:17,502 - [loading] - INFO - CLEAN_EXIT được đánh dấu. Detail: loading window event loop returned exit_code=0
2026-08-26 15:40:17,525 - [loading] - INFO - CLEAN_EXIT xác nhận qua atexit.
Windows fatal exception: code 0x8001010d

Thread 0x00002464 [Thread-7 (_fetch)] (most recent call first):
  File "c:\Users\automation02\Desktop\GUI\Strike_Machine\GUI_Strike_Machine\source_edited.py", line 2141 in _fetch
  File "C:\Users\automation02\AppData\Local\Python\pythoncore-3.14-64\Lib\threading.py", line 1024 in run
  File "C:\Users\automation02\AppData\Local\Python\pythoncore-3.14-64\Lib\threading.py", line 1082 in _bootstrap_inner
  File "C:\Users\automation02\AppData\Local\Python\pythoncore-3.14-64\Lib\threading.py", line 1044 in _bootstrap

Current thread 0x00006d68 (most recent call first):
  File "c:\Users\automation02\Desktop\GUI\Strike_Machine\GUI_Strike_Machine\main_edited.py", line 323 in <module>

Current thread's C stack trace (most recent call first):
  <cannot get C stack on this system>
2026-08-26 15:43:52,277 - [main] - INFO - CLEAN_EXIT được đánh dấu. Detail: QApplication.aboutToQuit fired
2026-08-26 15:43:52,278 - [main] - INFO - app.exec() returned exit_code=0
2026-08-26 15:43:52,458 - [main] - INFO - CLEAN_EXIT xác nhận qua atexit.

===== [main] Process start: PID=23616 at 2026-08-26 15:43:59.169520 =====
2026-08-26 15:43:59,170 - [main] - INFO - Không tìm thấy lock file cũ -> phiên chạy trước (nếu có) đã thoát sạch.
2026-08-26 15:43:59,171 - [main] - INFO - Watchdog initialized. PID=23616 log_file=c:\Users\automation02\Desktop\GUI\Strike_Machine\GUI_Strike_Machine\sm_crash.log

===== [loading] Process start: PID=29444 at 2026-08-26 15:43:59.789853 =====
2026-08-26 15:43:59,790 - [loading] - INFO - Không tìm thấy lock file cũ -> phiên chạy trước (nếu có) đã thoát sạch.
2026-08-26 15:43:59,792 - [loading] - INFO - Watchdog initialized. PID=29444 log_file=c:\Users\automation02\Desktop\GUI\Strike_Machine\GUI_Strike_Machine\sm_crash.log
Windows fatal exception: code 0x8001010d

Current thread 0x0000795c (most recent call first):
  File "c:\Users\automation02\Desktop\GUI\Strike_Machine\GUI_Strike_Machine\main_edited.py", line 200 in <module>

Current thread's C stack trace (most recent call first):
  <cannot get C stack on this system>
2026-08-26 15:44:09,683 - [loading] - INFO - CLEAN_EXIT được đánh dấu. Detail: loading window event loop returned exit_code=0
2026-08-26 15:44:09,691 - [loading] - INFO - CLEAN_EXIT xác nhận qua atexit.
Windows fatal exception: code 0x8001010d

Thread 0x0000358c [Thread-7 (_fetch)] (most recent call first):
  File "c:\Users\automation02\Desktop\GUI\Strike_Machine\GUI_Strike_Machine\source_edited.py", line 2141 in _fetch
  File "C:\Users\automation02\AppData\Local\Python\pythoncore-3.14-64\Lib\threading.py", line 1024 in run
  File "C:\Users\automation02\AppData\Local\Python\pythoncore-3.14-64\Lib\threading.py", line 1082 in _bootstrap_inner
  File "C:\Users\automation02\AppData\Local\Python\pythoncore-3.14-64\Lib\threading.py", line 1044 in _bootstrap

Current thread 0x00004310 (most recent call first):
  File "c:\Users\automation02\Desktop\GUI\Strike_Machine\GUI_Strike_Machine\main_edited.py", line 323 in <module>

Current thread's C stack trace (most recent call first):
  <cannot get C stack on this system>
2026-08-26 15:47:55,806 - [main] - WARNING - OS_SIGNAL nhận được: SIGINT (2) -> app bị yêu cầu tắt từ bên ngoài (Task Manager, kill, logoff, tắt máy...).
2026-08-26 15:47:55,806 - [main] - INFO - CLEAN_EXIT được đánh dấu. Detail: terminated_by_signal=SIGINT

===== [main] Process start: PID=33628 at 2026-08-26 15:48:01.965979 =====
2026-08-26 15:48:01,974 - [main] - WARNING - PREVIOUS_SESSION_DID_NOT_EXIT_CLEANLY -> lần chạy trước có thể đã bị kill cứng (Task Manager 'End task', kill -9, mất điện, treo máy...). Thông tin phiên trước: pid=23616
started_at=2026-08-26T15:43:59.170474

2026-08-26 15:48:01,974 - [main] - INFO - Watchdog initialized. PID=33628 log_file=c:\Users\automation02\Desktop\GUI\Strike_Machine\GUI_Strike_Machine\sm_crash.log

===== [loading] Process start: PID=15692 at 2026-08-26 15:48:02.231637 =====
2026-08-26 15:48:02,231 - [loading] - INFO - Không tìm thấy lock file cũ -> phiên chạy trước (nếu có) đã thoát sạch.
2026-08-26 15:48:02,232 - [loading] - INFO - Watchdog initialized. PID=15692 log_file=c:\Users\automation02\Desktop\GUI\Strike_Machine\GUI_Strike_Machine\sm_crash.log
2026-08-26 15:48:08,849 - [loading] - INFO - CLEAN_EXIT được đánh dấu. Detail: loading window event loop returned exit_code=0
2026-08-26 15:48:08,871 - [loading] - INFO - CLEAN_EXIT xác nhận qua atexit.
Windows fatal exception: code 0x8001010d

Thread 0x00005e38 [Thread-7 (_fetch)] (most recent call first):
  File "c:\Users\automation02\Desktop\GUI\Strike_Machine\GUI_Strike_Machine\source_edited.py", line 2131 in _fetch
  File "C:\Users\automation02\AppData\Local\Python\pythoncore-3.14-64\Lib\threading.py", line 1024 in run
  File "C:\Users\automation02\AppData\Local\Python\pythoncore-3.14-64\Lib\threading.py", line 1082 in _bootstrap_inner
  File "C:\Users\automation02\AppData\Local\Python\pythoncore-3.14-64\Lib\threading.py", line 1044 in _bootstrap

Current thread 0x00004778 (most recent call first):
  File "c:\Users\automation02\Desktop\GUI\Strike_Machine\GUI_Strike_Machine\main_edited.py", line 323 in <module>

Current thread's C stack trace (most recent call first):
  <cannot get C stack on this system>
2026-08-26 15:48:12,928 - [main] - INFO - CLEAN_EXIT được đánh dấu. Detail: QApplication.aboutToQuit fired
2026-08-26 15:48:12,928 - [main] - INFO - app.exec() returned exit_code=0
2026-08-26 15:48:13,028 - [main] - INFO - CLEAN_EXIT xác nhận qua atexit.

===== [main] Process start: PID=30160 at 2026-08-26 15:49:59.518429 =====
2026-08-26 15:49:59,519 - [main] - INFO - Không tìm thấy lock file cũ -> phiên chạy trước (nếu có) đã thoát sạch.
2026-08-26 15:49:59,520 - [main] - INFO - Watchdog initialized. PID=30160 log_file=c:\Users\automation02\Desktop\GUI\Strike_Machine\GUI_Strike_Machine\sm_crash.log

===== [loading] Process start: PID=19948 at 2026-08-26 15:49:59.829159 =====
2026-08-26 15:49:59,829 - [loading] - INFO - Không tìm thấy lock file cũ -> phiên chạy trước (nếu có) đã thoát sạch.
2026-08-26 15:49:59,830 - [loading] - INFO - Watchdog initialized. PID=19948 log_file=c:\Users\automation02\Desktop\GUI\Strike_Machine\GUI_Strike_Machine\sm_crash.log
Windows fatal exception: code 0x8001010d

Current thread 0x00007610 (most recent call first):
  File "c:\Users\automation02\Desktop\GUI\Strike_Machine\GUI_Strike_Machine\main_edited.py", line 200 in <module>

Current thread's C stack trace (most recent call first):
  <cannot get C stack on this system>
2026-08-26 15:50:04,925 - [loading] - INFO - CLEAN_EXIT được đánh dấu. Detail: loading window event loop returned exit_code=0
2026-08-26 15:50:04,934 - [loading] - INFO - CLEAN_EXIT xác nhận qua atexit.
Windows fatal exception: code 0x8001010d

Thread 0x00002098 [Thread-7 (_fetch)] (most recent call first):
  File "c:\Users\automation02\Desktop\GUI\Strike_Machine\GUI_Strike_Machine\source_edited.py", line 2141 in _fetch
  File "C:\Users\automation02\AppData\Local\Python\pythoncore-3.14-64\Lib\threading.py", line 1024 in run
  File "C:\Users\automation02\AppData\Local\Python\pythoncore-3.14-64\Lib\threading.py", line 1082 in _bootstrap_inner
  File "C:\Users\automation02\AppData\Local\Python\pythoncore-3.14-64\Lib\threading.py", line 1044 in _bootstrap

Current thread 0x00005518 (most recent call first):
  File "c:\Users\automation02\Desktop\GUI\Strike_Machine\GUI_Strike_Machine\main_edited.py", line 323 in <module>

Current thread's C stack trace (most recent call first):
  <cannot get C stack on this system>
2026-08-26 15:50:52,080 - [main] - INFO - CLEAN_EXIT được đánh dấu. Detail: QApplication.aboutToQuit fired
2026-08-26 15:50:52,082 - [main] - INFO - app.exec() returned exit_code=0
2026-08-26 15:50:52,151 - [main] - INFO - CLEAN_EXIT xác nhận qua atexit.

===== [main] Process start: PID=9548 at 2026-08-27 09:35:29.894324 =====
2026-08-27 09:35:29,894 - [main] - INFO - Không tìm thấy lock file cũ -> phiên chạy trước (nếu có) đã thoát sạch.
2026-08-27 09:35:29,895 - [main] - INFO - Watchdog initialized. PID=9548 log_file=c:\Users\automation02\Desktop\GUI\Strike_Machine\GUI_Strike_Machine\sm_crash.log

===== [loading] Process start: PID=19448 at 2026-08-27 09:35:30.324517 =====
2026-08-27 09:35:30,324 - [loading] - INFO - Không tìm thấy lock file cũ -> phiên chạy trước (nếu có) đã thoát sạch.
2026-08-27 09:35:30,325 - [loading] - INFO - Watchdog initialized. PID=19448 log_file=c:\Users\automation02\Desktop\GUI\Strike_Machine\GUI_Strike_Machine\sm_crash.log
Windows fatal exception: code 0x8001010d

Current thread 0x000058a0 (most recent call first):
  File "c:\Users\automation02\Desktop\GUI\Strike_Machine\GUI_Strike_Machine\main_edited.py", line 200 in <module>

Current thread's C stack trace (most recent call first):
  <cannot get C stack on this system>
2026-08-27 09:36:04,842 - [loading] - INFO - CLEAN_EXIT được đánh dấu. Detail: loading window event loop returned exit_code=0
2026-08-27 09:36:04,854 - [loading] - INFO - CLEAN_EXIT xác nhận qua atexit.
Windows fatal exception: code 0x8001010d

Thread 0x00001fc4 [Thread-7 (_fetch)] (most recent call first):
  File "c:\Users\automation02\Desktop\GUI\Strike_Machine\GUI_Strike_Machine\source_edited.py", line 2077 in _fetch
  File "C:\Users\automation02\AppData\Local\Python\pythoncore-3.14-64\Lib\threading.py", line 1024 in run
  File "C:\Users\automation02\AppData\Local\Python\pythoncore-3.14-64\Lib\threading.py", line 1082 in _bootstrap_inner
  File "C:\Users\automation02\AppData\Local\Python\pythoncore-3.14-64\Lib\threading.py", line 1044 in _bootstrap

Current thread 0x00004974 (most recent call first):
  File "c:\Users\automation02\Desktop\GUI\Strike_Machine\GUI_Strike_Machine\main_edited.py", line 323 in <module>

Current thread's C stack trace (most recent call first):
  <cannot get C stack on this system>
2026-08-27 09:42:43,421 - [main] - INFO - CLEAN_EXIT được đánh dấu. Detail: QApplication.aboutToQuit fired
2026-08-27 09:42:43,422 - [main] - INFO - app.exec() returned exit_code=0
2026-08-27 09:42:43,507 - [main] - INFO - CLEAN_EXIT xác nhận qua atexit.

===== [main] Process start: PID=15292 at 2026-08-27 09:56:02.293605 =====
2026-08-27 09:56:02,293 - [main] - INFO - Không tìm thấy lock file cũ -> phiên chạy trước (nếu có) đã thoát sạch.
2026-08-27 09:56:02,294 - [main] - INFO - Watchdog initialized. PID=15292 log_file=c:\Users\automation02\Desktop\GUI\Strike_Machine\GUI_Strike_Machine\sm_crash.log

===== [loading] Process start: PID=23280 at 2026-08-27 09:56:02.541975 =====
2026-08-27 09:56:02,542 - [loading] - INFO - Không tìm thấy lock file cũ -> phiên chạy trước (nếu có) đã thoát sạch.
2026-08-27 09:56:02,542 - [loading] - INFO - Watchdog initialized. PID=23280 log_file=c:\Users\automation02\Desktop\GUI\Strike_Machine\GUI_Strike_Machine\sm_crash.log
Windows fatal exception: code 0x8001010d

Current thread 0x00000694 (most recent call first):
  File "c:\Users\automation02\Desktop\GUI\Strike_Machine\GUI_Strike_Machine\main_edited.py", line 200 in <module>

Current thread's C stack trace (most recent call first):
  <cannot get C stack on this system>
2026-08-27 09:56:09,004 - [loading] - INFO - CLEAN_EXIT được đánh dấu. Detail: loading window event loop returned exit_code=0
2026-08-27 09:56:09,020 - [loading] - INFO - CLEAN_EXIT xác nhận qua atexit.
Windows fatal exception: code 0x8001010d

Thread 0x00005950 [Thread-7 (_fetch)] (most recent call first):
  File "c:\Users\automation02\Desktop\GUI\Strike_Machine\GUI_Strike_Machine\source_edited.py", line 2088 in _fetch
  File "C:\Users\automation02\AppData\Local\Python\pythoncore-3.14-64\Lib\threading.py", line 1024 in run
  File "C:\Users\automation02\AppData\Local\Python\pythoncore-3.14-64\Lib\threading.py", line 1082 in _bootstrap_inner
  File "C:\Users\automation02\AppData\Local\Python\pythoncore-3.14-64\Lib\threading.py", line 1044 in _bootstrap

Current thread 0x000057f8 (most recent call first):
  File "c:\Users\automation02\Desktop\GUI\Strike_Machine\GUI_Strike_Machine\main_edited.py", line 323 in <module>

Current thread's C stack trace (most recent call first):
  <cannot get C stack on this system>
2026-08-27 09:56:15,068 - [main] - INFO - CLEAN_EXIT được đánh dấu. Detail: QApplication.aboutToQuit fired
2026-08-27 09:56:15,069 - [main] - INFO - app.exec() returned exit_code=0
2026-08-27 09:56:15,184 - [main] - INFO - CLEAN_EXIT xác nhận qua atexit.

===== [main] Process start: PID=9144 at 2026-08-27 09:56:43.167652 =====
2026-08-27 09:56:43,168 - [main] - INFO - Không tìm thấy lock file cũ -> phiên chạy trước (nếu có) đã thoát sạch.
2026-08-27 09:56:43,168 - [main] - INFO - Watchdog initialized. PID=9144 log_file=c:\Users\automation02\Desktop\GUI\Strike_Machine\GUI_Strike_Machine\sm_crash.log

===== [loading] Process start: PID=14340 at 2026-08-27 09:56:43.397118 =====
2026-08-27 09:56:43,397 - [loading] - INFO - Không tìm thấy lock file cũ -> phiên chạy trước (nếu có) đã thoát sạch.
2026-08-27 09:56:43,397 - [loading] - INFO - Watchdog initialized. PID=14340 log_file=c:\Users\automation02\Desktop\GUI\Strike_Machine\GUI_Strike_Machine\sm_crash.log
Windows fatal exception: code 0x8001010d

Current thread 0x00003208 (most recent call first):
  File "c:\Users\automation02\Desktop\GUI\Strike_Machine\GUI_Strike_Machine\main_edited.py", line 200 in <module>

Current thread's C stack trace (most recent call first):
  <cannot get C stack on this system>
2026-08-27 09:56:49,862 - [loading] - INFO - CLEAN_EXIT được đánh dấu. Detail: loading window event loop returned exit_code=0
2026-08-27 09:56:49,874 - [loading] - INFO - CLEAN_EXIT xác nhận qua atexit.
Windows fatal exception: code 0x8001010d

Thread 0x00001a50 [Thread-7 (_fetch)] (most recent call first):
  File "c:\Users\automation02\Desktop\GUI\Strike_Machine\GUI_Strike_Machine\source_edited.py", line 2088 in _fetch
  File "C:\Users\automation02\AppData\Local\Python\pythoncore-3.14-64\Lib\threading.py", line 1024 in run
  File "C:\Users\automation02\AppData\Local\Python\pythoncore-3.14-64\Lib\threading.py", line 1082 in _bootstrap_inner
  File "C:\Users\automation02\AppData\Local\Python\pythoncore-3.14-64\Lib\threading.py", line 1044 in _bootstrap

Current thread 0x00003fd0 (most recent call first):
  File "c:\Users\automation02\Desktop\GUI\Strike_Machine\GUI_Strike_Machine\main_edited.py", line 323 in <module>

Current thread's C stack trace (most recent call first):
  <cannot get C stack on this system>
2026-08-27 10:00:56,101 - [main] - INFO - CLEAN_EXIT được đánh dấu. Detail: QApplication.aboutToQuit fired
2026-08-27 10:00:56,102 - [main] - INFO - app.exec() returned exit_code=0
2026-08-27 10:00:56,226 - [main] - INFO - CLEAN_EXIT xác nhận qua atexit.

===== [main] Process start: PID=24556 at 2026-08-27 10:00:58.761994 =====
2026-08-27 10:00:58,762 - [main] - INFO - Không tìm thấy lock file cũ -> phiên chạy trước (nếu có) đã thoát sạch.
2026-08-27 10:00:58,764 - [main] - INFO - Watchdog initialized. PID=24556 log_file=c:\Users\automation02\Desktop\GUI\Strike_Machine\GUI_Strike_Machine\sm_crash.log

===== [loading] Process start: PID=3892 at 2026-08-27 10:00:59.508302 =====
2026-08-27 10:00:59,508 - [loading] - INFO - Không tìm thấy lock file cũ -> phiên chạy trước (nếu có) đã thoát sạch.
2026-08-27 10:00:59,509 - [loading] - INFO - Watchdog initialized. PID=3892 log_file=c:\Users\automation02\Desktop\GUI\Strike_Machine\GUI_Strike_Machine\sm_crash.log
Windows fatal exception: code 0x8001010d

Current thread 0x00004f9c (most recent call first):
  File "c:\Users\automation02\Desktop\GUI\Strike_Machine\GUI_Strike_Machine\main_edited.py", line 200 in <module>

Current thread's C stack trace (most recent call first):
  <cannot get C stack on this system>
2026-08-27 10:01:13,147 - [loading] - INFO - CLEAN_EXIT được đánh dấu. Detail: loading window event loop returned exit_code=0
2026-08-27 10:01:13,179 - [loading] - INFO - CLEAN_EXIT xác nhận qua atexit.
Windows fatal exception: code 0x8001010d

Thread 0x0000327c [QThread] (most recent call first):
  File "C:\Users\automation02\Desktop\GUI\Strike_Machine\GUI_Strike_Machine\.venv\Lib\site-packages\pymodbus\client\serial.py", line 292 in _wait_for_data
  File "C:\Users\automation02\Desktop\GUI\Strike_Machine\GUI_Strike_Machine\.venv\Lib\site-packages\pymodbus\client\serial.py", line 300 in recv
  File "C:\Users\automation02\Desktop\GUI\Strike_Machine\GUI_Strike_Machine\.venv\Lib\site-packages\pymodbus\transaction\transaction.py", line 89 in sync_get_response
  File "C:\Users\automation02\Desktop\GUI\Strike_Machine\GUI_Strike_Machine\.venv\Lib\site-packages\pymodbus\transaction\transaction.py", line 153 in sync_execute
  File "C:\Users\automation02\Desktop\GUI\Strike_Machine\GUI_Strike_Machine\.venv\Lib\site-packages\pymodbus\client\base.py", line 189 in execute
  File "C:\Users\automation02\Desktop\GUI\Strike_Machine\GUI_Strike_Machine\.venv\Lib\site-packages\pymodbus\client\mixin.py", line 162 in read_input_registers
  File "c:\Users\automation02\Desktop\GUI\Strike_Machine\GUI_Strike_Machine\SERIAL_READ_MODULE.py", line 441 in _read_input_registers
  File "c:\Users\automation02\Desktop\GUI\Strike_Machine\GUI_Strike_Machine\SERIAL_READ_MODULE.py", line 453 in _read_all
  File "c:\Users\automation02\Desktop\GUI\Strike_Machine\GUI_Strike_Machine\SERIAL_READ_MODULE.py", line 405 in _poll

Thread 0x00003900 [Thread-7 (_fetch)] (most recent call first):
  File "c:\Users\automation02\Desktop\GUI\Strike_Machine\GUI_Strike_Machine\source_edited.py", line 2088 in _fetch
  File "C:\Users\automation02\AppData\Local\Python\pythoncore-3.14-64\Lib\threading.py", line 1024 in run
  File "C:\Users\automation02\AppData\Local\Python\pythoncore-3.14-64\Lib\threading.py", line 1082 in _bootstrap_inner
  File "C:\Users\automation02\AppData\Local\Python\pythoncore-3.14-64\Lib\threading.py", line 1044 in _bootstrap

Current thread 0x00005990 (most recent call first):
  File "c:\Users\automation02\Desktop\GUI\Strike_Machine\GUI_Strike_Machine\main_edited.py", line 323 in <module>

Current thread's C stack trace (most recent call first):
  <cannot get C stack on this system>
2026-08-27 10:03:06,091 - [main] - WARNING - OS_SIGNAL nhận được: SIGINT (2) -> app bị yêu cầu tắt từ bên ngoài (Task Manager, kill, logoff, tắt máy...).
2026-08-27 10:03:06,091 - [main] - INFO - CLEAN_EXIT được đánh dấu. Detail: terminated_by_signal=SIGINT
2026-08-27 10:03:06,097 - [main] - INFO - CLEAN_EXIT được đánh dấu. Detail: QApplication.aboutToQuit fired
2026-08-27 10:03:06,097 - [main] - INFO - app.exec() returned exit_code=0
2026-08-27 10:03:06,139 - [main] - INFO - CLEAN_EXIT xác nhận qua atexit.

===== [main] Process start: PID=3492 at 2026-08-27 10:06:46.597955 =====
2026-08-27 10:06:46,598 - [main] - INFO - Không tìm thấy lock file cũ -> phiên chạy trước (nếu có) đã thoát sạch.
2026-08-27 10:06:46,599 - [main] - INFO - Watchdog initialized. PID=3492 log_file=c:\Users\automation02\Desktop\GUI\Strike_Machine\GUI_Strike_Machine\sm_crash.log

===== [loading] Process start: PID=21116 at 2026-08-27 10:06:47.112051 =====
2026-08-27 10:06:47,112 - [loading] - INFO - Không tìm thấy lock file cũ -> phiên chạy trước (nếu có) đã thoát sạch.
2026-08-27 10:06:47,113 - [loading] - INFO - Watchdog initialized. PID=21116 log_file=c:\Users\automation02\Desktop\GUI\Strike_Machine\GUI_Strike_Machine\sm_crash.log
Windows fatal exception: code 0x8001010d

Current thread 0x00000af8 (most recent call first):
  File "c:\Users\automation02\Desktop\GUI\Strike_Machine\GUI_Strike_Machine\main_edited.py", line 200 in <module>

Current thread's C stack trace (most recent call first):
  <cannot get C stack on this system>
2026-08-27 10:07:17,577 - [loading] - INFO - CLEAN_EXIT được đánh dấu. Detail: loading window event loop returned exit_code=0
2026-08-27 10:07:17,598 - [loading] - INFO - CLEAN_EXIT xác nhận qua atexit.
Windows fatal exception: code 0x8001010d

Thread 0x000031b0 [QThread] (most recent call first):
  File "C:\Users\automation02\Desktop\GUI\Strike_Machine\GUI_Strike_Machine\.venv\Lib\site-packages\snap7\connection.py", line 458 in _recv_exact
  File "C:\Users\automation02\Desktop\GUI\Strike_Machine\GUI_Strike_Machine\.venv\Lib\site-packages\snap7\connection.py", line 204 in receive_data
  File "C:\Users\automation02\Desktop\GUI\Strike_Machine\GUI_Strike_Machine\.venv\Lib\site-packages\snap7\client.py", line 404 in _send_receive
  File "C:\Users\automation02\Desktop\GUI\Strike_Machine\GUI_Strike_Machine\.venv\Lib\site-packages\snap7\client.py", line 434 in _send_receive_with_reconnect
  File "C:\Users\automation02\Desktop\GUI\Strike_Machine\GUI_Strike_Machine\.venv\Lib\site-packages\snap7\client.py", line 987 in read_area
  File "C:\Users\automation02\Desktop\GUI\Strike_Machine\GUI_Strike_Machine\.venv\Lib\site-packages\snap7\client.py", line 867 in db_read
  File "c:\Users\automation02\Desktop\GUI\Strike_Machine\GUI_Strike_Machine\PLC_READ_MODULE.py", line 256 in _poll

Thread 0x00005284 [QThread] (most recent call first):
  File "C:\Users\automation02\Desktop\GUI\Strike_Machine\GUI_Strike_Machine\.venv\Lib\site-packages\pymodbus\client\serial.py", line 292 in _wait_for_data
  File "C:\Users\automation02\Desktop\GUI\Strike_Machine\GUI_Strike_Machine\.venv\Lib\site-packages\pymodbus\client\serial.py", line 300 in recv
  File "C:\Users\automation02\Desktop\GUI\Strike_Machine\GUI_Strike_Machine\.venv\Lib\site-packages\pymodbus\transaction\transaction.py", line 89 in sync_get_response
  File "C:\Users\automation02\Desktop\GUI\Strike_Machine\GUI_Strike_Machine\.venv\Lib\site-packages\pymodbus\transaction\transaction.py", line 153 in sync_execute
  File "C:\Users\automation02\Desktop\GUI\Strike_Machine\GUI_Strike_Machine\.venv\Lib\site-packages\pymodbus\client\base.py", line 189 in execute
  File "C:\Users\automation02\Desktop\GUI\Strike_Machine\GUI_Strike_Machine\.venv\Lib\site-packages\pymodbus\client\mixin.py", line 162 in read_input_registers
  File "c:\Users\automation02\Desktop\GUI\Strike_Machine\GUI_Strike_Machine\SERIAL_READ_MODULE.py", line 441 in _read_input_registers
  File "c:\Users\automation02\Desktop\GUI\Strike_Machine\GUI_Strike_Machine\SERIAL_READ_MODULE.py", line 453 in _read_all
  File "c:\Users\automation02\Desktop\GUI\Strike_Machine\GUI_Strike_Machine\SERIAL_READ_MODULE.py", line 405 in _poll

Thread 0x00004f44 [Thread-7 (_fetch)] (most recent call first):
  File "c:\Users\automation02\Desktop\GUI\Strike_Machine\GUI_Strike_Machine\source_edited.py", line 2098 in _fetch
  File "C:\Users\automation02\AppData\Local\Python\pythoncore-3.14-64\Lib\threading.py", line 1024 in run
  File "C:\Users\automation02\AppData\Local\Python\pythoncore-3.14-64\Lib\threading.py", line 1082 in _bootstrap_inner
  File "C:\Users\automation02\AppData\Local\Python\pythoncore-3.14-64\Lib\threading.py", line 1044 in _bootstrap

Current thread 0x0000380c (most recent call first):
  File "c:\Users\automation02\Desktop\GUI\Strike_Machine\GUI_Strike_Machine\main_edited.py", line 323 in <module>

Current thread's C stack trace (most recent call first):
  <cannot get C stack on this system>
2026-08-27 10:09:10,660 - [main] - WARNING - OS_SIGNAL nhận được: SIGINT (2) -> app bị yêu cầu tắt từ bên ngoài (Task Manager, kill, logoff, tắt máy...).
2026-08-27 10:09:10,660 - [main] - INFO - CLEAN_EXIT được đánh dấu. Detail: terminated_by_signal=SIGINT
2026-08-27 10:09:10,665 - [main] - INFO - CLEAN_EXIT được đánh dấu. Detail: QApplication.aboutToQuit fired
2026-08-27 10:09:10,665 - [main] - INFO - app.exec() returned exit_code=0
2026-08-27 10:09:10,720 - [main] - INFO - CLEAN_EXIT xác nhận qua atexit.

===== [main] Process start: PID=22664 at 2026-08-27 10:09:19.917010 =====
2026-08-27 10:09:19,917 - [main] - INFO - Không tìm thấy lock file cũ -> phiên chạy trước (nếu có) đã thoát sạch.
2026-08-27 10:09:19,918 - [main] - INFO - Watchdog initialized. PID=22664 log_file=c:\Users\automation02\Desktop\GUI\Strike_Machine\GUI_Strike_Machine\sm_crash.log

===== [loading] Process start: PID=24436 at 2026-08-27 10:09:20.344537 =====
2026-08-27 10:09:20,344 - [loading] - INFO - Không tìm thấy lock file cũ -> phiên chạy trước (nếu có) đã thoát sạch.
2026-08-27 10:09:20,346 - [loading] - INFO - Watchdog initialized. PID=24436 log_file=c:\Users\automation02\Desktop\GUI\Strike_Machine\GUI_Strike_Machine\sm_crash.log
Windows fatal exception: code 0x8001010d

Current thread 0x00004440 (most recent call first):
  File "c:\Users\automation02\Desktop\GUI\Strike_Machine\GUI_Strike_Machine\main_edited.py", line 200 in <module>

Current thread's C stack trace (most recent call first):
  <cannot get C stack on this system>
2026-08-27 10:09:30,374 - [loading] - INFO - CLEAN_EXIT được đánh dấu. Detail: loading window event loop returned exit_code=0
2026-08-27 10:09:30,389 - [loading] - INFO - CLEAN_EXIT xác nhận qua atexit.
Windows fatal exception: code 0x8001010d

Thread 0x000051dc [QThread] (most recent call first):
  File "C:\Users\automation02\Desktop\GUI\Strike_Machine\GUI_Strike_Machine\.venv\Lib\site-packages\pymodbus\client\serial.py", line 292 in _wait_for_data
  File "C:\Users\automation02\Desktop\GUI\Strike_Machine\GUI_Strike_Machine\.venv\Lib\site-packages\pymodbus\client\serial.py", line 300 in recv
  File "C:\Users\automation02\Desktop\GUI\Strike_Machine\GUI_Strike_Machine\.venv\Lib\site-packages\pymodbus\transaction\transaction.py", line 89 in sync_get_response
  File "C:\Users\automation02\Desktop\GUI\Strike_Machine\GUI_Strike_Machine\.venv\Lib\site-packages\pymodbus\transaction\transaction.py", line 153 in sync_execute
  File "C:\Users\automation02\Desktop\GUI\Strike_Machine\GUI_Strike_Machine\.venv\Lib\site-packages\pymodbus\client\base.py", line 189 in execute
  File "C:\Users\automation02\Desktop\GUI\Strike_Machine\GUI_Strike_Machine\.venv\Lib\site-packages\pymodbus\client\mixin.py", line 162 in read_input_registers
  File "c:\Users\automation02\Desktop\GUI\Strike_Machine\GUI_Strike_Machine\SERIAL_READ_MODULE.py", line 441 in _read_input_registers
  File "c:\Users\automation02\Desktop\GUI\Strike_Machine\GUI_Strike_Machine\SERIAL_READ_MODULE.py", line 453 in _read_all
  File "c:\Users\automation02\Desktop\GUI\Strike_Machine\GUI_Strike_Machine\SERIAL_READ_MODULE.py", line 405 in _poll

Thread 0x000019ec [Thread-7 (_fetch)] (most recent call first):
  File "c:\Users\automation02\Desktop\GUI\Strike_Machine\GUI_Strike_Machine\source_edited.py", line 2088 in _fetch
  File "C:\Users\automation02\AppData\Local\Python\pythoncore-3.14-64\Lib\threading.py", line 1024 in run
  File "C:\Users\automation02\AppData\Local\Python\pythoncore-3.14-64\Lib\threading.py", line 1082 in _bootstrap_inner
  File "C:\Users\automation02\AppData\Local\Python\pythoncore-3.14-64\Lib\threading.py", line 1044 in _bootstrap

Current thread 0x00005e5c (most recent call first):
  File "c:\Users\automation02\Desktop\GUI\Strike_Machine\GUI_Strike_Machine\main_edited.py", line 323 in <module>

Current thread's C stack trace (most recent call first):
  <cannot get C stack on this system>
2026-08-27 10:11:23,412 - [main] - INFO - CLEAN_EXIT được đánh dấu. Detail: QApplication.aboutToQuit fired
2026-08-27 10:11:23,413 - [main] - INFO - app.exec() returned exit_code=0
2026-08-27 10:11:23,495 - [main] - INFO - CLEAN_EXIT xác nhận qua atexit.

===== [main] Process start: PID=19600 at 2026-08-27 10:14:59.707893 =====
2026-08-27 10:14:59,708 - [main] - INFO - Không tìm thấy lock file cũ -> phiên chạy trước (nếu có) đã thoát sạch.
2026-08-27 10:14:59,709 - [main] - INFO - Watchdog initialized. PID=19600 log_file=c:\Users\automation02\Desktop\GUI\Strike_Machine\GUI_Strike_Machine\sm_crash.log

===== [loading] Process start: PID=14128 at 2026-08-27 10:15:00.121404 =====
2026-08-27 10:15:00,121 - [loading] - INFO - Không tìm thấy lock file cũ -> phiên chạy trước (nếu có) đã thoát sạch.
2026-08-27 10:15:00,123 - [loading] - INFO - Watchdog initialized. PID=14128 log_file=c:\Users\automation02\Desktop\GUI\Strike_Machine\GUI_Strike_Machine\sm_crash.log
Windows fatal exception: code 0x8001010d

Current thread 0x00004e18 (most recent call first):
  File "c:\Users\automation02\Desktop\GUI\Strike_Machine\GUI_Strike_Machine\main_edited.py", line 200 in <module>

Current thread's C stack trace (most recent call first):
  <cannot get C stack on this system>
2026-08-27 10:15:09,646 - [loading] - INFO - CLEAN_EXIT được đánh dấu. Detail: loading window event loop returned exit_code=0
2026-08-27 10:15:09,666 - [loading] - INFO - CLEAN_EXIT xác nhận qua atexit.
Windows fatal exception: code 0x8001010d

Thread 0x00003838 [QThread] (most recent call first):
  File "C:\Users\automation02\Desktop\GUI\Strike_Machine\GUI_Strike_Machine\.venv\Lib\site-packages\snap7\connection.py", line 458 in _recv_exact
  File "C:\Users\automation02\Desktop\GUI\Strike_Machine\GUI_Strike_Machine\.venv\Lib\site-packages\snap7\connection.py", line 204 in receive_data
  File "C:\Users\automation02\Desktop\GUI\Strike_Machine\GUI_Strike_Machine\.venv\Lib\site-packages\snap7\client.py", line 404 in _send_receive
  File "C:\Users\automation02\Desktop\GUI\Strike_Machine\GUI_Strike_Machine\.venv\Lib\site-packages\snap7\client.py", line 434 in _send_receive_with_reconnect
  File "C:\Users\automation02\Desktop\GUI\Strike_Machine\GUI_Strike_Machine\.venv\Lib\site-packages\snap7\client.py", line 987 in read_area
  File "C:\Users\automation02\Desktop\GUI\Strike_Machine\GUI_Strike_Machine\.venv\Lib\site-packages\snap7\client.py", line 867 in db_read
  File "c:\Users\automation02\Desktop\GUI\Strike_Machine\GUI_Strike_Machine\PLC_READ_MODULE.py", line 256 in _poll

Thread 0x00004fe0 [QThread] (most recent call first):
  File "C:\Users\automation02\Desktop\GUI\Strike_Machine\GUI_Strike_Machine\.venv\Lib\site-packages\pymodbus\client\serial.py", line 292 in _wait_for_data
  File "C:\Users\automation02\Desktop\GUI\Strike_Machine\GUI_Strike_Machine\.venv\Lib\site-packages\pymodbus\client\serial.py", line 300 in recv
  File "C:\Users\automation02\Desktop\GUI\Strike_Machine\GUI_Strike_Machine\.venv\Lib\site-packages\pymodbus\transaction\transaction.py", line 89 in sync_get_response
  File "C:\Users\automation02\Desktop\GUI\Strike_Machine\GUI_Strike_Machine\.venv\Lib\site-packages\pymodbus\transaction\transaction.py", line 153 in sync_execute
  File "C:\Users\automation02\Desktop\GUI\Strike_Machine\GUI_Strike_Machine\.venv\Lib\site-packages\pymodbus\client\base.py", line 189 in execute
  File "C:\Users\automation02\Desktop\GUI\Strike_Machine\GUI_Strike_Machine\.venv\Lib\site-packages\pymodbus\client\mixin.py", line 162 in read_input_registers
  File "c:\Users\automation02\Desktop\GUI\Strike_Machine\GUI_Strike_Machine\SERIAL_READ_MODULE.py", line 441 in _read_input_registers
  File "c:\Users\automation02\Desktop\GUI\Strike_Machine\GUI_Strike_Machine\SERIAL_READ_MODULE.py", line 455 in _read_all
  File "c:\Users\automation02\Desktop\GUI\Strike_Machine\GUI_Strike_Machine\SERIAL_READ_MODULE.py", line 405 in _poll

Thread 0x0000093c [Thread-7 (_fetch)] (most recent call first):
  File "c:\Users\automation02\Desktop\GUI\Strike_Machine\GUI_Strike_Machine\source_edited.py", line 2098 in _fetch
  File "C:\Users\automation02\AppData\Local\Python\pythoncore-3.14-64\Lib\threading.py", line 1024 in run
  File "C:\Users\automation02\AppData\Local\Python\pythoncore-3.14-64\Lib\threading.py", line 1082 in _bootstrap_inner
  File "C:\Users\automation02\AppData\Local\Python\pythoncore-3.14-64\Lib\threading.py", line 1044 in _bootstrap

Current thread 0x00002ed4 (most recent call first):
  File "c:\Users\automation02\Desktop\GUI\Strike_Machine\GUI_Strike_Machine\main_edited.py", line 323 in <module>

Current thread's C stack trace (most recent call first):
  <cannot get C stack on this system>
2026-08-27 10:16:22,577 - [main] - INFO - CLEAN_EXIT được đánh dấu. Detail: QApplication.aboutToQuit fired
2026-08-27 10:16:22,577 - [main] - INFO - app.exec() returned exit_code=0
2026-08-27 10:16:22,648 - [main] - INFO - CLEAN_EXIT xác nhận qua atexit.

===== [main] Process start: PID=23888 at 2026-08-27 10:17:26.242889 =====
2026-08-27 10:17:26,243 - [main] - INFO - Không tìm thấy lock file cũ -> phiên chạy trước (nếu có) đã thoát sạch.
2026-08-27 10:17:26,245 - [main] - INFO - Watchdog initialized. PID=23888 log_file=c:\Users\automation02\Desktop\GUI\Strike_Machine\GUI_Strike_Machine\sm_crash.log

===== [loading] Process start: PID=3464 at 2026-08-27 10:17:26.809893 =====
2026-08-27 10:17:26,810 - [loading] - INFO - Không tìm thấy lock file cũ -> phiên chạy trước (nếu có) đã thoát sạch.
2026-08-27 10:17:26,813 - [loading] - INFO - Watchdog initialized. PID=3464 log_file=c:\Users\automation02\Desktop\GUI\Strike_Machine\GUI_Strike_Machine\sm_crash.log
Windows fatal exception: code 0x8001010d

Current thread 0x000014c8 (most recent call first):
  File "c:\Users\automation02\Desktop\GUI\Strike_Machine\GUI_Strike_Machine\main_edited.py", line 200 in <module>

Current thread's C stack trace (most recent call first):
  <cannot get C stack on this system>
2026-08-27 10:17:36,681 - [loading] - INFO - CLEAN_EXIT được đánh dấu. Detail: loading window event loop returned exit_code=0
2026-08-27 10:17:36,697 - [loading] - INFO - CLEAN_EXIT xác nhận qua atexit.
Windows fatal exception: code 0x8001010d

Thread 0x00004ebc [QThread] (most recent call first):
  File "C:\Users\automation02\Desktop\GUI\Strike_Machine\GUI_Strike_Machine\.venv\Lib\site-packages\pymodbus\client\serial.py", line 292 in _wait_for_data
  File "C:\Users\automation02\Desktop\GUI\Strike_Machine\GUI_Strike_Machine\.venv\Lib\site-packages\pymodbus\client\serial.py", line 300 in recv
  File "C:\Users\automation02\Desktop\GUI\Strike_Machine\GUI_Strike_Machine\.venv\Lib\site-packages\pymodbus\transaction\transaction.py", line 89 in sync_get_response
  File "C:\Users\automation02\Desktop\GUI\Strike_Machine\GUI_Strike_Machine\.venv\Lib\site-packages\pymodbus\transaction\transaction.py", line 153 in sync_execute
  File "C:\Users\automation02\Desktop\GUI\Strike_Machine\GUI_Strike_Machine\.venv\Lib\site-packages\pymodbus\client\base.py", line 189 in execute
  File "C:\Users\automation02\Desktop\GUI\Strike_Machine\GUI_Strike_Machine\.venv\Lib\site-packages\pymodbus\client\mixin.py", line 162 in read_input_registers
  File "c:\Users\automation02\Desktop\GUI\Strike_Machine\GUI_Strike_Machine\SERIAL_READ_MODULE.py", line 441 in _read_input_registers
  File "c:\Users\automation02\Desktop\GUI\Strike_Machine\GUI_Strike_Machine\SERIAL_READ_MODULE.py", line 455 in _read_all
  File "c:\Users\automation02\Desktop\GUI\Strike_Machine\GUI_Strike_Machine\SERIAL_READ_MODULE.py", line 405 in _poll

Thread 0x00001780 [Thread-7 (_fetch)] (most recent call first):
  File "c:\Users\automation02\Desktop\GUI\Strike_Machine\GUI_Strike_Machine\source_edited.py", line 2088 in _fetch
  File "C:\Users\automation02\AppData\Local\Python\pythoncore-3.14-64\Lib\threading.py", line 1024 in run
  File "C:\Users\automation02\AppData\Local\Python\pythoncore-3.14-64\Lib\threading.py", line 1082 in _bootstrap_inner
  File "C:\Users\automation02\AppData\Local\Python\pythoncore-3.14-64\Lib\threading.py", line 1044 in _bootstrap

Current thread 0x00005a94 (most recent call first):
  File "c:\Users\automation02\Desktop\GUI\Strike_Machine\GUI_Strike_Machine\main_edited.py", line 323 in <module>

Current thread's C stack trace (most recent call first):
  <cannot get C stack on this system>
2026-08-27 10:18:35,073 - [main] - WARNING - OS_SIGNAL nhận được: SIGINT (2) -> app bị yêu cầu tắt từ bên ngoài (Task Manager, kill, logoff, tắt máy...).
2026-08-27 10:18:35,074 - [main] - INFO - CLEAN_EXIT được đánh dấu. Detail: terminated_by_signal=SIGINT

===== [main] Process start: PID=4908 at 2026-08-27 10:18:42.049042 =====
2026-08-27 10:18:42,068 - [main] - WARNING - PREVIOUS_SESSION_DID_NOT_EXIT_CLEANLY -> lần chạy trước có thể đã bị kill cứng (Task Manager 'End task', kill -9, mất điện, treo máy...). Thông tin phiên trước: pid=23888
started_at=2026-08-27T10:17:26.244065

2026-08-27 10:18:42,070 - [main] - INFO - Watchdog initialized. PID=4908 log_file=c:\Users\automation02\Desktop\GUI\Strike_Machine\GUI_Strike_Machine\sm_crash.log

===== [loading] Process start: PID=20380 at 2026-08-27 10:18:42.768269 =====
2026-08-27 10:18:42,768 - [loading] - INFO - Không tìm thấy lock file cũ -> phiên chạy trước (nếu có) đã thoát sạch.
2026-08-27 10:18:42,769 - [loading] - INFO - Watchdog initialized. PID=20380 log_file=c:\Users\automation02\Desktop\GUI\Strike_Machine\GUI_Strike_Machine\sm_crash.log
Windows fatal exception: code 0x8001010d

Current thread 0x00004fe0 (most recent call first):
  File "c:\Users\automation02\Desktop\GUI\Strike_Machine\GUI_Strike_Machine\main_edited.py", line 200 in <module>

Current thread's C stack trace (most recent call first):
  <cannot get C stack on this system>
2026-08-27 10:18:51,312 - [loading] - INFO - CLEAN_EXIT được đánh dấu. Detail: loading window event loop returned exit_code=0
2026-08-27 10:18:51,322 - [loading] - INFO - CLEAN_EXIT xác nhận qua atexit.
Windows fatal exception: code 0x8001010d

Thread 0x00000df0 [QThread] (most recent call first):
  File "C:\Users\automation02\Desktop\GUI\Strike_Machine\GUI_Strike_Machine\.venv\Lib\site-packages\pymodbus\client\serial.py", line 292 in _wait_for_data
  File "C:\Users\automation02\Desktop\GUI\Strike_Machine\GUI_Strike_Machine\.venv\Lib\site-packages\pymodbus\client\serial.py", line 300 in recv
  File "C:\Users\automation02\Desktop\GUI\Strike_Machine\GUI_Strike_Machine\.venv\Lib\site-packages\pymodbus\transaction\transaction.py", line 89 in sync_get_response
  File "C:\Users\automation02\Desktop\GUI\Strike_Machine\GUI_Strike_Machine\.venv\Lib\site-packages\pymodbus\transaction\transaction.py", line 153 in sync_execute
  File "C:\Users\automation02\Desktop\GUI\Strike_Machine\GUI_Strike_Machine\.venv\Lib\site-packages\pymodbus\client\base.py", line 189 in execute
  File "C:\Users\automation02\Desktop\GUI\Strike_Machine\GUI_Strike_Machine\.venv\Lib\site-packages\pymodbus\client\mixin.py", line 162 in read_input_registers
  File "c:\Users\automation02\Desktop\GUI\Strike_Machine\GUI_Strike_Machine\SERIAL_READ_MODULE.py", line 441 in _read_input_registers
  File "c:\Users\automation02\Desktop\GUI\Strike_Machine\GUI_Strike_Machine\SERIAL_READ_MODULE.py", line 455 in _read_all
  File "c:\Users\automation02\Desktop\GUI\Strike_Machine\GUI_Strike_Machine\SERIAL_READ_MODULE.py", line 405 in _poll

Thread 0x00004668 [Thread-7 (_fetch)] (most recent call first):
  File "c:\Users\automation02\Desktop\GUI\Strike_Machine\GUI_Strike_Machine\source_edited.py", line 2088 in _fetch
  File "C:\Users\automation02\AppData\Local\Python\pythoncore-3.14-64\Lib\threading.py", line 1024 in run
  File "C:\Users\automation02\AppData\Local\Python\pythoncore-3.14-64\Lib\threading.py", line 1082 in _bootstrap_inner
  File "C:\Users\automation02\AppData\Local\Python\pythoncore-3.14-64\Lib\threading.py", line 1044 in _bootstrap

Current thread 0x00005594 (most recent call first):
  File "c:\Users\automation02\Desktop\GUI\Strike_Machine\GUI_Strike_Machine\main_edited.py", line 323 in <module>

Current thread's C stack trace (most recent call first):
  <cannot get C stack on this system>
2026-08-27 10:23:32,864 - [main] - WARNING - OS_SIGNAL nhận được: SIGINT (2) -> app bị yêu cầu tắt từ bên ngoài (Task Manager, kill, logoff, tắt máy...).
2026-08-27 10:23:32,864 - [main] - INFO - CLEAN_EXIT được đánh dấu. Detail: terminated_by_signal=SIGINT

===== [main] Process start: PID=15548 at 2026-08-27 10:23:37.813387 =====
2026-08-27 10:23:37,831 - [main] - WARNING - PREVIOUS_SESSION_DID_NOT_EXIT_CLEANLY -> lần chạy trước có thể đã bị kill cứng (Task Manager 'End task', kill -9, mất điện, treo máy...). Thông tin phiên trước: pid=4908
started_at=2026-08-27T10:18:42.069213

2026-08-27 10:23:37,832 - [main] - INFO - Watchdog initialized. PID=15548 log_file=c:\Users\automation02\Desktop\GUI\Strike_Machine\GUI_Strike_Machine\sm_crash.log

===== [loading] Process start: PID=19916 at 2026-08-27 10:23:38.293490 =====
2026-08-27 10:23:38,293 - [loading] - INFO - Không tìm thấy lock file cũ -> phiên chạy trước (nếu có) đã thoát sạch.
2026-08-27 10:23:38,294 - [loading] - INFO - Watchdog initialized. PID=19916 log_file=c:\Users\automation02\Desktop\GUI\Strike_Machine\GUI_Strike_Machine\sm_crash.log
2026-08-27 10:23:44,919 - [loading] - INFO - CLEAN_EXIT được đánh dấu. Detail: loading window event loop returned exit_code=0
2026-08-27 10:23:44,944 - [loading] - INFO - CLEAN_EXIT xác nhận qua atexit.
Windows fatal exception: code 0x8001010d

Thread 0x00004088 [QThread] (most recent call first):
  <no Python frame>

Thread 0x0000578c [QThread] (most recent call first):
  File "C:\Users\automation02\Desktop\GUI\Strike_Machine\GUI_Strike_Machine\.venv\Lib\site-packages\pymodbus\client\serial.py", line 292 in _wait_for_data
  File "C:\Users\automation02\Desktop\GUI\Strike_Machine\GUI_Strike_Machine\.venv\Lib\site-packages\pymodbus\client\serial.py", line 300 in recv
  File "C:\Users\automation02\Desktop\GUI\Strike_Machine\GUI_Strike_Machine\.venv\Lib\site-packages\pymodbus\transaction\transaction.py", line 89 in sync_get_response
  File "C:\Users\automation02\Desktop\GUI\Strike_Machine\GUI_Strike_Machine\.venv\Lib\site-packages\pymodbus\transaction\transaction.py", line 153 in sync_execute
  File "C:\Users\automation02\Desktop\GUI\Strike_Machine\GUI_Strike_Machine\.venv\Lib\site-packages\pymodbus\client\base.py", line 189 in execute
  File "C:\Users\automation02\Desktop\GUI\Strike_Machine\GUI_Strike_Machine\.venv\Lib\site-packages\pymodbus\client\mixin.py", line 162 in read_input_registers
  File "c:\Users\automation02\Desktop\GUI\Strike_Machine\GUI_Strike_Machine\SERIAL_READ_MODULE.py", line 441 in _read_input_registers
  File "c:\Users\automation02\Desktop\GUI\Strike_Machine\GUI_Strike_Machine\SERIAL_READ_MODULE.py", line 455 in _read_all
  File "c:\Users\automation02\Desktop\GUI\Strike_Machine\GUI_Strike_Machine\SERIAL_READ_MODULE.py", line 405 in _poll

Thread 0x00004824 [Thread-7 (_fetch)] (most recent call first):
  File "c:\Users\automation02\Desktop\GUI\Strike_Machine\GUI_Strike_Machine\source_edited.py", line 2098 in _fetch
  File "C:\Users\automation02\AppData\Local\Python\pythoncore-3.14-64\Lib\threading.py", line 1024 in run
  File "C:\Users\automation02\AppData\Local\Python\pythoncore-3.14-64\Lib\threading.py", line 1082 in _bootstrap_inner
  File "C:\Users\automation02\AppData\Local\Python\pythoncore-3.14-64\Lib\threading.py", line 1044 in _bootstrap

Current thread 0x00000f94 (most recent call first):
  File "c:\Users\automation02\Desktop\GUI\Strike_Machine\GUI_Strike_Machine\main_edited.py", line 323 in <module>

Current thread's C stack trace (most recent call first):
  <cannot get C stack on this system>
2026-08-27 10:30:45,888 - [main] - WARNING - OS_SIGNAL nhận được: SIGINT (2) -> app bị yêu cầu tắt từ bên ngoài (Task Manager, kill, logoff, tắt máy...).
2026-08-27 10:30:45,889 - [main] - INFO - CLEAN_EXIT được đánh dấu. Detail: terminated_by_signal=SIGINT
2026-08-27 10:30:45,893 - [main] - INFO - CLEAN_EXIT được đánh dấu. Detail: QApplication.aboutToQuit fired
2026-08-27 10:30:45,893 - [main] - INFO - app.exec() returned exit_code=0
2026-08-27 10:30:45,938 - [main] - INFO - CLEAN_EXIT xác nhận qua atexit.

===== [main] Process start: PID=3384 at 2026-08-27 10:30:48.864200 =====
2026-08-27 10:30:48,864 - [main] - INFO - Không tìm thấy lock file cũ -> phiên chạy trước (nếu có) đã thoát sạch.
2026-08-27 10:30:48,865 - [main] - INFO - Watchdog initialized. PID=3384 log_file=c:\Users\automation02\Desktop\GUI\Strike_Machine\GUI_Strike_Machine\sm_crash.log

===== [loading] Process start: PID=21516 at 2026-08-27 10:30:49.132404 =====
2026-08-27 10:30:49,132 - [loading] - INFO - Không tìm thấy lock file cũ -> phiên chạy trước (nếu có) đã thoát sạch.
2026-08-27 10:30:49,133 - [loading] - INFO - Watchdog initialized. PID=21516 log_file=c:\Users\automation02\Desktop\GUI\Strike_Machine\GUI_Strike_Machine\sm_crash.log
Windows fatal exception: code 0x8001010d

Current thread 0x000057dc (most recent call first):
  File "c:\Users\automation02\Desktop\GUI\Strike_Machine\GUI_Strike_Machine\main_edited.py", line 200 in <module>

Current thread's C stack trace (most recent call first):
  <cannot get C stack on this system>
2026-08-27 10:30:56,749 - [loading] - INFO - CLEAN_EXIT được đánh dấu. Detail: loading window event loop returned exit_code=0
2026-08-27 10:30:56,759 - [loading] - INFO - CLEAN_EXIT xác nhận qua atexit.
Windows fatal exception: code 0x8001010d

Thread 0x00002580 [QThread] (most recent call first):
  File "C:\Users\automation02\Desktop\GUI\Strike_Machine\GUI_Strike_Machine\.venv\Lib\site-packages\pymodbus\client\serial.py", line 292 in _wait_for_data
  File "C:\Users\automation02\Desktop\GUI\Strike_Machine\GUI_Strike_Machine\.venv\Lib\site-packages\pymodbus\client\serial.py", line 300 in recv
  File "C:\Users\automation02\Desktop\GUI\Strike_Machine\GUI_Strike_Machine\.venv\Lib\site-packages\pymodbus\transaction\transaction.py", line 89 in sync_get_response
  File "C:\Users\automation02\Desktop\GUI\Strike_Machine\GUI_Strike_Machine\.venv\Lib\site-packages\pymodbus\transaction\transaction.py", line 153 in sync_execute
  File "C:\Users\automation02\Desktop\GUI\Strike_Machine\GUI_Strike_Machine\.venv\Lib\site-packages\pymodbus\client\base.py", line 189 in execute
  File "C:\Users\automation02\Desktop\GUI\Strike_Machine\GUI_Strike_Machine\.venv\Lib\site-packages\pymodbus\client\mixin.py", line 162 in read_input_registers
  File "c:\Users\automation02\Desktop\GUI\Strike_Machine\GUI_Strike_Machine\SERIAL_READ_MODULE.py", line 441 in _read_input_registers
  File "c:\Users\automation02\Desktop\GUI\Strike_Machine\GUI_Strike_Machine\SERIAL_READ_MODULE.py", line 455 in _read_all
  File "c:\Users\automation02\Desktop\GUI\Strike_Machine\GUI_Strike_Machine\SERIAL_READ_MODULE.py", line 405 in _poll

Thread 0x00002118 [Thread-7 (_fetch)] (most recent call first):
  File "c:\Users\automation02\Desktop\GUI\Strike_Machine\GUI_Strike_Machine\source_edited.py", line 2088 in _fetch
  File "C:\Users\automation02\AppData\Local\Python\pythoncore-3.14-64\Lib\threading.py", line 1024 in run
  File "C:\Users\automation02\AppData\Local\Python\pythoncore-3.14-64\Lib\threading.py", line 1082 in _bootstrap_inner
  File "C:\Users\automation02\AppData\Local\Python\pythoncore-3.14-64\Lib\threading.py", line 1044 in _bootstrap

Current thread 0x00005ddc (most recent call first):
  File "c:\Users\automation02\Desktop\GUI\Strike_Machine\GUI_Strike_Machine\main_edited.py", line 323 in <module>

Current thread's C stack trace (most recent call first):
  <cannot get C stack on this system>
2026-08-27 10:32:46,053 - [main] - WARNING - OS_SIGNAL nhận được: SIGINT (2) -> app bị yêu cầu tắt từ bên ngoài (Task Manager, kill, logoff, tắt máy...).
2026-08-27 10:32:46,053 - [main] - INFO - CLEAN_EXIT được đánh dấu. Detail: terminated_by_signal=SIGINT

===== [main] Process start: PID=11232 at 2026-08-27 10:38:09.631796 =====
2026-08-27 10:38:09,639 - [main] - WARNING - PREVIOUS_SESSION_DID_NOT_EXIT_CLEANLY -> lần chạy trước có thể đã bị kill cứng (Task Manager 'End task', kill -9, mất điện, treo máy...). Thông tin phiên trước: pid=3384
started_at=2026-08-27T10:30:48.864801

2026-08-27 10:38:09,640 - [main] - INFO - Watchdog initialized. PID=11232 log_file=c:\Users\automation02\Desktop\GUI\Strike_Machine\GUI_Strike_Machine\sm_crash.log

===== [loading] Process start: PID=21100 at 2026-08-27 10:38:09.965508 =====
2026-08-27 10:38:09,966 - [loading] - INFO - Không tìm thấy lock file cũ -> phiên chạy trước (nếu có) đã thoát sạch.
2026-08-27 10:38:09,967 - [loading] - INFO - Watchdog initialized. PID=21100 log_file=c:\Users\automation02\Desktop\GUI\Strike_Machine\GUI_Strike_Machine\sm_crash.log
Windows fatal exception: code 0x8001010d

Current thread 0x00004fc8 (most recent call first):
  File "c:\Users\automation02\Desktop\GUI\Strike_Machine\GUI_Strike_Machine\main_edited.py", line 200 in <module>

Current thread's C stack trace (most recent call first):
  <cannot get C stack on this system>
2026-08-27 10:38:18,421 - [loading] - INFO - CLEAN_EXIT được đánh dấu. Detail: loading window event loop returned exit_code=0
2026-08-27 10:38:18,434 - [loading] - INFO - CLEAN_EXIT xác nhận qua atexit.
Windows fatal exception: code 0x8001010d

Thread 0x00004c3c [QThread] (most recent call first):
  File "C:\Users\automation02\Desktop\GUI\Strike_Machine\GUI_Strike_Machine\.venv\Lib\site-packages\pymodbus\client\serial.py", line 292 in _wait_for_data
  File "C:\Users\automation02\Desktop\GUI\Strike_Machine\GUI_Strike_Machine\.venv\Lib\site-packages\pymodbus\client\serial.py", line 300 in recv
  File "C:\Users\automation02\Desktop\GUI\Strike_Machine\GUI_Strike_Machine\.venv\Lib\site-packages\pymodbus\transaction\transaction.py", line 89 in sync_get_response
  File "C:\Users\automation02\Desktop\GUI\Strike_Machine\GUI_Strike_Machine\.venv\Lib\site-packages\pymodbus\transaction\transaction.py", line 153 in sync_execute
  File "C:\Users\automation02\Desktop\GUI\Strike_Machine\GUI_Strike_Machine\.venv\Lib\site-packages\pymodbus\client\base.py", line 189 in execute
  File "C:\Users\automation02\Desktop\GUI\Strike_Machine\GUI_Strike_Machine\.venv\Lib\site-packages\pymodbus\client\mixin.py", line 162 in read_input_registers
  File "c:\Users\automation02\Desktop\GUI\Strike_Machine\GUI_Strike_Machine\SERIAL_READ_MODULE.py", line 441 in _read_input_registers
  File "c:\Users\automation02\Desktop\GUI\Strike_Machine\GUI_Strike_Machine\SERIAL_READ_MODULE.py", line 455 in _read_all
  File "c:\Users\automation02\Desktop\GUI\Strike_Machine\GUI_Strike_Machine\SERIAL_READ_MODULE.py", line 405 in _poll

Thread 0x000002ac [Thread-7 (_fetch)] (most recent call first):
  File "c:\Users\automation02\Desktop\GUI\Strike_Machine\GUI_Strike_Machine\source_edited.py", line 2088 in _fetch
  File "C:\Users\automation02\AppData\Local\Python\pythoncore-3.14-64\Lib\threading.py", line 1024 in run
  File "C:\Users\automation02\AppData\Local\Python\pythoncore-3.14-64\Lib\threading.py", line 1082 in _bootstrap_inner
  File "C:\Users\automation02\AppData\Local\Python\pythoncore-3.14-64\Lib\threading.py", line 1044 in _bootstrap

Current thread 0x00000cdc (most recent call first):
  File "c:\Users\automation02\Desktop\GUI\Strike_Machine\GUI_Strike_Machine\main_edited.py", line 323 in <module>

Current thread's C stack trace (most recent call first):
  <cannot get C stack on this system>
2026-08-27 10:41:16,419 - [main] - INFO - CLEAN_EXIT được đánh dấu. Detail: QApplication.aboutToQuit fired
2026-08-27 10:41:16,419 - [main] - INFO - app.exec() returned exit_code=0
2026-08-27 10:41:16,493 - [main] - INFO - CLEAN_EXIT xác nhận qua atexit.

===== [main] Process start: PID=12620 at 2026-08-27 10:44:59.917058 =====
2026-08-27 10:44:59,917 - [main] - INFO - Không tìm thấy lock file cũ -> phiên chạy trước (nếu có) đã thoát sạch.
2026-08-27 10:44:59,917 - [main] - INFO - Watchdog initialized. PID=12620 log_file=c:\Users\automation02\Desktop\GUI\Strike_Machine\GUI_Strike_Machine\sm_crash.log

===== [loading] Process start: PID=2984 at 2026-08-27 10:45:00.284967 =====
2026-08-27 10:45:00,285 - [loading] - INFO - Không tìm thấy lock file cũ -> phiên chạy trước (nếu có) đã thoát sạch.
2026-08-27 10:45:00,286 - [loading] - INFO - Watchdog initialized. PID=2984 log_file=c:\Users\automation02\Desktop\GUI\Strike_Machine\GUI_Strike_Machine\sm_crash.log
Windows fatal exception: code 0x8001010d

Current thread 0x00004278 (most recent call first):
  File "c:\Users\automation02\Desktop\GUI\Strike_Machine\GUI_Strike_Machine\main_edited.py", line 200 in <module>

Current thread's C stack trace (most recent call first):
  <cannot get C stack on this system>
2026-08-27 10:45:07,168 - [loading] - INFO - CLEAN_EXIT được đánh dấu. Detail: loading window event loop returned exit_code=0
2026-08-27 10:45:07,175 - [loading] - INFO - CLEAN_EXIT xác nhận qua atexit.
Windows fatal exception: code 0x8001010d

Thread 0x00005bd8 [QThread] (most recent call first):
  File "C:\Users\automation02\Desktop\GUI\Strike_Machine\GUI_Strike_Machine\.venv\Lib\site-packages\snap7\connection.py", line 458 in _recv_exact
  File "C:\Users\automation02\Desktop\GUI\Strike_Machine\GUI_Strike_Machine\.venv\Lib\site-packages\snap7\connection.py", line 204 in receive_data
  File "C:\Users\automation02\Desktop\GUI\Strike_Machine\GUI_Strike_Machine\.venv\Lib\site-packages\snap7\client.py", line 404 in _send_receive
  File "C:\Users\automation02\Desktop\GUI\Strike_Machine\GUI_Strike_Machine\.venv\Lib\site-packages\snap7\client.py", line 434 in _send_receive_with_reconnect
  File "C:\Users\automation02\Desktop\GUI\Strike_Machine\GUI_Strike_Machine\.venv\Lib\site-packages\snap7\client.py", line 987 in read_area
  File "C:\Users\automation02\Desktop\GUI\Strike_Machine\GUI_Strike_Machine\.venv\Lib\site-packages\snap7\client.py", line 867 in db_read
  File "c:\Users\automation02\Desktop\GUI\Strike_Machine\GUI_Strike_Machine\PLC_READ_MODULE.py", line 256 in _poll

Thread 0x000035e0 [Thread-7 (_fetch)] (most recent call first):
  File "c:\Users\automation02\Desktop\GUI\Strike_Machine\GUI_Strike_Machine\source_edited.py", line 2088 in _fetch
  File "C:\Users\automation02\AppData\Local\Python\pythoncore-3.14-64\Lib\threading.py", line 1024 in run
  File "C:\Users\automation02\AppData\Local\Python\pythoncore-3.14-64\Lib\threading.py", line 1082 in _bootstrap_inner
  File "C:\Users\automation02\AppData\Local\Python\pythoncore-3.14-64\Lib\threading.py", line 1044 in _bootstrap

Current thread 0x00002cdc (most recent call first):
  File "c:\Users\automation02\Desktop\GUI\Strike_Machine\GUI_Strike_Machine\main_edited.py", line 323 in <module>

Current thread's C stack trace (most recent call first):
  <cannot get C stack on this system>
2026-08-27 10:48:16,159 - [main] - WARNING - OS_SIGNAL nhận được: SIGINT (2) -> app bị yêu cầu tắt từ bên ngoài (Task Manager, kill, logoff, tắt máy...).
2026-08-27 10:48:16,159 - [main] - INFO - CLEAN_EXIT được đánh dấu. Detail: terminated_by_signal=SIGINT

===== [main] Process start: PID=3972 at 2026-08-27 10:48:27.955476 =====
2026-08-27 10:48:27,965 - [main] - WARNING - PREVIOUS_SESSION_DID_NOT_EXIT_CLEANLY -> lần chạy trước có thể đã bị kill cứng (Task Manager 'End task', kill -9, mất điện, treo máy...). Thông tin phiên trước: pid=12620
started_at=2026-08-27T10:44:59.917408

2026-08-27 10:48:27,965 - [main] - INFO - Watchdog initialized. PID=3972 log_file=c:\Users\automation02\Desktop\GUI\Strike_Machine\GUI_Strike_Machine\sm_crash.log

===== [loading] Process start: PID=18844 at 2026-08-27 10:48:28.366116 =====
2026-08-27 10:48:28,366 - [loading] - INFO - Không tìm thấy lock file cũ -> phiên chạy trước (nếu có) đã thoát sạch.
2026-08-27 10:48:28,367 - [loading] - INFO - Watchdog initialized. PID=18844 log_file=c:\Users\automation02\Desktop\GUI\Strike_Machine\GUI_Strike_Machine\sm_crash.log
Windows fatal exception: code 0x8001010d

Current thread 0x00000020 (most recent call first):
  File "c:\Users\automation02\Desktop\GUI\Strike_Machine\GUI_Strike_Machine\main_edited.py", line 200 in <module>

Current thread's C stack trace (most recent call first):
  <cannot get C stack on this system>
2026-08-27 10:48:35,600 - [loading] - INFO - CLEAN_EXIT được đánh dấu. Detail: loading window event loop returned exit_code=0
2026-08-27 10:48:35,610 - [loading] - INFO - CLEAN_EXIT xác nhận qua atexit.
Windows fatal exception: code 0x8001010d

Thread 0x00001378 [QThread] (most recent call first):
  File "C:\Users\automation02\Desktop\GUI\Strike_Machine\GUI_Strike_Machine\.venv\Lib\site-packages\snap7\connection.py", line 458 in _recv_exact
  File "C:\Users\automation02\Desktop\GUI\Strike_Machine\GUI_Strike_Machine\.venv\Lib\site-packages\snap7\connection.py", line 204 in receive_data
  File "C:\Users\automation02\Desktop\GUI\Strike_Machine\GUI_Strike_Machine\.venv\Lib\site-packages\snap7\client.py", line 404 in _send_receive
  File "C:\Users\automation02\Desktop\GUI\Strike_Machine\GUI_Strike_Machine\.venv\Lib\site-packages\snap7\client.py", line 434 in _send_receive_with_reconnect
  File "C:\Users\automation02\Desktop\GUI\Strike_Machine\GUI_Strike_Machine\.venv\Lib\site-packages\snap7\client.py", line 987 in read_area
  File "C:\Users\automation02\Desktop\GUI\Strike_Machine\GUI_Strike_Machine\.venv\Lib\site-packages\snap7\client.py", line 867 in db_read
  File "c:\Users\automation02\Desktop\GUI\Strike_Machine\GUI_Strike_Machine\PLC_READ_MODULE.py", line 256 in _poll

Thread 0x00001410 [Thread-8 (_fetch)] (most recent call first):
  File "c:\Users\automation02\Desktop\GUI\Strike_Machine\GUI_Strike_Machine\source_edited.py", line 2098 in _fetch
  File "C:\Users\automation02\AppData\Local\Python\pythoncore-3.14-64\Lib\threading.py", line 1024 in run
  File "C:\Users\automation02\AppData\Local\Python\pythoncore-3.14-64\Lib\threading.py", line 1082 in _bootstrap_inner
  File "C:\Users\automation02\AppData\Local\Python\pythoncore-3.14-64\Lib\threading.py", line 1044 in _bootstrap

Current thread 0x00001d18 (most recent call first):
  File "c:\Users\automation02\Desktop\GUI\Strike_Machine\GUI_Strike_Machine\main_edited.py", line 323 in <module>

Current thread's C stack trace (most recent call first):
  <cannot get C stack on this system>

===== [main] Process start: PID=19712 at 2026-08-27 10:50:50.215328 =====
2026-08-27 10:50:50,232 - [main] - WARNING - PREVIOUS_SESSION_DID_NOT_EXIT_CLEANLY -> lần chạy trước có thể đã bị kill cứng (Task Manager 'End task', kill -9, mất điện, treo máy...). Thông tin phiên trước: pid=3972
started_at=2026-08-27T10:48:27.965381

2026-08-27 10:50:50,234 - [main] - INFO - Watchdog initialized. PID=19712 log_file=c:\Users\automation02\Desktop\GUI\Strike_Machine\GUI_Strike_Machine\sm_crash.log

===== [loading] Process start: PID=13688 at 2026-08-27 10:50:50.765212 =====
2026-08-27 10:50:50,765 - [loading] - INFO - Không tìm thấy lock file cũ -> phiên chạy trước (nếu có) đã thoát sạch.
2026-08-27 10:50:50,766 - [loading] - INFO - Watchdog initialized. PID=13688 log_file=c:\Users\automation02\Desktop\GUI\Strike_Machine\GUI_Strike_Machine\sm_crash.log
Windows fatal exception: code 0x8001010d

Current thread 0x00003cbc (most recent call first):
  File "c:\Users\automation02\Desktop\GUI\Strike_Machine\GUI_Strike_Machine\main_edited.py", line 200 in <module>

Current thread's C stack trace (most recent call first):
  <cannot get C stack on this system>
2026-08-27 10:50:59,280 - [loading] - INFO - CLEAN_EXIT được đánh dấu. Detail: loading window event loop returned exit_code=0
2026-08-27 10:50:59,292 - [loading] - INFO - CLEAN_EXIT xác nhận qua atexit.
Windows fatal exception: code 0x8001010d

Thread 0x0000452c [QThread] (most recent call first):
  File "C:\Users\automation02\Desktop\GUI\Strike_Machine\GUI_Strike_Machine\.venv\Lib\site-packages\pymodbus\client\serial.py", line 292 in _wait_for_data
  File "C:\Users\automation02\Desktop\GUI\Strike_Machine\GUI_Strike_Machine\.venv\Lib\site-packages\pymodbus\client\serial.py", line 300 in recv
  File "C:\Users\automation02\Desktop\GUI\Strike_Machine\GUI_Strike_Machine\.venv\Lib\site-packages\pymodbus\transaction\transaction.py", line 89 in sync_get_response
  File "C:\Users\automation02\Desktop\GUI\Strike_Machine\GUI_Strike_Machine\.venv\Lib\site-packages\pymodbus\transaction\transaction.py", line 153 in sync_execute
  File "C:\Users\automation02\Desktop\GUI\Strike_Machine\GUI_Strike_Machine\.venv\Lib\site-packages\pymodbus\client\base.py", line 189 in execute
  File "C:\Users\automation02\Desktop\GUI\Strike_Machine\GUI_Strike_Machine\.venv\Lib\site-packages\pymodbus\client\mixin.py", line 162 in read_input_registers
  File "c:\Users\automation02\Desktop\GUI\Strike_Machine\GUI_Strike_Machine\SERIAL_READ_MODULE.py", line 440 in _read_input_registers
  File "c:\Users\automation02\Desktop\GUI\Strike_Machine\GUI_Strike_Machine\SERIAL_READ_MODULE.py", line 454 in _read_all
  File "c:\Users\automation02\Desktop\GUI\Strike_Machine\GUI_Strike_Machine\SERIAL_READ_MODULE.py", line 404 in _poll

Thread 0x00003c58 [Thread-7 (_fetch)] (most recent call first):
  File "c:\Users\automation02\Desktop\GUI\Strike_Machine\GUI_Strike_Machine\source_edited.py", line 2088 in _fetch
  File "C:\Users\automation02\AppData\Local\Python\pythoncore-3.14-64\Lib\threading.py", line 1024 in run
  File "C:\Users\automation02\AppData\Local\Python\pythoncore-3.14-64\Lib\threading.py", line 1082 in _bootstrap_inner
  File "C:\Users\automation02\AppData\Local\Python\pythoncore-3.14-64\Lib\threading.py", line 1044 in _bootstrap

Current thread 0x000054c0 (most recent call first):
  File "c:\Users\automation02\Desktop\GUI\Strike_Machine\GUI_Strike_Machine\main_edited.py", line 323 in <module>

Current thread's C stack trace (most recent call first):
  <cannot get C stack on this system>
2026-08-27 10:57:36,262 - [main] - INFO - CLEAN_EXIT được đánh dấu. Detail: QApplication.aboutToQuit fired
2026-08-27 10:57:36,262 - [main] - INFO - app.exec() returned exit_code=0
2026-08-27 10:57:36,310 - [main] - INFO - CLEAN_EXIT xác nhận qua atexit.

===== [main] Process start: PID=8076 at 2026-08-27 10:59:28.464169 =====
2026-08-27 10:59:28,465 - [main] - INFO - Không tìm thấy lock file cũ -> phiên chạy trước (nếu có) đã thoát sạch.
2026-08-27 10:59:28,466 - [main] - INFO - Watchdog initialized. PID=8076 log_file=c:\Users\automation02\Desktop\GUI\Strike_Machine\GUI_Strike_Machine\sm_crash.log

===== [loading] Process start: PID=24520 at 2026-08-27 10:59:29.052572 =====
2026-08-27 10:59:29,052 - [loading] - INFO - Không tìm thấy lock file cũ -> phiên chạy trước (nếu có) đã thoát sạch.
2026-08-27 10:59:29,054 - [loading] - INFO - Watchdog initialized. PID=24520 log_file=c:\Users\automation02\Desktop\GUI\Strike_Machine\GUI_Strike_Machine\sm_crash.log
2026-08-27 10:59:39,390 - [loading] - INFO - CLEAN_EXIT được đánh dấu. Detail: loading window event loop returned exit_code=0
2026-08-27 10:59:39,414 - [loading] - INFO - CLEAN_EXIT xác nhận qua atexit.
Windows fatal exception: code 0x8001010d

Thread 0x00004ea0 [QThread] (most recent call first):
  File "C:\Users\automation02\Desktop\GUI\Strike_Machine\GUI_Strike_Machine\.venv\Lib\site-packages\pymodbus\client\serial.py", line 292 in _wait_for_data
  File "C:\Users\automation02\Desktop\GUI\Strike_Machine\GUI_Strike_Machine\.venv\Lib\site-packages\pymodbus\client\serial.py", line 300 in recv
  File "C:\Users\automation02\Desktop\GUI\Strike_Machine\GUI_Strike_Machine\.venv\Lib\site-packages\pymodbus\transaction\transaction.py", line 89 in sync_get_response
  File "C:\Users\automation02\Desktop\GUI\Strike_Machine\GUI_Strike_Machine\.venv\Lib\site-packages\pymodbus\transaction\transaction.py", line 153 in sync_execute
  File "C:\Users\automation02\Desktop\GUI\Strike_Machine\GUI_Strike_Machine\.venv\Lib\site-packages\pymodbus\client\base.py", line 189 in execute
  File "C:\Users\automation02\Desktop\GUI\Strike_Machine\GUI_Strike_Machine\.venv\Lib\site-packages\pymodbus\client\mixin.py", line 162 in read_input_registers
  File "c:\Users\automation02\Desktop\GUI\Strike_Machine\GUI_Strike_Machine\SERIAL_READ_MODULE.py", line 440 in _read_input_registers
  File "c:\Users\automation02\Desktop\GUI\Strike_Machine\GUI_Strike_Machine\SERIAL_READ_MODULE.py", line 454 in _read_all
  File "c:\Users\automation02\Desktop\GUI\Strike_Machine\GUI_Strike_Machine\SERIAL_READ_MODULE.py", line 404 in _poll

Thread 0x00001130 [Thread-7 (_fetch)] (most recent call first):
  File "c:\Users\automation02\Desktop\GUI\Strike_Machine\GUI_Strike_Machine\source_edited.py", line 2126 in _fetch
  File "C:\Users\automation02\AppData\Local\Python\pythoncore-3.14-64\Lib\threading.py", line 1024 in run
  File "C:\Users\automation02\AppData\Local\Python\pythoncore-3.14-64\Lib\threading.py", line 1082 in _bootstrap_inner
  File "C:\Users\automation02\AppData\Local\Python\pythoncore-3.14-64\Lib\threading.py", line 1044 in _bootstrap

Current thread 0x00005ff4 (most recent call first):
  File "c:\Users\automation02\Desktop\GUI\Strike_Machine\GUI_Strike_Machine\main_edited.py", line 323 in <module>

Current thread's C stack trace (most recent call first):
  <cannot get C stack on this system>
2026-08-27 11:00:52,365 - [main] - INFO - CLEAN_EXIT được đánh dấu. Detail: QApplication.aboutToQuit fired
2026-08-27 11:00:52,365 - [main] - INFO - app.exec() returned exit_code=0
2026-08-27 11:00:52,430 - [main] - INFO - CLEAN_EXIT xác nhận qua atexit.

===== [main] Process start: PID=6148 at 2026-08-27 11:01:54.583494 =====
2026-08-27 11:01:54,583 - [main] - INFO - Không tìm thấy lock file cũ -> phiên chạy trước (nếu có) đã thoát sạch.
2026-08-27 11:01:54,584 - [main] - INFO - Watchdog initialized. PID=6148 log_file=c:\Users\automation02\Desktop\GUI\Strike_Machine\GUI_Strike_Machine\sm_crash.log

===== [loading] Process start: PID=23160 at 2026-08-27 11:01:54.988864 =====
2026-08-27 11:01:54,989 - [loading] - INFO - Không tìm thấy lock file cũ -> phiên chạy trước (nếu có) đã thoát sạch.
2026-08-27 11:01:54,991 - [loading] - INFO - Watchdog initialized. PID=23160 log_file=c:\Users\automation02\Desktop\GUI\Strike_Machine\GUI_Strike_Machine\sm_crash.log
Windows fatal exception: code 0x8001010d

Current thread 0x00005990 (most recent call first):
  File "c:\Users\automation02\Desktop\GUI\Strike_Machine\GUI_Strike_Machine\main_edited.py", line 200 in <module>

Current thread's C stack trace (most recent call first):
  <cannot get C stack on this system>
2026-08-27 11:02:04,784 - [loading] - INFO - CLEAN_EXIT được đánh dấu. Detail: loading window event loop returned exit_code=0
2026-08-27 11:02:04,790 - [loading] - INFO - CLEAN_EXIT xác nhận qua atexit.
Windows fatal exception: code 0x8001010d

Thread 0x00004fd0 [Thread-7 (_fetch)] (most recent call first):
  File "c:\Users\automation02\Desktop\GUI\Strike_Machine\GUI_Strike_Machine\source_edited.py", line 2126 in _fetch
  File "C:\Users\automation02\AppData\Local\Python\pythoncore-3.14-64\Lib\threading.py", line 1024 in run
  File "C:\Users\automation02\AppData\Local\Python\pythoncore-3.14-64\Lib\threading.py", line 1082 in _bootstrap_inner
  File "C:\Users\automation02\AppData\Local\Python\pythoncore-3.14-64\Lib\threading.py", line 1044 in _bootstrap

Current thread 0x00005fa8 (most recent call first):
  File "c:\Users\automation02\Desktop\GUI\Strike_Machine\GUI_Strike_Machine\main_edited.py", line 323 in <module>

Current thread's C stack trace (most recent call first):
  <cannot get C stack on this system>
2026-08-27 11:03:01,763 - [main] - INFO - CLEAN_EXIT được đánh dấu. Detail: QApplication.aboutToQuit fired
2026-08-27 11:03:01,763 - [main] - INFO - app.exec() returned exit_code=0
2026-08-27 11:03:01,802 - [main] - INFO - CLEAN_EXIT xác nhận qua atexit.

===== [main] Process start: PID=21384 at 2026-08-27 11:04:57.310098 =====
2026-08-27 11:04:57,310 - [main] - INFO - Không tìm thấy lock file cũ -> phiên chạy trước (nếu có) đã thoát sạch.
2026-08-27 11:04:57,311 - [main] - INFO - Watchdog initialized. PID=21384 log_file=c:\Users\automation02\Desktop\GUI\Strike_Machine\GUI_Strike_Machine\sm_crash.log

===== [loading] Process start: PID=12016 at 2026-08-27 11:04:57.715497 =====
2026-08-27 11:04:57,715 - [loading] - INFO - Không tìm thấy lock file cũ -> phiên chạy trước (nếu có) đã thoát sạch.
2026-08-27 11:04:57,717 - [loading] - INFO - Watchdog initialized. PID=12016 log_file=c:\Users\automation02\Desktop\GUI\Strike_Machine\GUI_Strike_Machine\sm_crash.log
Windows fatal exception: code 0x8001010d

Current thread 0x000033cc (most recent call first):
  File "c:\Users\automation02\Desktop\GUI\Strike_Machine\GUI_Strike_Machine\main_edited.py", line 200 in <module>

Current thread's C stack trace (most recent call first):
  <cannot get C stack on this system>
2026-08-27 11:05:04,779 - [loading] - INFO - CLEAN_EXIT được đánh dấu. Detail: loading window event loop returned exit_code=0
2026-08-27 11:05:04,795 - [loading] - INFO - CLEAN_EXIT xác nhận qua atexit.
Windows fatal exception: code 0x8001010d

Thread 0x00000588 [QThread] (most recent call first):
  File "C:\Users\automation02\Desktop\GUI\Strike_Machine\GUI_Strike_Machine\.venv\Lib\site-packages\pymodbus\client\serial.py", line 292 in _wait_for_data
  File "C:\Users\automation02\Desktop\GUI\Strike_Machine\GUI_Strike_Machine\.venv\Lib\site-packages\pymodbus\client\serial.py", line 300 in recv
  File "C:\Users\automation02\Desktop\GUI\Strike_Machine\GUI_Strike_Machine\.venv\Lib\site-packages\pymodbus\transaction\transaction.py", line 89 in sync_get_response
  File "C:\Users\automation02\Desktop\GUI\Strike_Machine\GUI_Strike_Machine\.venv\Lib\site-packages\pymodbus\transaction\transaction.py", line 153 in sync_execute
  File "C:\Users\automation02\Desktop\GUI\Strike_Machine\GUI_Strike_Machine\.venv\Lib\site-packages\pymodbus\client\base.py", line 189 in execute
  File "C:\Users\automation02\Desktop\GUI\Strike_Machine\GUI_Strike_Machine\.venv\Lib\site-packages\pymodbus\client\mixin.py", line 162 in read_input_registers
  File "c:\Users\automation02\Desktop\GUI\Strike_Machine\GUI_Strike_Machine\SERIAL_READ_MODULE.py", line 440 in _read_input_registers
  File "c:\Users\automation02\Desktop\GUI\Strike_Machine\GUI_Strike_Machine\SERIAL_READ_MODULE.py", line 454 in _read_all
  File "c:\Users\automation02\Desktop\GUI\Strike_Machine\GUI_Strike_Machine\SERIAL_READ_MODULE.py", line 404 in _poll

Thread 0x00002ee4 [Thread-7 (_fetch)] (most recent call first):
  File "c:\Users\automation02\Desktop\GUI\Strike_Machine\GUI_Strike_Machine\source_edited.py", line 2136 in _fetch
  File "C:\Users\automation02\AppData\Local\Python\pythoncore-3.14-64\Lib\threading.py", line 1024 in run
  File "C:\Users\automation02\AppData\Local\Python\pythoncore-3.14-64\Lib\threading.py", line 1082 in _bootstrap_inner
  File "C:\Users\automation02\AppData\Local\Python\pythoncore-3.14-64\Lib\threading.py", line 1044 in _bootstrap

Current thread 0x00005a38 (most recent call first):
  File "c:\Users\automation02\Desktop\GUI\Strike_Machine\GUI_Strike_Machine\main_edited.py", line 323 in <module>

Current thread's C stack trace (most recent call first):
  <cannot get C stack on this system>
2026-08-27 11:06:33,803 - [main] - INFO - CLEAN_EXIT được đánh dấu. Detail: QApplication.aboutToQuit fired
2026-08-27 11:06:33,804 - [main] - INFO - app.exec() returned exit_code=0
2026-08-27 11:06:33,867 - [main] - INFO - CLEAN_EXIT xác nhận qua atexit.

===== [main] Process start: PID=14556 at 2026-08-27 11:06:51.019685 =====
2026-08-27 11:06:51,020 - [main] - INFO - Không tìm thấy lock file cũ -> phiên chạy trước (nếu có) đã thoát sạch.
2026-08-27 11:06:51,021 - [main] - INFO - Watchdog initialized. PID=14556 log_file=c:\Users\automation02\Desktop\GUI\Strike_Machine\GUI_Strike_Machine\sm_crash.log

===== [loading] Process start: PID=16556 at 2026-08-27 11:06:51.338020 =====
2026-08-27 11:06:51,338 - [loading] - INFO - Không tìm thấy lock file cũ -> phiên chạy trước (nếu có) đã thoát sạch.
2026-08-27 11:06:51,339 - [loading] - INFO - Watchdog initialized. PID=16556 log_file=c:\Users\automation02\Desktop\GUI\Strike_Machine\GUI_Strike_Machine\sm_crash.log
Windows fatal exception: code 0x8001010d

Current thread 0x00003a4c (most recent call first):
  File "c:\Users\automation02\Desktop\GUI\Strike_Machine\GUI_Strike_Machine\main_edited.py", line 200 in <module>

Current thread's C stack trace (most recent call first):
  <cannot get C stack on this system>
2026-08-27 11:06:57,575 - [loading] - INFO - CLEAN_EXIT được đánh dấu. Detail: loading window event loop returned exit_code=0
2026-08-27 11:06:57,585 - [loading] - INFO - CLEAN_EXIT xác nhận qua atexit.
Windows fatal exception: code 0x8001010d

Thread 0x000025c4 [QThread] (most recent call first):
  File "C:\Users\automation02\Desktop\GUI\Strike_Machine\GUI_Strike_Machine\.venv\Lib\site-packages\pymodbus\client\serial.py", line 292 in _wait_for_data
  File "C:\Users\automation02\Desktop\GUI\Strike_Machine\GUI_Strike_Machine\.venv\Lib\site-packages\pymodbus\client\serial.py", line 300 in recv
  File "C:\Users\automation02\Desktop\GUI\Strike_Machine\GUI_Strike_Machine\.venv\Lib\site-packages\pymodbus\transaction\transaction.py", line 89 in sync_get_response
  File "C:\Users\automation02\Desktop\GUI\Strike_Machine\GUI_Strike_Machine\.venv\Lib\site-packages\pymodbus\transaction\transaction.py", line 153 in sync_execute
  File "C:\Users\automation02\Desktop\GUI\Strike_Machine\GUI_Strike_Machine\.venv\Lib\site-packages\pymodbus\client\base.py", line 189 in execute
  File "C:\Users\automation02\Desktop\GUI\Strike_Machine\GUI_Strike_Machine\.venv\Lib\site-packages\pymodbus\client\mixin.py", line 162 in read_input_registers
  File "c:\Users\automation02\Desktop\GUI\Strike_Machine\GUI_Strike_Machine\SERIAL_READ_MODULE.py", line 440 in _read_input_registers
  File "c:\Users\automation02\Desktop\GUI\Strike_Machine\GUI_Strike_Machine\SERIAL_READ_MODULE.py", line 454 in _read_all
  File "c:\Users\automation02\Desktop\GUI\Strike_Machine\GUI_Strike_Machine\SERIAL_READ_MODULE.py", line 404 in _poll

Thread 0x00005488 [Thread-7 (_fetch)] (most recent call first):
  File "c:\Users\automation02\Desktop\GUI\Strike_Machine\GUI_Strike_Machine\source_edited.py", line 2136 in _fetch
  File "C:\Users\automation02\AppData\Local\Python\pythoncore-3.14-64\Lib\threading.py", line 1024 in run
  File "C:\Users\automation02\AppData\Local\Python\pythoncore-3.14-64\Lib\threading.py", line 1082 in _bootstrap_inner
  File "C:\Users\automation02\AppData\Local\Python\pythoncore-3.14-64\Lib\threading.py", line 1044 in _bootstrap

Current thread 0x0000503c (most recent call first):
  File "c:\Users\automation02\Desktop\GUI\Strike_Machine\GUI_Strike_Machine\main_edited.py", line 323 in <module>

Current thread's C stack trace (most recent call first):
  <cannot get C stack on this system>
2026-08-27 11:07:38,531 - [main] - INFO - CLEAN_EXIT được đánh dấu. Detail: QApplication.aboutToQuit fired
2026-08-27 11:07:38,531 - [main] - INFO - app.exec() returned exit_code=0
2026-08-27 11:07:38,583 - [main] - INFO - CLEAN_EXIT xác nhận qua atexit.

===== [main] Process start: PID=3336 at 2026-08-27 11:07:54.189540 =====
2026-08-27 11:07:54,190 - [main] - INFO - Không tìm thấy lock file cũ -> phiên chạy trước (nếu có) đã thoát sạch.
2026-08-27 11:07:54,191 - [main] - INFO - Watchdog initialized. PID=3336 log_file=c:\Users\automation02\Desktop\GUI\Strike_Machine\GUI_Strike_Machine\sm_crash.log

===== [loading] Process start: PID=19352 at 2026-08-27 11:07:54.886171 =====
2026-08-27 11:07:54,886 - [loading] - INFO - Không tìm thấy lock file cũ -> phiên chạy trước (nếu có) đã thoát sạch.
2026-08-27 11:07:54,888 - [loading] - INFO - Watchdog initialized. PID=19352 log_file=c:\Users\automation02\Desktop\GUI\Strike_Machine\GUI_Strike_Machine\sm_crash.log
Windows fatal exception: code 0x8001010d

Current thread 0x00005e50 (most recent call first):
  File "c:\Users\automation02\Desktop\GUI\Strike_Machine\GUI_Strike_Machine\main_edited.py", line 200 in <module>

Current thread's C stack trace (most recent call first):
  <cannot get C stack on this system>
2026-08-27 11:08:03,463 - [loading] - INFO - CLEAN_EXIT được đánh dấu. Detail: loading window event loop returned exit_code=0
2026-08-27 11:08:03,468 - [loading] - INFO - CLEAN_EXIT xác nhận qua atexit.
Windows fatal exception: code 0x8001010d

Thread 0x00005710 [QThread] (most recent call first):
  File "C:\Users\automation02\Desktop\GUI\Strike_Machine\GUI_Strike_Machine\.venv\Lib\site-packages\pymodbus\client\serial.py", line 292 in _wait_for_data
  File "C:\Users\automation02\Desktop\GUI\Strike_Machine\GUI_Strike_Machine\.venv\Lib\site-packages\pymodbus\client\serial.py", line 300 in recv
  File "C:\Users\automation02\Desktop\GUI\Strike_Machine\GUI_Strike_Machine\.venv\Lib\site-packages\pymodbus\transaction\transaction.py", line 89 in sync_get_response
  File "C:\Users\automation02\Desktop\GUI\Strike_Machine\GUI_Strike_Machine\.venv\Lib\site-packages\pymodbus\transaction\transaction.py", line 153 in sync_execute
  File "C:\Users\automation02\Desktop\GUI\Strike_Machine\GUI_Strike_Machine\.venv\Lib\site-packages\pymodbus\client\base.py", line 189 in execute
  File "C:\Users\automation02\Desktop\GUI\Strike_Machine\GUI_Strike_Machine\.venv\Lib\site-packages\pymodbus\client\mixin.py", line 162 in read_input_registers
  File "c:\Users\automation02\Desktop\GUI\Strike_Machine\GUI_Strike_Machine\SERIAL_READ_MODULE.py", line 440 in _read_input_registers
  File "c:\Users\automation02\Desktop\GUI\Strike_Machine\GUI_Strike_Machine\SERIAL_READ_MODULE.py", line 454 in _read_all
  File "c:\Users\automation02\Desktop\GUI\Strike_Machine\GUI_Strike_Machine\SERIAL_READ_MODULE.py", line 404 in _poll

Thread 0x00005624 [Thread-7 (_fetch)] (most recent call first):
  File "c:\Users\automation02\Desktop\GUI\Strike_Machine\GUI_Strike_Machine\source_edited.py", line 2136 in _fetch
  File "C:\Users\automation02\AppData\Local\Python\pythoncore-3.14-64\Lib\threading.py", line 1024 in run
  File "C:\Users\automation02\AppData\Local\Python\pythoncore-3.14-64\Lib\threading.py", line 1082 in _bootstrap_inner
  File "C:\Users\automation02\AppData\Local\Python\pythoncore-3.14-64\Lib\threading.py", line 1044 in _bootstrap

Current thread 0x000035e8 (most recent call first):
  File "c:\Users\automation02\Desktop\GUI\Strike_Machine\GUI_Strike_Machine\main_edited.py", line 323 in <module>

Current thread's C stack trace (most recent call first):
  <cannot get C stack on this system>
2026-08-27 11:08:20,395 - [main] - INFO - CLEAN_EXIT được đánh dấu. Detail: QApplication.aboutToQuit fired
2026-08-27 11:08:20,395 - [main] - INFO - app.exec() returned exit_code=0
2026-08-27 11:08:20,451 - [main] - INFO - CLEAN_EXIT xác nhận qua atexit.

===== [main] Process start: PID=21244 at 2026-08-27 11:08:26.578258 =====
2026-08-27 11:08:26,578 - [main] - INFO - Không tìm thấy lock file cũ -> phiên chạy trước (nếu có) đã thoát sạch.
2026-08-27 11:08:26,580 - [main] - INFO - Watchdog initialized. PID=21244 log_file=c:\Users\automation02\Desktop\GUI\Strike_Machine\GUI_Strike_Machine\sm_crash.log

===== [loading] Process start: PID=9684 at 2026-08-27 11:08:27.051837 =====
2026-08-27 11:08:27,052 - [loading] - INFO - Không tìm thấy lock file cũ -> phiên chạy trước (nếu có) đã thoát sạch.
2026-08-27 11:08:27,053 - [loading] - INFO - Watchdog initialized. PID=9684 log_file=c:\Users\automation02\Desktop\GUI\Strike_Machine\GUI_Strike_Machine\sm_crash.log
Windows fatal exception: code 0x8001010d

Current thread 0x00002464 (most recent call first):
  File "c:\Users\automation02\Desktop\GUI\Strike_Machine\GUI_Strike_Machine\main_edited.py", line 200 in <module>

Current thread's C stack trace (most recent call first):
  <cannot get C stack on this system>
2026-08-27 11:08:35,574 - [loading] - INFO - CLEAN_EXIT được đánh dấu. Detail: loading window event loop returned exit_code=0
2026-08-27 11:08:35,587 - [loading] - INFO - CLEAN_EXIT xác nhận qua atexit.
Windows fatal exception: code 0x8001010d

Thread 0x00001d24 [QThread] (most recent call first):
  File "C:\Users\automation02\Desktop\GUI\Strike_Machine\GUI_Strike_Machine\.venv\Lib\site-packages\serial\serialwin32.py", line 258 in in_waiting
  <invalid frame>

Thread 0x00001118 [Thread-7 (_fetch)] (most recent call first):
  File "c:\Users\automation02\Desktop\GUI\Strike_Machine\GUI_Strike_Machine\source_edited.py", line 2126 in _fetch
  File "C:\Users\automation02\AppData\Local\Python\pythoncore-3.14-64\Lib\threading.py", line 1024 in run
  File "C:\Users\automation02\AppData\Local\Python\pythoncore-3.14-64\Lib\threading.py", line 1082 in _bootstrap_inner
  File "C:\Users\automation02\AppData\Local\Python\pythoncore-3.14-64\Lib\threading.py", line 1044 in _bootstrap

Current thread 0x00005d44 (most recent call first):
  File "c:\Users\automation02\Desktop\GUI\Strike_Machine\GUI_Strike_Machine\main_edited.py", line 323 in <module>

Current thread's C stack trace (most recent call first):
  <cannot get C stack on this system>
2026-08-27 11:09:16,510 - [main] - INFO - CLEAN_EXIT được đánh dấu. Detail: QApplication.aboutToQuit fired
2026-08-27 11:09:16,510 - [main] - INFO - app.exec() returned exit_code=0
2026-08-27 11:09:16,570 - [main] - INFO - CLEAN_EXIT xác nhận qua atexit.

===== [main] Process start: PID=684 at 2026-08-27 11:10:06.793144 =====
2026-08-27 11:10:06,793 - [main] - INFO - Không tìm thấy lock file cũ -> phiên chạy trước (nếu có) đã thoát sạch.
2026-08-27 11:10:06,795 - [main] - INFO - Watchdog initialized. PID=684 log_file=c:\Users\automation02\Desktop\GUI\Strike_Machine\GUI_Strike_Machine\sm_crash.log

===== [loading] Process start: PID=22624 at 2026-08-27 11:10:07.271305 =====
2026-08-27 11:10:07,271 - [loading] - INFO - Không tìm thấy lock file cũ -> phiên chạy trước (nếu có) đã thoát sạch.
2026-08-27 11:10:07,272 - [loading] - INFO - Watchdog initialized. PID=22624 log_file=c:\Users\automation02\Desktop\GUI\Strike_Machine\GUI_Strike_Machine\sm_crash.log
Windows fatal exception: code 0x8001010d

Current thread 0x000043cc (most recent call first):
  File "c:\Users\automation02\Desktop\GUI\Strike_Machine\GUI_Strike_Machine\main_edited.py", line 200 in <module>

Current thread's C stack trace (most recent call first):
  <cannot get C stack on this system>
2026-08-27 11:10:15,773 - [loading] - INFO - CLEAN_EXIT được đánh dấu. Detail: loading window event loop returned exit_code=0
2026-08-27 11:10:15,787 - [loading] - INFO - CLEAN_EXIT xác nhận qua atexit.
Windows fatal exception: code 0x8001010d

Thread 0x00005e3c [QThread] (most recent call first):
  File "C:\Users\automation02\Desktop\GUI\Strike_Machine\GUI_Strike_Machine\.venv\Lib\site-packages\snap7\connection.py", line 458 in _recv_exact
  File "C:\Users\automation02\Desktop\GUI\Strike_Machine\GUI_Strike_Machine\.venv\Lib\site-packages\snap7\connection.py", line 204 in receive_data
  File "C:\Users\automation02\Desktop\GUI\Strike_Machine\GUI_Strike_Machine\.venv\Lib\site-packages\snap7\client.py", line 404 in _send_receive
  File "C:\Users\automation02\Desktop\GUI\Strike_Machine\GUI_Strike_Machine\.venv\Lib\site-packages\snap7\client.py", line 434 in _send_receive_with_reconnect
  File "C:\Users\automation02\Desktop\GUI\Strike_Machine\GUI_Strike_Machine\.venv\Lib\site-packages\snap7\client.py", line 987 in read_area
  File "C:\Users\automation02\Desktop\GUI\Strike_Machine\GUI_Strike_Machine\.venv\Lib\site-packages\snap7\client.py", line 867 in db_read
  File "c:\Users\automation02\Desktop\GUI\Strike_Machine\GUI_Strike_Machine\PLC_READ_MODULE.py", line 256 in _poll

Thread 0x00004658 [QThread] (most recent call first):
  File "C:\Users\automation02\Desktop\GUI\Strike_Machine\GUI_Strike_Machine\.venv\Lib\site-packages\pymodbus\client\serial.py", line 292 in _wait_for_data
  File "C:\Users\automation02\Desktop\GUI\Strike_Machine\GUI_Strike_Machine\.venv\Lib\site-packages\pymodbus\client\serial.py", line 300 in recv
  File "C:\Users\automation02\Desktop\GUI\Strike_Machine\GUI_Strike_Machine\.venv\Lib\site-packages\pymodbus\transaction\transaction.py", line 89 in sync_get_response
  File "C:\Users\automation02\Desktop\GUI\Strike_Machine\GUI_Strike_Machine\.venv\Lib\site-packages\pymodbus\transaction\transaction.py", line 153 in sync_execute
  File "C:\Users\automation02\Desktop\GUI\Strike_Machine\GUI_Strike_Machine\.venv\Lib\site-packages\pymodbus\client\base.py", line 189 in execute
  File "C:\Users\automation02\Desktop\GUI\Strike_Machine\GUI_Strike_Machine\.venv\Lib\site-packages\pymodbus\client\mixin.py", line 162 in read_input_registers
  File "c:\Users\automation02\Desktop\GUI\Strike_Machine\GUI_Strike_Machine\SERIAL_READ_MODULE.py", line 440 in _read_input_registers
  File "c:\Users\automation02\Desktop\GUI\Strike_Machine\GUI_Strike_Machine\SERIAL_READ_MODULE.py", line 454 in _read_all
  File "c:\Users\automation02\Desktop\GUI\Strike_Machine\GUI_Strike_Machine\SERIAL_READ_MODULE.py", line 404 in _poll

Thread 0x0000262c [Thread-7 (_fetch)] (most recent call first):
  File "c:\Users\automation02\Desktop\GUI\Strike_Machine\GUI_Strike_Machine\source_edited.py", line 2136 in _fetch
  File "C:\Users\automation02\AppData\Local\Python\pythoncore-3.14-64\Lib\threading.py", line 1024 in run
  File "C:\Users\automation02\AppData\Local\Python\pythoncore-3.14-64\Lib\threading.py", line 1082 in _bootstrap_inner
  File "C:\Users\automation02\AppData\Local\Python\pythoncore-3.14-64\Lib\threading.py", line 1044 in _bootstrap

Current thread 0x00005818 (most recent call first):
  File "c:\Users\automation02\Desktop\GUI\Strike_Machine\GUI_Strike_Machine\main_edited.py", line 323 in <module>

Current thread's C stack trace (most recent call first):
  <cannot get C stack on this system>
2026-08-27 11:10:32,697 - [main] - INFO - CLEAN_EXIT được đánh dấu. Detail: QApplication.aboutToQuit fired
2026-08-27 11:10:32,697 - [main] - INFO - app.exec() returned exit_code=0
2026-08-27 11:10:32,743 - [main] - INFO - CLEAN_EXIT xác nhận qua atexit.

===== [main] Process start: PID=23020 at 2026-08-27 11:10:38.790723 =====
2026-08-27 11:10:38,791 - [main] - INFO - Không tìm thấy lock file cũ -> phiên chạy trước (nếu có) đã thoát sạch.
2026-08-27 11:10:38,792 - [main] - INFO - Watchdog initialized. PID=23020 log_file=c:\Users\automation02\Desktop\GUI\Strike_Machine\GUI_Strike_Machine\sm_crash.log

===== [loading] Process start: PID=7664 at 2026-08-27 11:10:39.251782 =====
2026-08-27 11:10:39,252 - [loading] - INFO - Không tìm thấy lock file cũ -> phiên chạy trước (nếu có) đã thoát sạch.
2026-08-27 11:10:39,252 - [loading] - INFO - Watchdog initialized. PID=7664 log_file=c:\Users\automation02\Desktop\GUI\Strike_Machine\GUI_Strike_Machine\sm_crash.log
Windows fatal exception: code 0x8001010d

Current thread 0x000051cc (most recent call first):
  File "c:\Users\automation02\Desktop\GUI\Strike_Machine\GUI_Strike_Machine\main_edited.py", line 200 in <module>

Current thread's C stack trace (most recent call first):
  <cannot get C stack on this system>
2026-08-27 11:10:45,493 - [loading] - INFO - CLEAN_EXIT được đánh dấu. Detail: loading window event loop returned exit_code=0
2026-08-27 11:10:45,500 - [loading] - INFO - CLEAN_EXIT xác nhận qua atexit.
Windows fatal exception: code 0x8001010d

Thread 0x000054b8 [QThread] (most recent call first):
  File "c:\Users\automation02\Desktop\GUI\Strike_Machine\GUI_Strike_Machine\PLC_READ_MODULE.py", line 268 in _poll

Thread 0x00005534 [QThread] (most recent call first):
  File "C:\Users\automation02\Desktop\GUI\Strike_Machine\GUI_Strike_Machine\.venv\Lib\site-packages\serial\serialwin32.py", line ??? in in_waiting
  <invalid frame>

Thread 0x00001f38 [Thread-7 (_fetch)] (most recent call first):
  File "c:\Users\automation02\Desktop\GUI\Strike_Machine\GUI_Strike_Machine\source_edited.py", line 2136 in _fetch
  File "C:\Users\automation02\AppData\Local\Python\pythoncore-3.14-64\Lib\threading.py", line 1024 in run
  File "C:\Users\automation02\AppData\Local\Python\pythoncore-3.14-64\Lib\threading.py", line 1082 in _bootstrap_inner
  File "C:\Users\automation02\AppData\Local\Python\pythoncore-3.14-64\Lib\threading.py", line 1044 in _bootstrap

Current thread 0x00002e7c (most recent call first):
  File "c:\Users\automation02\Desktop\GUI\Strike_Machine\GUI_Strike_Machine\main_edited.py", line 323 in <module>

Current thread's C stack trace (most recent call first):
  <cannot get C stack on this system>
2026-08-27 11:11:02,439 - [main] - INFO - CLEAN_EXIT được đánh dấu. Detail: QApplication.aboutToQuit fired
2026-08-27 11:11:02,439 - [main] - INFO - app.exec() returned exit_code=0
2026-08-27 11:11:02,481 - [main] - INFO - CLEAN_EXIT xác nhận qua atexit.

===== [main] Process start: PID=3176 at 2026-08-27 11:28:29.512738 =====
2026-08-27 11:28:29,513 - [main] - INFO - Không tìm thấy lock file cũ -> phiên chạy trước (nếu có) đã thoát sạch.
2026-08-27 11:28:29,513 - [main] - INFO - Watchdog initialized. PID=3176 log_file=c:\Users\automation02\Desktop\GUI\Strike_Machine\GUI_Strike_Machine\sm_crash.log

===== [loading] Process start: PID=18184 at 2026-08-27 11:28:29.869838 =====
2026-08-27 11:28:29,870 - [loading] - INFO - Không tìm thấy lock file cũ -> phiên chạy trước (nếu có) đã thoát sạch.
2026-08-27 11:28:29,870 - [loading] - INFO - Watchdog initialized. PID=18184 log_file=c:\Users\automation02\Desktop\GUI\Strike_Machine\GUI_Strike_Machine\sm_crash.log
Windows fatal exception: code 0x8001010d

Current thread 0x000036a4 (most recent call first):
  File "c:\Users\automation02\Desktop\GUI\Strike_Machine\GUI_Strike_Machine\main_edited.py", line 200 in <module>

Current thread's C stack trace (most recent call first):
  <cannot get C stack on this system>
2026-08-27 11:28:36,653 - [loading] - INFO - CLEAN_EXIT được đánh dấu. Detail: loading window event loop returned exit_code=0
2026-08-27 11:28:36,663 - [loading] - INFO - CLEAN_EXIT xác nhận qua atexit.
Windows fatal exception: code 0x8001010d

Thread 0x000041d4 [QThread] (most recent call first):
  File "c:\Users\automation02\Desktop\GUI\Strike_Machine\GUI_Strike_Machine\PLC_READ_MODULE.py", line 268 in _poll

Thread 0x00003f6c [QThread] (most recent call first):
  File "C:\Users\automation02\Desktop\GUI\Strike_Machine\GUI_Strike_Machine\.venv\Lib\site-packages\pymodbus\client\serial.py", line 292 in _wait_for_data
  File "C:\Users\automation02\Desktop\GUI\Strike_Machine\GUI_Strike_Machine\.venv\Lib\site-packages\pymodbus\client\serial.py", line 300 in recv
  File "C:\Users\automation02\Desktop\GUI\Strike_Machine\GUI_Strike_Machine\.venv\Lib\site-packages\pymodbus\transaction\transaction.py", line 89 in sync_get_response
  File "C:\Users\automation02\Desktop\GUI\Strike_Machine\GUI_Strike_Machine\.venv\Lib\site-packages\pymodbus\transaction\transaction.py", line 153 in sync_execute
  File "C:\Users\automation02\Desktop\GUI\Strike_Machine\GUI_Strike_Machine\.venv\Lib\site-packages\pymodbus\client\base.py", line 189 in execute
  File "C:\Users\automation02\Desktop\GUI\Strike_Machine\GUI_Strike_Machine\.venv\Lib\site-packages\pymodbus\client\mixin.py", line 162 in read_input_registers
  File "c:\Users\automation02\Desktop\GUI\Strike_Machine\GUI_Strike_Machine\SERIAL_READ_MODULE.py", line 440 in _read_input_registers
  File "c:\Users\automation02\Desktop\GUI\Strike_Machine\GUI_Strike_Machine\SERIAL_READ_MODULE.py", line 454 in _read_all
  File "c:\Users\automation02\Desktop\GUI\Strike_Machine\GUI_Strike_Machine\SERIAL_READ_MODULE.py", line 404 in _poll

Thread 0x000046b8 [Thread-7 (_fetch)] (most recent call first):
  File "c:\Users\automation02\Desktop\GUI\Strike_Machine\GUI_Strike_Machine\source_edited.py", line 2149 in _fetch
  File "C:\Users\automation02\AppData\Local\Python\pythoncore-3.14-64\Lib\threading.py", line 1024 in run
  File "C:\Users\automation02\AppData\Local\Python\pythoncore-3.14-64\Lib\threading.py", line 1082 in _bootstrap_inner
  File "C:\Users\automation02\AppData\Local\Python\pythoncore-3.14-64\Lib\threading.py", line 1044 in _bootstrap

Current thread 0x000051e8 (most recent call first):
  File "c:\Users\automation02\Desktop\GUI\Strike_Machine\GUI_Strike_Machine\main_edited.py", line 323 in <module>

Current thread's C stack trace (most recent call first):
  <cannot get C stack on this system>
2026-08-27 11:28:53,581 - [main] - INFO - CLEAN_EXIT được đánh dấu. Detail: QApplication.aboutToQuit fired
2026-08-27 11:28:53,581 - [main] - INFO - app.exec() returned exit_code=0
2026-08-27 11:28:53,640 - [main] - INFO - CLEAN_EXIT xác nhận qua atexit.

===== [main] Process start: PID=17612 at 2026-08-27 11:29:19.211062 =====
2026-08-27 11:29:19,211 - [main] - INFO - Không tìm thấy lock file cũ -> phiên chạy trước (nếu có) đã thoát sạch.
2026-08-27 11:29:19,212 - [main] - INFO - Watchdog initialized. PID=17612 log_file=c:\Users\automation02\Desktop\GUI\Strike_Machine\GUI_Strike_Machine\sm_crash.log

===== [loading] Process start: PID=24164 at 2026-08-27 11:29:19.693531 =====
2026-08-27 11:29:19,694 - [loading] - INFO - Không tìm thấy lock file cũ -> phiên chạy trước (nếu có) đã thoát sạch.
2026-08-27 11:29:19,695 - [loading] - INFO - Watchdog initialized. PID=24164 log_file=c:\Users\automation02\Desktop\GUI\Strike_Machine\GUI_Strike_Machine\sm_crash.log
Windows fatal exception: code 0x8001010d

Current thread 0x00001ef0 (most recent call first):
  File "c:\Users\automation02\Desktop\GUI\Strike_Machine\GUI_Strike_Machine\main_edited.py", line 200 in <module>

Current thread's C stack trace (most recent call first):
  <cannot get C stack on this system>
2026-08-27 11:29:28,953 - [loading] - INFO - CLEAN_EXIT được đánh dấu. Detail: loading window event loop returned exit_code=0
2026-08-27 11:29:28,966 - [loading] - INFO - CLEAN_EXIT xác nhận qua atexit.
Windows fatal exception: code 0x8001010d

Thread 0x0000318c [QThread] (most recent call first):
  File "C:\Users\automation02\Desktop\GUI\Strike_Machine\GUI_Strike_Machine\.venv\Lib\site-packages\pymodbus\client\serial.py", line 292 in _wait_for_data
  File "C:\Users\automation02\Desktop\GUI\Strike_Machine\GUI_Strike_Machine\.venv\Lib\site-packages\pymodbus\client\serial.py", line 300 in recv
  File "C:\Users\automation02\Desktop\GUI\Strike_Machine\GUI_Strike_Machine\.venv\Lib\site-packages\pymodbus\transaction\transaction.py", line 89 in sync_get_response
  File "C:\Users\automation02\Desktop\GUI\Strike_Machine\GUI_Strike_Machine\.venv\Lib\site-packages\pymodbus\transaction\transaction.py", line 153 in sync_execute
  File "C:\Users\automation02\Desktop\GUI\Strike_Machine\GUI_Strike_Machine\.venv\Lib\site-packages\pymodbus\client\base.py", line 189 in execute
  File "C:\Users\automation02\Desktop\GUI\Strike_Machine\GUI_Strike_Machine\.venv\Lib\site-packages\pymodbus\client\mixin.py", line 162 in read_input_registers
  File "c:\Users\automation02\Desktop\GUI\Strike_Machine\GUI_Strike_Machine\SERIAL_READ_MODULE.py", line 440 in _read_input_registers
  File "c:\Users\automation02\Desktop\GUI\Strike_Machine\GUI_Strike_Machine\SERIAL_READ_MODULE.py", line 454 in _read_all
  File "c:\Users\automation02\Desktop\GUI\Strike_Machine\GUI_Strike_Machine\SERIAL_READ_MODULE.py", line 404 in _poll

Thread 0x00005294 [Thread-7 (_fetch)] (most recent call first):
  File "c:\Users\automation02\Desktop\GUI\Strike_Machine\GUI_Strike_Machine\source_edited.py", line 2139 in _fetch
  File "C:\Users\automation02\AppData\Local\Python\pythoncore-3.14-64\Lib\threading.py", line 1024 in run
  File "C:\Users\automation02\AppData\Local\Python\pythoncore-3.14-64\Lib\threading.py", line 1082 in _bootstrap_inner
  File "C:\Users\automation02\AppData\Local\Python\pythoncore-3.14-64\Lib\threading.py", line 1044 in _bootstrap

Current thread 0x0000480c (most recent call first):
  File "c:\Users\automation02\Desktop\GUI\Strike_Machine\GUI_Strike_Machine\main_edited.py", line 323 in <module>

Current thread's C stack trace (most recent call first):
  <cannot get C stack on this system>
2026-08-27 11:37:26,922 - [main] - INFO - CLEAN_EXIT được đánh dấu. Detail: QApplication.aboutToQuit fired
2026-08-27 11:37:26,923 - [main] - INFO - app.exec() returned exit_code=0
2026-08-27 11:37:26,987 - [main] - INFO - CLEAN_EXIT xác nhận qua atexit.

===== [main] Process start: PID=9512 at 2026-08-27 11:40:13.805671 =====
2026-08-27 11:40:13,806 - [main] - INFO - Không tìm thấy lock file cũ -> phiên chạy trước (nếu có) đã thoát sạch.
2026-08-27 11:40:13,807 - [main] - INFO - Watchdog initialized. PID=9512 log_file=c:\Users\automation02\Desktop\GUI\Strike_Machine\GUI_Strike_Machine\sm_crash.log

===== [loading] Process start: PID=17612 at 2026-08-27 11:40:14.227414 =====
2026-08-27 11:40:14,227 - [loading] - INFO - Không tìm thấy lock file cũ -> phiên chạy trước (nếu có) đã thoát sạch.
2026-08-27 11:40:14,228 - [loading] - INFO - Watchdog initialized. PID=17612 log_file=c:\Users\automation02\Desktop\GUI\Strike_Machine\GUI_Strike_Machine\sm_crash.log
Windows fatal exception: code 0x8001010d

Current thread 0x000031f8 (most recent call first):
  File "c:\Users\automation02\Desktop\GUI\Strike_Machine\GUI_Strike_Machine\main_edited.py", line 200 in <module>

Current thread's C stack trace (most recent call first):
  <cannot get C stack on this system>
2026-08-27 11:40:24,375 - [loading] - INFO - CLEAN_EXIT được đánh dấu. Detail: loading window event loop returned exit_code=0
2026-08-27 11:40:24,401 - [loading] - INFO - CLEAN_EXIT xác nhận qua atexit.
Windows fatal exception: code 0x8001010d

Thread 0x00005d48 [QThread] (most recent call first):
  File "C:\Users\automation02\Desktop\GUI\Strike_Machine\GUI_Strike_Machine\.venv\Lib\site-packages\pymodbus\client\serial.py", line 292 in _wait_for_data
  File "C:\Users\automation02\Desktop\GUI\Strike_Machine\GUI_Strike_Machine\.venv\Lib\site-packages\pymodbus\client\serial.py", line 300 in recv
  File "C:\Users\automation02\Desktop\GUI\Strike_Machine\GUI_Strike_Machine\.venv\Lib\site-packages\pymodbus\transaction\transaction.py", line 89 in sync_get_response
  File "C:\Users\automation02\Desktop\GUI\Strike_Machine\GUI_Strike_Machine\.venv\Lib\site-packages\pymodbus\transaction\transaction.py", line 153 in sync_execute
  File "C:\Users\automation02\Desktop\GUI\Strike_Machine\GUI_Strike_Machine\.venv\Lib\site-packages\pymodbus\client\base.py", line 189 in execute
  File "C:\Users\automation02\Desktop\GUI\Strike_Machine\GUI_Strike_Machine\.venv\Lib\site-packages\pymodbus\client\mixin.py", line 162 in read_input_registers
  File "c:\Users\automation02\Desktop\GUI\Strike_Machine\GUI_Strike_Machine\SERIAL_READ_MODULE.py", line 440 in _read_input_registers
  File "c:\Users\automation02\Desktop\GUI\Strike_Machine\GUI_Strike_Machine\SERIAL_READ_MODULE.py", line 454 in _read_all
  File "c:\Users\automation02\Desktop\GUI\Strike_Machine\GUI_Strike_Machine\SERIAL_READ_MODULE.py", line 404 in _poll

Thread 0x000015a0 [Thread-7 (_fetch)] (most recent call first):
  File "c:\Users\automation02\Desktop\GUI\Strike_Machine\GUI_Strike_Machine\source_edited.py", line 2139 in _fetch
  File "C:\Users\automation02\AppData\Local\Python\pythoncore-3.14-64\Lib\threading.py", line 1024 in run
  File "C:\Users\automation02\AppData\Local\Python\pythoncore-3.14-64\Lib\threading.py", line 1082 in _bootstrap_inner
  File "C:\Users\automation02\AppData\Local\Python\pythoncore-3.14-64\Lib\threading.py", line 1044 in _bootstrap

Current thread 0x00000dc8 (most recent call first):
  File "c:\Users\automation02\Desktop\GUI\Strike_Machine\GUI_Strike_Machine\main_edited.py", line 328 in <module>

Current thread's C stack trace (most recent call first):
  <cannot get C stack on this system>
2026-08-27 11:51:04,343 - [main] - INFO - CLEAN_EXIT được đánh dấu. Detail: QApplication.aboutToQuit fired
2026-08-27 11:51:04,346 - [main] - INFO - app.exec() returned exit_code=0
2026-08-27 11:51:04,430 - [main] - INFO - CLEAN_EXIT xác nhận qua atexit.

===== [main] Process start: PID=23456 at 2026-08-27 11:57:10.970212 =====
2026-08-27 11:57:10,970 - [main] - INFO - Không tìm thấy lock file cũ -> phiên chạy trước (nếu có) đã thoát sạch.
2026-08-27 11:57:10,971 - [main] - INFO - Watchdog initialized. PID=23456 log_file=c:\Users\automation02\Desktop\GUI\Strike_Machine\GUI_Strike_Machine\sm_crash.log

===== [loading] Process start: PID=22948 at 2026-08-27 11:57:11.375125 =====
2026-08-27 11:57:11,375 - [loading] - INFO - Không tìm thấy lock file cũ -> phiên chạy trước (nếu có) đã thoát sạch.
2026-08-27 11:57:11,376 - [loading] - INFO - Watchdog initialized. PID=22948 log_file=c:\Users\automation02\Desktop\GUI\Strike_Machine\GUI_Strike_Machine\sm_crash.log
2026-08-27 11:57:20,742 - [loading] - INFO - CLEAN_EXIT được đánh dấu. Detail: loading window event loop returned exit_code=0
2026-08-27 11:57:20,762 - [loading] - INFO - CLEAN_EXIT xác nhận qua atexit.
Windows fatal exception: code 0x8001010d

Thread 0x00004a90 [Thread-7 (_fetch)] (most recent call first):
  File "c:\Users\automation02\Desktop\GUI\Strike_Machine\GUI_Strike_Machine\source_edited.py", line 2139 in _fetch
  File "C:\Users\automation02\AppData\Local\Python\pythoncore-3.14-64\Lib\threading.py", line 1024 in run
  File "C:\Users\automation02\AppData\Local\Python\pythoncore-3.14-64\Lib\threading.py", line 1082 in _bootstrap_inner
  File "C:\Users\automation02\AppData\Local\Python\pythoncore-3.14-64\Lib\threading.py", line 1044 in _bootstrap

Current thread 0x00000cd8 (most recent call first):
  File "c:\Users\automation02\Desktop\GUI\Strike_Machine\GUI_Strike_Machine\main_edited.py", line 328 in <module>

Current thread's C stack trace (most recent call first):
  <cannot get C stack on this system>
2026-08-27 11:57:45,608 - [main] - INFO - CLEAN_EXIT được đánh dấu. Detail: QApplication.aboutToQuit fired
2026-08-27 11:57:45,609 - [main] - INFO - app.exec() returned exit_code=0
2026-08-27 11:57:45,689 - [main] - INFO - CLEAN_EXIT xác nhận qua atexit.

===== [main] Process start: PID=20296 at 2026-08-27 11:59:12.156564 =====
2026-08-27 11:59:12,156 - [main] - INFO - Không tìm thấy lock file cũ -> phiên chạy trước (nếu có) đã thoát sạch.
2026-08-27 11:59:12,157 - [main] - INFO - Watchdog initialized. PID=20296 log_file=c:\Users\automation02\Desktop\GUI\Strike_Machine\GUI_Strike_Machine\sm_crash.log

===== [loading] Process start: PID=18864 at 2026-08-27 11:59:12.626058 =====
2026-08-27 11:59:12,626 - [loading] - INFO - Không tìm thấy lock file cũ -> phiên chạy trước (nếu có) đã thoát sạch.
2026-08-27 11:59:12,627 - [loading] - INFO - Watchdog initialized. PID=18864 log_file=c:\Users\automation02\Desktop\GUI\Strike_Machine\GUI_Strike_Machine\sm_crash.log
Windows fatal exception: code 0x8001010d

Current thread 0x00005cb8 (most recent call first):
  File "c:\Users\automation02\Desktop\GUI\Strike_Machine\GUI_Strike_Machine\main_edited.py", line 200 in <module>

Current thread's C stack trace (most recent call first):
  <cannot get C stack on this system>
2026-08-27 11:59:21,212 - [loading] - INFO - CLEAN_EXIT được đánh dấu. Detail: loading window event loop returned exit_code=0
2026-08-27 11:59:21,225 - [loading] - INFO - CLEAN_EXIT xác nhận qua atexit.
Windows fatal exception: code 0x8001010d

Thread 0x0000367c [QThread] (most recent call first):
  File "C:\Users\automation02\Desktop\GUI\Strike_Machine\GUI_Strike_Machine\.venv\Lib\site-packages\pymodbus\client\serial.py", line 292 in _wait_for_data
  File "C:\Users\automation02\Desktop\GUI\Strike_Machine\GUI_Strike_Machine\.venv\Lib\site-packages\pymodbus\client\serial.py", line 300 in recv
  File "C:\Users\automation02\Desktop\GUI\Strike_Machine\GUI_Strike_Machine\.venv\Lib\site-packages\pymodbus\transaction\transaction.py", line 89 in sync_get_response
  File "C:\Users\automation02\Desktop\GUI\Strike_Machine\GUI_Strike_Machine\.venv\Lib\site-packages\pymodbus\transaction\transaction.py", line 153 in sync_execute
  File "C:\Users\automation02\Desktop\GUI\Strike_Machine\GUI_Strike_Machine\.venv\Lib\site-packages\pymodbus\client\base.py", line 189 in execute
  File "C:\Users\automation02\Desktop\GUI\Strike_Machine\GUI_Strike_Machine\.venv\Lib\site-packages\pymodbus\client\mixin.py", line 162 in read_input_registers
  File "c:\Users\automation02\Desktop\GUI\Strike_Machine\GUI_Strike_Machine\SERIAL_READ_MODULE.py", line 440 in _read_input_registers
  File "c:\Users\automation02\Desktop\GUI\Strike_Machine\GUI_Strike_Machine\SERIAL_READ_MODULE.py", line 454 in _read_all
  File "c:\Users\automation02\Desktop\GUI\Strike_Machine\GUI_Strike_Machine\SERIAL_READ_MODULE.py", line 404 in _poll

Thread 0x00005aec [Thread-7 (_fetch)] (most recent call first):
  File "c:\Users\automation02\Desktop\GUI\Strike_Machine\GUI_Strike_Machine\source_edited.py", line 2149 in _fetch
  File "C:\Users\automation02\AppData\Local\Python\pythoncore-3.14-64\Lib\threading.py", line 1024 in run
  File "C:\Users\automation02\AppData\Local\Python\pythoncore-3.14-64\Lib\threading.py", line 1082 in _bootstrap_inner
  File "C:\Users\automation02\AppData\Local\Python\pythoncore-3.14-64\Lib\threading.py", line 1044 in _bootstrap

Current thread 0x00001fe4 (most recent call first):
  File "c:\Users\automation02\Desktop\GUI\Strike_Machine\GUI_Strike_Machine\main_edited.py", line 328 in <module>

Current thread's C stack trace (most recent call first):
  <cannot get C stack on this system>
2026-08-27 11:59:30,105 - [main] - INFO - CLEAN_EXIT được đánh dấu. Detail: QApplication.aboutToQuit fired
2026-08-27 11:59:30,105 - [main] - INFO - app.exec() returned exit_code=0
2026-08-27 11:59:30,150 - [main] - INFO - CLEAN_EXIT xác nhận qua atexit.

===== [main] Process start: PID=23756 at 2026-08-27 13:01:53.430892 =====
2026-08-27 13:01:53,431 - [main] - INFO - Không tìm thấy lock file cũ -> phiên chạy trước (nếu có) đã thoát sạch.
2026-08-27 13:01:53,432 - [main] - INFO - Watchdog initialized. PID=23756 log_file=c:\Users\automation02\Desktop\GUI\Strike_Machine\GUI_Strike_Machine\sm_crash.log

===== [loading] Process start: PID=12220 at 2026-08-27 13:01:53.713116 =====
2026-08-27 13:01:53,713 - [loading] - INFO - Không tìm thấy lock file cũ -> phiên chạy trước (nếu có) đã thoát sạch.
2026-08-27 13:01:53,714 - [loading] - INFO - Watchdog initialized. PID=12220 log_file=c:\Users\automation02\Desktop\GUI\Strike_Machine\GUI_Strike_Machine\sm_crash.log
Windows fatal exception: code 0x8001010d

Current thread 0x000039bc (most recent call first):
  File "c:\Users\automation02\Desktop\GUI\Strike_Machine\GUI_Strike_Machine\main_edited.py", line 200 in <module>

Current thread's C stack trace (most recent call first):
  <cannot get C stack on this system>
2026-08-27 13:02:02,821 - [loading] - INFO - CLEAN_EXIT được đánh dấu. Detail: loading window event loop returned exit_code=0
2026-08-27 13:02:02,843 - [loading] - INFO - CLEAN_EXIT xác nhận qua atexit.
Windows fatal exception: code 0x8001010d

Thread 0x0000540c [QThread] (most recent call first):
  File "c:\Users\automation02\Desktop\GUI\Strike_Machine\GUI_Strike_Machine\PLC_READ_MODULE.py", line 310 in _parse
  File "c:\Users\automation02\Desktop\GUI\Strike_Machine\GUI_Strike_Machine\PLC_READ_MODULE.py", line 268 in _poll

Thread 0x00001a1c [QThread] (most recent call first):
  File "C:\Users\automation02\Desktop\GUI\Strike_Machine\GUI_Strike_Machine\.venv\Lib\site-packages\pymodbus\client\serial.py", line 292 in _wait_for_data
  File "C:\Users\automation02\Desktop\GUI\Strike_Machine\GUI_Strike_Machine\.venv\Lib\site-packages\pymodbus\client\serial.py", line 300 in recv
  File "C:\Users\automation02\Desktop\GUI\Strike_Machine\GUI_Strike_Machine\.venv\Lib\site-packages\pymodbus\transaction\transaction.py", line 89 in sync_get_response
  File "C:\Users\automation02\Desktop\GUI\Strike_Machine\GUI_Strike_Machine\.venv\Lib\site-packages\pymodbus\transaction\transaction.py", line 153 in sync_execute
  File "C:\Users\automation02\Desktop\GUI\Strike_Machine\GUI_Strike_Machine\.venv\Lib\site-packages\pymodbus\client\base.py", line 189 in execute
  File "C:\Users\automation02\Desktop\GUI\Strike_Machine\GUI_Strike_Machine\.venv\Lib\site-packages\pymodbus\client\mixin.py", line 162 in read_input_registers
  File "c:\Users\automation02\Desktop\GUI\Strike_Machine\GUI_Strike_Machine\SERIAL_READ_MODULE.py", line 440 in _read_input_registers
  File "c:\Users\automation02\Desktop\GUI\Strike_Machine\GUI_Strike_Machine\SERIAL_READ_MODULE.py", line 454 in _read_all
  File "c:\Users\automation02\Desktop\GUI\Strike_Machine\GUI_Strike_Machine\SERIAL_READ_MODULE.py", line 404 in _poll

Thread 0x00005e58 [Thread-7 (_fetch)] (most recent call first):
  File "c:\Users\automation02\Desktop\GUI\Strike_Machine\GUI_Strike_Machine\source_edited.py", line 2139 in _fetch
  File "C:\Users\automation02\AppData\Local\Python\pythoncore-3.14-64\Lib\threading.py", line 1024 in run
  File "C:\Users\automation02\AppData\Local\Python\pythoncore-3.14-64\Lib\threading.py", line 1082 in _bootstrap_inner
  File "C:\Users\automation02\AppData\Local\Python\pythoncore-3.14-64\Lib\threading.py", line 1044 in _bootstrap

Current thread 0x00003520 (most recent call first):
  File "c:\Users\automation02\Desktop\GUI\Strike_Machine\GUI_Strike_Machine\main_edited.py", line 328 in <module>

Current thread's C stack trace (most recent call first):
  <cannot get C stack on this system>
2026-08-27 13:05:33,657 - [main] - INFO - CLEAN_EXIT được đánh dấu. Detail: QApplication.aboutToQuit fired
2026-08-27 13:05:33,658 - [main] - INFO - app.exec() returned exit_code=0
2026-08-27 13:05:33,727 - [main] - INFO - CLEAN_EXIT xác nhận qua atexit.

===== [main] Process start: PID=4568 at 2026-08-27 13:05:35.574641 =====
2026-08-27 13:05:35,575 - [main] - INFO - Không tìm thấy lock file cũ -> phiên chạy trước (nếu có) đã thoát sạch.
2026-08-27 13:05:35,576 - [main] - INFO - Watchdog initialized. PID=4568 log_file=c:\Users\automation02\Desktop\GUI\Strike_Machine\GUI_Strike_Machine\sm_crash.log

===== [loading] Process start: PID=19972 at 2026-08-27 13:05:35.970903 =====
2026-08-27 13:05:35,971 - [loading] - INFO - Không tìm thấy lock file cũ -> phiên chạy trước (nếu có) đã thoát sạch.
2026-08-27 13:05:35,972 - [loading] - INFO - Watchdog initialized. PID=19972 log_file=c:\Users\automation02\Desktop\GUI\Strike_Machine\GUI_Strike_Machine\sm_crash.log
2026-08-27 13:05:43,632 - [loading] - INFO - CLEAN_EXIT được đánh dấu. Detail: loading window event loop returned exit_code=0
2026-08-27 13:05:43,653 - [loading] - INFO - CLEAN_EXIT xác nhận qua atexit.
Windows fatal exception: code 0x8001010d

Thread 0x00004d1c [QThread] (most recent call first):
  File "C:\Users\automation02\Desktop\GUI\Strike_Machine\GUI_Strike_Machine\.venv\Lib\site-packages\pymodbus\client\serial.py", line 292 in _wait_for_data
  File "C:\Users\automation02\Desktop\GUI\Strike_Machine\GUI_Strike_Machine\.venv\Lib\site-packages\pymodbus\client\serial.py", line 300 in recv
  File "C:\Users\automation02\Desktop\GUI\Strike_Machine\GUI_Strike_Machine\.venv\Lib\site-packages\pymodbus\transaction\transaction.py", line 89 in sync_get_response
  File "C:\Users\automation02\Desktop\GUI\Strike_Machine\GUI_Strike_Machine\.venv\Lib\site-packages\pymodbus\transaction\transaction.py", line 153 in sync_execute
  File "C:\Users\automation02\Desktop\GUI\Strike_Machine\GUI_Strike_Machine\.venv\Lib\site-packages\pymodbus\client\base.py", line 189 in execute
  File "C:\Users\automation02\Desktop\GUI\Strike_Machine\GUI_Strike_Machine\.venv\Lib\site-packages\pymodbus\client\mixin.py", line 162 in read_input_registers
  File "c:\Users\automation02\Desktop\GUI\Strike_Machine\GUI_Strike_Machine\SERIAL_READ_MODULE.py", line 440 in _read_input_registers
  File "c:\Users\automation02\Desktop\GUI\Strike_Machine\GUI_Strike_Machine\SERIAL_READ_MODULE.py", line 454 in _read_all
  File "c:\Users\automation02\Desktop\GUI\Strike_Machine\GUI_Strike_Machine\SERIAL_READ_MODULE.py", line 404 in _poll

Thread 0x000047d4 [Thread-7 (_fetch)] (most recent call first):
  File "c:\Users\automation02\Desktop\GUI\Strike_Machine\GUI_Strike_Machine\source_edited.py", line 2149 in _fetch
  File "C:\Users\automation02\AppData\Local\Python\pythoncore-3.14-64\Lib\threading.py", line 1024 in run
  File "C:\Users\automation02\AppData\Local\Python\pythoncore-3.14-64\Lib\threading.py", line 1082 in _bootstrap_inner
  File "C:\Users\automation02\AppData\Local\Python\pythoncore-3.14-64\Lib\threading.py", line 1044 in _bootstrap

Current thread 0x00003a94 (most recent call first):
  File "c:\Users\automation02\Desktop\GUI\Strike_Machine\GUI_Strike_Machine\main_edited.py", line 328 in <module>

Current thread's C stack trace (most recent call first):
  <cannot get C stack on this system>
2026-08-27 13:06:32,618 - [main] - INFO - CLEAN_EXIT được đánh dấu. Detail: QApplication.aboutToQuit fired
2026-08-27 13:06:32,619 - [main] - INFO - app.exec() returned exit_code=0
2026-08-27 13:06:32,714 - [main] - INFO - CLEAN_EXIT xác nhận qua atexit.

===== [main] Process start: PID=22388 at 2026-08-27 15:50:09.374368 =====
2026-08-27 15:50:09,374 - [main] - INFO - Không tìm thấy lock file cũ -> phiên chạy trước (nếu có) đã thoát sạch.
2026-08-27 15:50:09,375 - [main] - INFO - Watchdog initialized. PID=22388 log_file=c:\Users\automation02\Desktop\GUI\Strike_Machine\GUI_Strike_Machine\sm_crash.log

===== [loading] Process start: PID=9012 at 2026-08-27 15:50:09.723876 =====
2026-08-27 15:50:09,724 - [loading] - INFO - Không tìm thấy lock file cũ -> phiên chạy trước (nếu có) đã thoát sạch.
2026-08-27 15:50:09,726 - [loading] - INFO - Watchdog initialized. PID=9012 log_file=c:\Users\automation02\Desktop\GUI\Strike_Machine\GUI_Strike_Machine\sm_crash.log
Windows fatal exception: code 0x8001010d

Current thread 0x000026f8 (most recent call first):
  File "c:\Users\automation02\Desktop\GUI\Strike_Machine\GUI_Strike_Machine\main_edited.py", line 200 in <module>

Current thread's C stack trace (most recent call first):
  <cannot get C stack on this system>
2026-08-27 15:50:41,678 - [loading] - INFO - CLEAN_EXIT được đánh dấu. Detail: loading window event loop returned exit_code=0
2026-08-27 15:50:41,684 - [loading] - INFO - CLEAN_EXIT xác nhận qua atexit.
Windows fatal exception: code 0x8001010d

Thread 0x0000093c [Thread-11 (_do_connect)] (most recent call first):
  File "C:\Users\automation02\Desktop\GUI\Strike_Machine\GUI_Strike_Machine\.venv\Lib\site-packages\serial\serialwin32.py", line 242 in _close
  File "C:\Users\automation02\Desktop\GUI\Strike_Machine\GUI_Strike_Machine\.venv\Lib\site-packages\serial\serialwin32.py", line 90 in open
  File "C:\Users\automation02\Desktop\GUI\Strike_Machine\GUI_Strike_Machine\.venv\Lib\site-packages\serial\__init__.py", line 90 in serial_for_url
  File "C:\Users\automation02\Desktop\GUI\Strike_Machine\GUI_Strike_Machine\.venv\Lib\site-packages\pymodbus\client\serial.py", line 231 in connect
  File "c:\Users\automation02\Desktop\GUI\Strike_Machine\GUI_Strike_Machine\SERIAL_READ_MODULE.py", line 342 in _do_connect
  File "C:\Users\automation02\AppData\Local\Python\pythoncore-3.14-64\Lib\threading.py", line 1024 in run
  File "C:\Users\automation02\AppData\Local\Python\pythoncore-3.14-64\Lib\threading.py", line 1082 in _bootstrap_inner
  File "C:\Users\automation02\AppData\Local\Python\pythoncore-3.14-64\Lib\threading.py", line 1044 in _bootstrap

Thread 0x00001a70 [Thread-7 (_fetch)] (most recent call first):
  File "c:\Users\automation02\Desktop\GUI\Strike_Machine\GUI_Strike_Machine\source_edited.py", line 2139 in _fetch
  File "C:\Users\automation02\AppData\Local\Python\pythoncore-3.14-64\Lib\threading.py", line 1024 in run
  File "C:\Users\automation02\AppData\Local\Python\pythoncore-3.14-64\Lib\threading.py", line 1082 in _bootstrap_inner
  File "C:\Users\automation02\AppData\Local\Python\pythoncore-3.14-64\Lib\threading.py", line 1044 in _bootstrap

Thread 0x00004da8 [QThread] (most recent call first):
  File "C:\Users\automation02\AppData\Local\Python\pythoncore-3.14-64\Lib\threading.py", line 373 in wait
  File "C:\Users\automation02\AppData\Local\Python\pythoncore-3.14-64\Lib\threading.py", line 670 in wait
  File "c:\Users\automation02\Desktop\GUI\Strike_Machine\GUI_Strike_Machine\SERIAL_READ_MODULE.py", line 354 in _connect_serial
  File "c:\Users\automation02\Desktop\GUI\Strike_Machine\GUI_Strike_Machine\SERIAL_READ_MODULE.py", line 275 in _try_connect
  File "c:\Users\automation02\Desktop\GUI\Strike_Machine\GUI_Strike_Machine\SERIAL_READ_MODULE.py", line 229 in run

Current thread 0x0000219c (most recent call first):
  File "c:\Users\automation02\Desktop\GUI\Strike_Machine\GUI_Strike_Machine\main_edited.py", line 328 in <module>

Current thread's C stack trace (most recent call first):
  <cannot get C stack on this system>

===== [main] Process start: PID=20296 at 2026-08-28 08:22:02.777248 =====
2026-08-28 08:22:02,778 - [main] - WARNING - PREVIOUS_SESSION_DID_NOT_EXIT_CLEANLY -> lần chạy trước có thể đã bị kill cứng (Task Manager 'End task', kill -9, mất điện, treo máy...). Thông tin phiên trước: pid=22388
started_at=2026-08-27T15:50:09.374947

2026-08-28 08:22:02,779 - [main] - INFO - Watchdog initialized. PID=20296 log_file=c:\Users\automation02\Desktop\GUI\Strike_Machine\GUI_Strike_Machine\sm_crash.log

===== [loading] Process start: PID=21516 at 2026-08-28 08:22:03.273972 =====
2026-08-28 08:22:03,274 - [loading] - INFO - Không tìm thấy lock file cũ -> phiên chạy trước (nếu có) đã thoát sạch.
2026-08-28 08:22:03,276 - [loading] - INFO - Watchdog initialized. PID=21516 log_file=c:\Users\automation02\Desktop\GUI\Strike_Machine\GUI_Strike_Machine\sm_crash.log
Windows fatal exception: code 0x8001010d

Current thread 0x00003d08 (most recent call first):
  File "c:\Users\automation02\Desktop\GUI\Strike_Machine\GUI_Strike_Machine\main_edited.py", line 200 in <module>

Current thread's C stack trace (most recent call first):
  <cannot get C stack on this system>
2026-08-28 08:22:26,328 - [loading] - INFO - CLEAN_EXIT được đánh dấu. Detail: loading window event loop returned exit_code=0
2026-08-28 08:22:26,339 - [loading] - INFO - CLEAN_EXIT xác nhận qua atexit.
Windows fatal exception: code 0x8001010d

Thread 0x000050fc [QThread] (most recent call first):
  File "C:\Users\automation02\Desktop\GUI\Strike_Machine\GUI_Strike_Machine\.venv\Lib\site-packages\snap7\connection.py", line 458 in _recv_exact
  File "C:\Users\automation02\Desktop\GUI\Strike_Machine\GUI_Strike_Machine\.venv\Lib\site-packages\snap7\connection.py", line 204 in receive_data
  File "C:\Users\automation02\Desktop\GUI\Strike_Machine\GUI_Strike_Machine\.venv\Lib\site-packages\snap7\client.py", line 404 in _send_receive
  File "C:\Users\automation02\Desktop\GUI\Strike_Machine\GUI_Strike_Machine\.venv\Lib\site-packages\snap7\client.py", line 434 in _send_receive_with_reconnect
  File "C:\Users\automation02\Desktop\GUI\Strike_Machine\GUI_Strike_Machine\.venv\Lib\site-packages\snap7\client.py", line 987 in read_area
  File "C:\Users\automation02\Desktop\GUI\Strike_Machine\GUI_Strike_Machine\.venv\Lib\site-packages\snap7\client.py", line 867 in db_read
  File "c:\Users\automation02\Desktop\GUI\Strike_Machine\GUI_Strike_Machine\PLC_READ_MODULE.py", line 256 in _poll

Thread 0x000061c8 [Thread-7 (_fetch)] (most recent call first):
  File "c:\Users\automation02\Desktop\GUI\Strike_Machine\GUI_Strike_Machine\source_edited.py", line 2139 in _fetch
  File "C:\Users\automation02\AppData\Local\Python\pythoncore-3.14-64\Lib\threading.py", line 1024 in run
  File "C:\Users\automation02\AppData\Local\Python\pythoncore-3.14-64\Lib\threading.py", line 1082 in _bootstrap_inner
  File "C:\Users\automation02\AppData\Local\Python\pythoncore-3.14-64\Lib\threading.py", line 1044 in _bootstrap

Current thread 0x00001d30 (most recent call first):
  File "c:\Users\automation02\Desktop\GUI\Strike_Machine\GUI_Strike_Machine\main_edited.py", line 328 in <module>

Current thread's C stack trace (most recent call first):
  <cannot get C stack on this system>
2026-08-28 08:28:36,906 - [main] - INFO - CLEAN_EXIT được đánh dấu. Detail: QApplication.aboutToQuit fired
2026-08-28 08:28:36,909 - [main] - INFO - app.exec() returned exit_code=0
2026-08-28 08:28:37,076 - [main] - INFO - CLEAN_EXIT xác nhận qua atexit.

===== [main] Process start: PID=24000 at 2026-09-01 11:21:48.241918 =====
2026-09-01 11:21:48,243 - [main] - INFO - Không tìm thấy lock file cũ -> phiên chạy trước (nếu có) đã thoát sạch.
2026-09-01 11:21:48,244 - [main] - INFO - Watchdog initialized. PID=24000 log_file=c:\Users\automation02\Desktop\GUI\Strike_Machine\GUI_Strike_Machine\sm_crash.log

===== [loading] Process start: PID=152 at 2026-09-01 11:21:48.741559 =====
2026-09-01 11:21:48,741 - [loading] - INFO - Không tìm thấy lock file cũ -> phiên chạy trước (nếu có) đã thoát sạch.
2026-09-01 11:21:48,742 - [loading] - INFO - Watchdog initialized. PID=152 log_file=c:\Users\automation02\Desktop\GUI\Strike_Machine\GUI_Strike_Machine\sm_crash.log
2026-09-01 11:22:15,827 - [loading] - INFO - CLEAN_EXIT được đánh dấu. Detail: loading window event loop returned exit_code=0
2026-09-01 11:22:15,840 - [loading] - INFO - CLEAN_EXIT xác nhận qua atexit.
Windows fatal exception: code 0x8001010d

Thread 0x00002854 [Thread-7 (_fetch)] (most recent call first):
  File "c:\Users\automation02\Desktop\GUI\Strike_Machine\GUI_Strike_Machine\source_edited.py", line 2139 in _fetch
  File "C:\Users\automation02\AppData\Local\Python\pythoncore-3.14-64\Lib\threading.py", line 1024 in run
  File "C:\Users\automation02\AppData\Local\Python\pythoncore-3.14-64\Lib\threading.py", line 1082 in _bootstrap_inner
  File "C:\Users\automation02\AppData\Local\Python\pythoncore-3.14-64\Lib\threading.py", line 1044 in _bootstrap

Current thread 0x00004ae4 (most recent call first):
  File "c:\Users\automation02\Desktop\GUI\Strike_Machine\GUI_Strike_Machine\main_edited.py", line 328 in <module>

Current thread's C stack trace (most recent call first):
  <cannot get C stack on this system>
2026-09-01 11:22:30,290 - [main] - INFO - CLEAN_EXIT được đánh dấu. Detail: QApplication.aboutToQuit fired
2026-09-01 11:22:30,291 - [main] - INFO - app.exec() returned exit_code=0
2026-09-01 11:22:30,392 - [main] - INFO - CLEAN_EXIT xác nhận qua atexit.

===== [main] Process start: PID=12944 at 2026-09-08 13:36:04.616494 =====
2026-09-08 13:36:04,617 - [main] - INFO - Không tìm thấy lock file cũ -> phiên chạy trước (nếu có) đã thoát sạch.
2026-09-08 13:36:04,618 - [main] - INFO - Watchdog initialized. PID=12944 log_file=c:\Users\automation02\Desktop\GUI\Strike_Machine\GUI_Strike_Machine\sm_crash.log

===== [loading] Process start: PID=10144 at 2026-09-08 13:36:05.430603 =====
2026-09-08 13:36:05,431 - [loading] - INFO - Không tìm thấy lock file cũ -> phiên chạy trước (nếu có) đã thoát sạch.
2026-09-08 13:36:05,433 - [loading] - INFO - Watchdog initialized. PID=10144 log_file=c:\Users\automation02\Desktop\GUI\Strike_Machine\GUI_Strike_Machine\sm_crash.log
2026-09-08 13:36:42,884 - [loading] - INFO - CLEAN_EXIT được đánh dấu. Detail: loading window event loop returned exit_code=0
2026-09-08 13:36:42,898 - [loading] - INFO - CLEAN_EXIT xác nhận qua atexit.
Windows fatal exception: code 0x8001010d

Thread 0x000043fc [Thread-7 (_fetch)] (most recent call first):
  File "c:\Users\automation02\Desktop\GUI\Strike_Machine\GUI_Strike_Machine\source_edited.py", line 2139 in _fetch
  File "C:\Users\automation02\AppData\Local\Python\pythoncore-3.14-64\Lib\threading.py", line 1024 in run
  File "C:\Users\automation02\AppData\Local\Python\pythoncore-3.14-64\Lib\threading.py", line 1082 in _bootstrap_inner
  File "C:\Users\automation02\AppData\Local\Python\pythoncore-3.14-64\Lib\threading.py", line 1044 in _bootstrap

Current thread 0x00002320 (most recent call first):
  File "c:\Users\automation02\Desktop\GUI\Strike_Machine\GUI_Strike_Machine\main_edited.py", line 328 in <module>

Current thread's C stack trace (most recent call first):
  <cannot get C stack on this system>

===== [main] Process start: PID=19732 at 2026-09-09 08:59:05.799093 =====
2026-09-09 08:59:05,800 - [main] - WARNING - PREVIOUS_SESSION_DID_NOT_EXIT_CLEANLY -> lần chạy trước có thể đã bị kill cứng (Task Manager 'End task', kill -9, mất điện, treo máy...). Thông tin phiên trước: pid=12944
started_at=2026-09-08T13:36:04.617982

2026-09-09 08:59:05,801 - [main] - INFO - Watchdog initialized. PID=19732 log_file=c:\Users\automation02\Desktop\GUI\Strike_Machine\GUI_Strike_Machine\sm_crash.log

===== [loading] Process start: PID=1336 at 2026-09-09 08:59:06.310393 =====
2026-09-09 08:59:06,310 - [loading] - INFO - Không tìm thấy lock file cũ -> phiên chạy trước (nếu có) đã thoát sạch.
2026-09-09 08:59:06,312 - [loading] - INFO - Watchdog initialized. PID=1336 log_file=c:\Users\automation02\Desktop\GUI\Strike_Machine\GUI_Strike_Machine\sm_crash.log
Windows fatal exception: code 0x8001010d

Current thread 0x00001b98 (most recent call first):
  File "c:\Users\automation02\Desktop\GUI\Strike_Machine\GUI_Strike_Machine\main_edited.py", line 200 in <module>

Current thread's C stack trace (most recent call first):
  <cannot get C stack on this system>
2026-09-09 08:59:19,300 - [loading] - INFO - CLEAN_EXIT được đánh dấu. Detail: loading window event loop returned exit_code=0
2026-09-09 08:59:19,325 - [loading] - INFO - CLEAN_EXIT xác nhận qua atexit.
Windows fatal exception: code 0x8001010d

Thread 0x00004d1c [Thread-7 (_fetch)] (most recent call first):
  File "c:\Users\automation02\Desktop\GUI\Strike_Machine\GUI_Strike_Machine\source_edited.py", line 2139 in _fetch
  File "C:\Users\automation02\AppData\Local\Python\pythoncore-3.14-64\Lib\threading.py", line 1024 in run
  File "C:\Users\automation02\AppData\Local\Python\pythoncore-3.14-64\Lib\threading.py", line 1082 in _bootstrap_inner
  File "C:\Users\automation02\AppData\Local\Python\pythoncore-3.14-64\Lib\threading.py", line 1044 in _bootstrap

Current thread 0x00004628 (most recent call first):
  File "c:\Users\automation02\Desktop\GUI\Strike_Machine\GUI_Strike_Machine\main_edited.py", line 328 in <module>

Current thread's C stack trace (most recent call first):
  <cannot get C stack on this system>
2026-09-09 09:04:22,164 - [main] - INFO - CLEAN_EXIT được đánh dấu. Detail: QApplication.aboutToQuit fired
2026-09-09 09:04:22,166 - [main] - INFO - app.exec() returned exit_code=0
2026-09-09 09:04:22,266 - [main] - INFO - CLEAN_EXIT xác nhận qua atexit.

===== [main] Process start: PID=4952 at 2026-09-09 09:54:55.986068 =====
2026-09-09 09:54:55,986 - [main] - INFO - Không tìm thấy lock file cũ -> phiên chạy trước (nếu có) đã thoát sạch.
2026-09-09 09:54:55,986 - [main] - INFO - Watchdog initialized. PID=4952 log_file=c:\Users\automation02\Desktop\GUI\Strike_Machine\GUI_Strike_Machine\sm_crash.log

===== [loading] Process start: PID=6136 at 2026-09-09 09:54:56.253942 =====
2026-09-09 09:54:56,254 - [loading] - INFO - Không tìm thấy lock file cũ -> phiên chạy trước (nếu có) đã thoát sạch.
2026-09-09 09:54:56,255 - [loading] - INFO - Watchdog initialized. PID=6136 log_file=c:\Users\automation02\Desktop\GUI\Strike_Machine\GUI_Strike_Machine\sm_crash.log
Windows fatal exception: code 0x8001010d

Current thread 0x00003c84 (most recent call first):
  File "c:\Users\automation02\Desktop\GUI\Strike_Machine\GUI_Strike_Machine\main_edited.py", line 200 in <module>

Current thread's C stack trace (most recent call first):
  <cannot get C stack on this system>
2026-09-09 09:55:07,297 - [loading] - INFO - CLEAN_EXIT được đánh dấu. Detail: loading window event loop returned exit_code=0
2026-09-09 09:55:07,305 - [loading] - INFO - CLEAN_EXIT xác nhận qua atexit.
Windows fatal exception: code 0x8001010d

Thread 0x00003630 [Thread-7 (_fetch)] (most recent call first):
  File "c:\Users\automation02\Desktop\GUI\Strike_Machine\GUI_Strike_Machine\source_edited.py", line 2138 in _fetch
  File "C:\Users\automation02\AppData\Local\Python\pythoncore-3.14-64\Lib\threading.py", line 1024 in run
  File "C:\Users\automation02\AppData\Local\Python\pythoncore-3.14-64\Lib\threading.py", line 1082 in _bootstrap_inner
  File "C:\Users\automation02\AppData\Local\Python\pythoncore-3.14-64\Lib\threading.py", line 1044 in _bootstrap

Current thread 0x00000804 (most recent call first):
  File "c:\Users\automation02\Desktop\GUI\Strike_Machine\GUI_Strike_Machine\main_edited.py", line 328 in <module>

Current thread's C stack trace (most recent call first):
  <cannot get C stack on this system>
2026-09-09 09:55:47,622 - [main] - INFO - CLEAN_EXIT được đánh dấu. Detail: QApplication.aboutToQuit fired
2026-09-09 09:55:47,624 - [main] - INFO - app.exec() returned exit_code=0
2026-09-09 09:55:47,785 - [main] - INFO - CLEAN_EXIT xác nhận qua atexit.

===== [main] Process start: PID=18148 at 2026-09-09 09:59:31.400100 =====
2026-09-09 09:59:31,400 - [main] - INFO - Không tìm thấy lock file cũ -> phiên chạy trước (nếu có) đã thoát sạch.
2026-09-09 09:59:31,401 - [main] - INFO - Watchdog initialized. PID=18148 log_file=c:\Users\automation02\Desktop\GUI\Strike_Machine\GUI_Strike_Machine\sm_crash.log

===== [loading] Process start: PID=12872 at 2026-09-09 09:59:31.725955 =====
2026-09-09 09:59:31,726 - [loading] - INFO - Không tìm thấy lock file cũ -> phiên chạy trước (nếu có) đã thoát sạch.
2026-09-09 09:59:31,727 - [loading] - INFO - Watchdog initialized. PID=12872 log_file=c:\Users\automation02\Desktop\GUI\Strike_Machine\GUI_Strike_Machine\sm_crash.log
Windows fatal exception: code 0x8001010d

Current thread 0x00003d20 (most recent call first):
  File "c:\Users\automation02\Desktop\GUI\Strike_Machine\GUI_Strike_Machine\main_edited.py", line 200 in <module>

Current thread's C stack trace (most recent call first):
  <cannot get C stack on this system>
2026-09-09 09:59:39,244 - [loading] - INFO - CLEAN_EXIT được đánh dấu. Detail: loading window event loop returned exit_code=0
2026-09-09 09:59:39,252 - [loading] - INFO - CLEAN_EXIT xác nhận qua atexit.
Windows fatal exception: code 0x8001010d

Thread 0x00003244 [Thread-7 (_fetch)] (most recent call first):
  File "c:\Users\automation02\Desktop\GUI\Strike_Machine\GUI_Strike_Machine\source_edited.py", line 2148 in _fetch
  File "C:\Users\automation02\AppData\Local\Python\pythoncore-3.14-64\Lib\threading.py", line 1024 in run
  File "C:\Users\automation02\AppData\Local\Python\pythoncore-3.14-64\Lib\threading.py", line 1082 in _bootstrap_inner
  File "C:\Users\automation02\AppData\Local\Python\pythoncore-3.14-64\Lib\threading.py", line 1044 in _bootstrap

Current thread 0x00002f44 (most recent call first):
  File "c:\Users\automation02\Desktop\GUI\Strike_Machine\GUI_Strike_Machine\main_edited.py", line 328 in <module>

Current thread's C stack trace (most recent call first):
  <cannot get C stack on this system>
2026-09-09 10:00:35,817 - [main] - INFO - CLEAN_EXIT được đánh dấu. Detail: QApplication.aboutToQuit fired
2026-09-09 10:00:35,817 - [main] - INFO - app.exec() returned exit_code=0
2026-09-09 10:00:35,972 - [main] - INFO - CLEAN_EXIT xác nhận qua atexit.

===== [main] Process start: PID=19004 at 2026-09-09 10:01:03.320721 =====
2026-09-09 10:01:03,321 - [main] - INFO - Không tìm thấy lock file cũ -> phiên chạy trước (nếu có) đã thoát sạch.
2026-09-09 10:01:03,322 - [main] - INFO - Watchdog initialized. PID=19004 log_file=c:\Users\automation02\Desktop\GUI\Strike_Machine\GUI_Strike_Machine\sm_crash.log

===== [loading] Process start: PID=1728 at 2026-09-09 10:01:03.710769 =====
2026-09-09 10:01:03,711 - [loading] - INFO - Không tìm thấy lock file cũ -> phiên chạy trước (nếu có) đã thoát sạch.
2026-09-09 10:01:03,711 - [loading] - INFO - Watchdog initialized. PID=1728 log_file=c:\Users\automation02\Desktop\GUI\Strike_Machine\GUI_Strike_Machine\sm_crash.log
2026-09-09 10:01:10,615 - [loading] - INFO - CLEAN_EXIT được đánh dấu. Detail: loading window event loop returned exit_code=0
2026-09-09 10:01:10,631 - [loading] - INFO - CLEAN_EXIT xác nhận qua atexit.
Windows fatal exception: code 0x8001010d

Thread 0x00003120 [Thread-7 (_fetch)] (most recent call first):
  File "c:\Users\automation02\Desktop\GUI\Strike_Machine\GUI_Strike_Machine\source_edited.py", line 2148 in _fetch
  File "C:\Users\automation02\AppData\Local\Python\pythoncore-3.14-64\Lib\threading.py", line 1024 in run
  File "C:\Users\automation02\AppData\Local\Python\pythoncore-3.14-64\Lib\threading.py", line 1082 in _bootstrap_inner
  File "C:\Users\automation02\AppData\Local\Python\pythoncore-3.14-64\Lib\threading.py", line 1044 in _bootstrap

Current thread 0x000006ac (most recent call first):
  File "c:\Users\automation02\Desktop\GUI\Strike_Machine\GUI_Strike_Machine\main_edited.py", line 328 in <module>

Current thread's C stack trace (most recent call first):
  <cannot get C stack on this system>
2026-09-09 10:08:30,482 - [main] - INFO - CLEAN_EXIT được đánh dấu. Detail: QApplication.aboutToQuit fired
2026-09-09 10:08:30,484 - [main] - INFO - app.exec() returned exit_code=0
2026-09-09 10:08:30,631 - [main] - INFO - CLEAN_EXIT xác nhận qua atexit.

===== [main] Process start: PID=5040 at 2026-09-14 15:43:11.295090 =====
2026-09-14 15:43:11,296 - [main] - INFO - Không tìm thấy lock file cũ -> phiên chạy trước (nếu có) đã thoát sạch.
2026-09-14 15:43:11,296 - [main] - INFO - Watchdog initialized. PID=5040 log_file=c:\Users\automation02\Desktop\GUI\Strike_Machine\GUI_Strike_Machine\sm_crash.log

===== [loading] Process start: PID=18240 at 2026-09-14 15:43:11.561897 =====
2026-09-14 15:43:11,562 - [loading] - INFO - Không tìm thấy lock file cũ -> phiên chạy trước (nếu có) đã thoát sạch.
2026-09-14 15:43:11,562 - [loading] - INFO - Watchdog initialized. PID=18240 log_file=c:\Users\automation02\Desktop\GUI\Strike_Machine\GUI_Strike_Machine\sm_crash.log
Windows fatal exception: code 0x8001010d

Current thread 0x00003a14 (most recent call first):
  File "c:\Users\automation02\Desktop\GUI\Strike_Machine\GUI_Strike_Machine\main_edited.py", line 200 in <module>

Current thread's C stack trace (most recent call first):
  <cannot get C stack on this system>
2026-09-14 15:43:29,766 - [loading] - INFO - CLEAN_EXIT được đánh dấu. Detail: loading window event loop returned exit_code=0
2026-09-14 15:43:29,774 - [loading] - INFO - CLEAN_EXIT xác nhận qua atexit.
Windows fatal exception: code 0x8001010d

Thread 0x00004178 [Thread-7 (_fetch)] (most recent call first):
  File "c:\Users\automation02\Desktop\GUI\Strike_Machine\GUI_Strike_Machine\source_edited.py", line 2183 in _fetch
  File "C:\Users\automation02\AppData\Local\Python\pythoncore-3.14-64\Lib\threading.py", line 1024 in run
  File "C:\Users\automation02\AppData\Local\Python\pythoncore-3.14-64\Lib\threading.py", line 1082 in _bootstrap_inner
  File "C:\Users\automation02\AppData\Local\Python\pythoncore-3.14-64\Lib\threading.py", line 1044 in _bootstrap

Current thread 0x00004b70 (most recent call first):
  File "c:\Users\automation02\Desktop\GUI\Strike_Machine\GUI_Strike_Machine\main_edited.py", line 328 in <module>

Current thread's C stack trace (most recent call first):
  <cannot get C stack on this system>
2026-09-14 16:11:13,572 - [main] - INFO - CLEAN_EXIT được đánh dấu. Detail: QApplication.aboutToQuit fired
2026-09-14 16:11:13,573 - [main] - INFO - app.exec() returned exit_code=0
2026-09-14 16:11:13,648 - [main] - INFO - CLEAN_EXIT xác nhận qua atexit.

===== [main] Process start: PID=16436 at 2026-09-14 16:28:17.913223 =====
2026-09-14 16:28:17,913 - [main] - INFO - Không tìm thấy lock file cũ -> phiên chạy trước (nếu có) đã thoát sạch.
2026-09-14 16:28:17,914 - [main] - INFO - Watchdog initialized. PID=16436 log_file=c:\Users\automation02\Desktop\GUI\Strike_Machine\GUI_Strike_Machine\sm_crash.log

===== [loading] Process start: PID=19620 at 2026-09-14 16:28:18.390334 =====
2026-09-14 16:28:18,391 - [loading] - INFO - Không tìm thấy lock file cũ -> phiên chạy trước (nếu có) đã thoát sạch.
2026-09-14 16:28:18,393 - [loading] - INFO - Watchdog initialized. PID=19620 log_file=c:\Users\automation02\Desktop\GUI\Strike_Machine\GUI_Strike_Machine\sm_crash.log
Windows fatal exception: code 0x8001010d

Current thread 0x000045bc (most recent call first):
  File "c:\Users\automation02\Desktop\GUI\Strike_Machine\GUI_Strike_Machine\main_edited.py", line 200 in <module>

Current thread's C stack trace (most recent call first):
  <cannot get C stack on this system>
2026-09-14 16:28:26,042 - [loading] - INFO - CLEAN_EXIT được đánh dấu. Detail: loading window event loop returned exit_code=0
2026-09-14 16:28:26,055 - [loading] - INFO - CLEAN_EXIT xác nhận qua atexit.
Windows fatal exception: code 0x8001010d

Thread 0x0000267c [QThread] (most recent call first):
  File "C:\Users\automation02\Desktop\GUI\Strike_Machine\GUI_Strike_Machine\.venv\Lib\site-packages\pymodbus\client\serial.py", line 292 in _wait_for_data
  File "C:\Users\automation02\Desktop\GUI\Strike_Machine\GUI_Strike_Machine\.venv\Lib\site-packages\pymodbus\client\serial.py", line 300 in recv
  File "C:\Users\automation02\Desktop\GUI\Strike_Machine\GUI_Strike_Machine\.venv\Lib\site-packages\pymodbus\transaction\transaction.py", line 89 in sync_get_response
  File "C:\Users\automation02\Desktop\GUI\Strike_Machine\GUI_Strike_Machine\.venv\Lib\site-packages\pymodbus\transaction\transaction.py", line 153 in sync_execute
  File "C:\Users\automation02\Desktop\GUI\Strike_Machine\GUI_Strike_Machine\.venv\Lib\site-packages\pymodbus\client\base.py", line 189 in execute
  File "C:\Users\automation02\Desktop\GUI\Strike_Machine\GUI_Strike_Machine\.venv\Lib\site-packages\pymodbus\client\mixin.py", line 162 in read_input_registers
  File "c:\Users\automation02\Desktop\GUI\Strike_Machine\GUI_Strike_Machine\SERIAL_READ_MODULE.py", line 443 in _read_input_registers
  File "c:\Users\automation02\Desktop\GUI\Strike_Machine\GUI_Strike_Machine\SERIAL_READ_MODULE.py", line 459 in _read_all
  File "c:\Users\automation02\Desktop\GUI\Strike_Machine\GUI_Strike_Machine\SERIAL_READ_MODULE.py", line 407 in _poll

Thread 0x000034c8 [Thread-7 (_fetch)] (most recent call first):
  File "c:\Users\automation02\Desktop\GUI\Strike_Machine\GUI_Strike_Machine\source_edited.py", line 2176 in _fetch
  File "C:\Users\automation02\AppData\Local\Python\pythoncore-3.14-64\Lib\threading.py", line 1024 in run
  File "C:\Users\automation02\AppData\Local\Python\pythoncore-3.14-64\Lib\threading.py", line 1082 in _bootstrap_inner
  File "C:\Users\automation02\AppData\Local\Python\pythoncore-3.14-64\Lib\threading.py", line 1044 in _bootstrap

Current thread 0x000000a8 (most recent call first):
  File "c:\Users\automation02\Desktop\GUI\Strike_Machine\GUI_Strike_Machine\main_edited.py", line 328 in <module>

Current thread's C stack trace (most recent call first):
  <cannot get C stack on this system>
2026-09-14 16:28:59,006 - [main] - INFO - CLEAN_EXIT được đánh dấu. Detail: QApplication.aboutToQuit fired
2026-09-14 16:28:59,007 - [main] - INFO - app.exec() returned exit_code=0
2026-09-14 16:28:59,046 - [main] - INFO - CLEAN_EXIT xác nhận qua atexit.

===== [main] Process start: PID=16720 at 2026-09-15 08:12:03.784990 =====
2026-09-15 08:12:03,786 - [main] - INFO - Không tìm thấy lock file cũ -> phiên chạy trước (nếu có) đã thoát sạch.
2026-09-15 08:12:03,786 - [main] - INFO - Watchdog initialized. PID=16720 log_file=c:\Users\automation02\Desktop\GUI\Strike_Machine\GUI_Strike_Machine\sm_crash.log

===== [loading] Process start: PID=5128 at 2026-09-15 08:12:04.224248 =====
2026-09-15 08:12:04,224 - [loading] - INFO - Không tìm thấy lock file cũ -> phiên chạy trước (nếu có) đã thoát sạch.
2026-09-15 08:12:04,225 - [loading] - INFO - Watchdog initialized. PID=5128 log_file=c:\Users\automation02\Desktop\GUI\Strike_Machine\GUI_Strike_Machine\sm_crash.log
Windows fatal exception: code 0x8001010d

Current thread 0x000022d4 (most recent call first):
  File "c:\Users\automation02\Desktop\GUI\Strike_Machine\GUI_Strike_Machine\main_edited.py", line 200 in <module>

Current thread's C stack trace (most recent call first):
  <cannot get C stack on this system>
2026-09-15 08:12:26,064 - [loading] - INFO - CLEAN_EXIT được đánh dấu. Detail: loading window event loop returned exit_code=0
2026-09-15 08:12:26,081 - [loading] - INFO - CLEAN_EXIT xác nhận qua atexit.
Windows fatal exception: code 0x8001010d

Thread 0x00003508 [QThread] (most recent call first):
  File "C:\Users\automation02\Desktop\GUI\Strike_Machine\GUI_Strike_Machine\.venv\Lib\site-packages\pymodbus\client\serial.py", line 292 in _wait_for_data
  File "C:\Users\automation02\Desktop\GUI\Strike_Machine\GUI_Strike_Machine\.venv\Lib\site-packages\pymodbus\client\serial.py", line 300 in recv
  File "C:\Users\automation02\Desktop\GUI\Strike_Machine\GUI_Strike_Machine\.venv\Lib\site-packages\pymodbus\transaction\transaction.py", line 89 in sync_get_response
  File "C:\Users\automation02\Desktop\GUI\Strike_Machine\GUI_Strike_Machine\.venv\Lib\site-packages\pymodbus\transaction\transaction.py", line 153 in sync_execute
  File "C:\Users\automation02\Desktop\GUI\Strike_Machine\GUI_Strike_Machine\.venv\Lib\site-packages\pymodbus\client\base.py", line 189 in execute
  File "C:\Users\automation02\Desktop\GUI\Strike_Machine\GUI_Strike_Machine\.venv\Lib\site-packages\pymodbus\client\mixin.py", line 162 in read_input_registers
  File "c:\Users\automation02\Desktop\GUI\Strike_Machine\GUI_Strike_Machine\SERIAL_READ_MODULE.py", line 443 in _read_input_registers
  File "c:\Users\automation02\Desktop\GUI\Strike_Machine\GUI_Strike_Machine\SERIAL_READ_MODULE.py", line 459 in _read_all
  File "c:\Users\automation02\Desktop\GUI\Strike_Machine\GUI_Strike_Machine\SERIAL_READ_MODULE.py", line 407 in _poll

Thread 0x00002dc4 [Thread-7 (_fetch)] (most recent call first):
  File "c:\Users\automation02\Desktop\GUI\Strike_Machine\GUI_Strike_Machine\source_edited.py", line 2184 in _fetch
  File "C:\Users\automation02\AppData\Local\Python\pythoncore-3.14-64\Lib\threading.py", line 1024 in run
  File "C:\Users\automation02\AppData\Local\Python\pythoncore-3.14-64\Lib\threading.py", line 1082 in _bootstrap_inner
  File "C:\Users\automation02\AppData\Local\Python\pythoncore-3.14-64\Lib\threading.py", line 1044 in _bootstrap

Current thread 0x00001d60 (most recent call first):
  File "c:\Users\automation02\Desktop\GUI\Strike_Machine\GUI_Strike_Machine\main_edited.py", line 328 in <module>

Current thread's C stack trace (most recent call first):
  <cannot get C stack on this system>
2026-09-15 09:23:45,746 - [main] - INFO - CLEAN_EXIT được đánh dấu. Detail: QApplication.aboutToQuit fired
2026-09-15 09:23:45,747 - [main] - INFO - app.exec() returned exit_code=0
2026-09-15 09:23:45,796 - [main] - INFO - CLEAN_EXIT xác nhận qua atexit.

===== [main] Process start: PID=21284 at 2026-09-15 10:03:05.628264 =====
2026-09-15 10:03:05,629 - [main] - INFO - Không tìm thấy lock file cũ -> phiên chạy trước (nếu có) đã thoát sạch.
2026-09-15 10:03:05,630 - [main] - INFO - Watchdog initialized. PID=21284 log_file=c:\Users\automation02\Desktop\GUI\Strike_Machine\GUI_Strike_Machine\sm_crash.log

===== [loading] Process start: PID=23064 at 2026-09-15 10:03:06.292086 =====
2026-09-15 10:03:06,292 - [loading] - INFO - Không tìm thấy lock file cũ -> phiên chạy trước (nếu có) đã thoát sạch.
2026-09-15 10:03:06,293 - [loading] - INFO - Watchdog initialized. PID=23064 log_file=c:\Users\automation02\Desktop\GUI\Strike_Machine\GUI_Strike_Machine\sm_crash.log
2026-09-15 10:03:27,168 - [loading] - INFO - CLEAN_EXIT được đánh dấu. Detail: loading window event loop returned exit_code=0
2026-09-15 10:03:27,184 - [loading] - INFO - CLEAN_EXIT xác nhận qua atexit.
Windows fatal exception: code 0x8001010d

Thread 0x00005d6c [QThread] (most recent call first):
  File "C:\Users\automation02\Desktop\GUI\Strike_Machine\GUI_Strike_Machine\.venv\Lib\site-packages\pymodbus\client\serial.py", line 292 in _wait_for_data
  File "C:\Users\automation02\Desktop\GUI\Strike_Machine\GUI_Strike_Machine\.venv\Lib\site-packages\pymodbus\client\serial.py", line 300 in recv
  File "C:\Users\automation02\Desktop\GUI\Strike_Machine\GUI_Strike_Machine\.venv\Lib\site-packages\pymodbus\transaction\transaction.py", line 89 in sync_get_response
  File "C:\Users\automation02\Desktop\GUI\Strike_Machine\GUI_Strike_Machine\.venv\Lib\site-packages\pymodbus\transaction\transaction.py", line 153 in sync_execute
  File "C:\Users\automation02\Desktop\GUI\Strike_Machine\GUI_Strike_Machine\.venv\Lib\site-packages\pymodbus\client\base.py", line 189 in execute
  File "C:\Users\automation02\Desktop\GUI\Strike_Machine\GUI_Strike_Machine\.venv\Lib\site-packages\pymodbus\client\mixin.py", line 162 in read_input_registers
  File "c:\Users\automation02\Desktop\GUI\Strike_Machine\GUI_Strike_Machine\SERIAL_READ_MODULE.py", line 443 in _read_input_registers
  File "c:\Users\automation02\Desktop\GUI\Strike_Machine\GUI_Strike_Machine\SERIAL_READ_MODULE.py", line 459 in _read_all
  File "c:\Users\automation02\Desktop\GUI\Strike_Machine\GUI_Strike_Machine\SERIAL_READ_MODULE.py", line 407 in _poll

Thread 0x000067e4 [Thread-7 (_fetch)] (most recent call first):
  File "c:\Users\automation02\Desktop\GUI\Strike_Machine\GUI_Strike_Machine\source_edited.py", line 2200 in _fetch
  File "C:\Users\automation02\AppData\Local\Python\pythoncore-3.14-64\Lib\threading.py", line 1024 in run
  File "C:\Users\automation02\AppData\Local\Python\pythoncore-3.14-64\Lib\threading.py", line 1082 in _bootstrap_inner
  File "C:\Users\automation02\AppData\Local\Python\pythoncore-3.14-64\Lib\threading.py", line 1044 in _bootstrap

Current thread 0x00005360 (most recent call first):
  File "c:\Users\automation02\Desktop\GUI\Strike_Machine\GUI_Strike_Machine\main_edited.py", line 328 in <module>

Current thread's C stack trace (most recent call first):
  <cannot get C stack on this system>
2026-09-15 10:09:05,534 - [main] - INFO - CLEAN_EXIT được đánh dấu. Detail: QApplication.aboutToQuit fired
2026-09-15 10:09:05,535 - [main] - INFO - app.exec() returned exit_code=0
2026-09-15 10:09:05,587 - [main] - INFO - CLEAN_EXIT xác nhận qua atexit.

===== [main] Process start: PID=23648 at 2026-09-15 10:09:09.060967 =====
2026-09-15 10:09:09,061 - [main] - INFO - Không tìm thấy lock file cũ -> phiên chạy trước (nếu có) đã thoát sạch.
2026-09-15 10:09:09,061 - [main] - INFO - Watchdog initialized. PID=23648 log_file=c:\Users\automation02\Desktop\GUI\Strike_Machine\GUI_Strike_Machine\sm_crash.log

===== [loading] Process start: PID=13688 at 2026-09-15 10:09:09.365329 =====
2026-09-15 10:09:09,365 - [loading] - INFO - Không tìm thấy lock file cũ -> phiên chạy trước (nếu có) đã thoát sạch.
2026-09-15 10:09:09,367 - [loading] - INFO - Watchdog initialized. PID=13688 log_file=c:\Users\automation02\Desktop\GUI\Strike_Machine\GUI_Strike_Machine\sm_crash.log
Windows fatal exception: code 0x8001010d

Current thread 0x00004fe8 (most recent call first):
  File "c:\Users\automation02\Desktop\GUI\Strike_Machine\GUI_Strike_Machine\main_edited.py", line 200 in <module>

Current thread's C stack trace (most recent call first):
  <cannot get C stack on this system>
2026-09-15 10:09:16,073 - [loading] - INFO - CLEAN_EXIT được đánh dấu. Detail: loading window event loop returned exit_code=0
2026-09-15 10:09:16,078 - [loading] - INFO - CLEAN_EXIT xác nhận qua atexit.
Windows fatal exception: code 0x8001010d

Thread 0x000051b4 [QThread] (most recent call first):
  File "C:\Users\automation02\Desktop\GUI\Strike_Machine\GUI_Strike_Machine\.venv\Lib\site-packages\pymodbus\client\serial.py", line 292 in _wait_for_data
  File "C:\Users\automation02\Desktop\GUI\Strike_Machine\GUI_Strike_Machine\.venv\Lib\site-packages\pymodbus\client\serial.py", line 300 in recv
  File "C:\Users\automation02\Desktop\GUI\Strike_Machine\GUI_Strike_Machine\.venv\Lib\site-packages\pymodbus\transaction\transaction.py", line 89 in sync_get_response
  File "C:\Users\automation02\Desktop\GUI\Strike_Machine\GUI_Strike_Machine\.venv\Lib\site-packages\pymodbus\transaction\transaction.py", line 153 in sync_execute
  File "C:\Users\automation02\Desktop\GUI\Strike_Machine\GUI_Strike_Machine\.venv\Lib\site-packages\pymodbus\client\base.py", line 189 in execute
  File "C:\Users\automation02\Desktop\GUI\Strike_Machine\GUI_Strike_Machine\.venv\Lib\site-packages\pymodbus\client\mixin.py", line 162 in read_input_registers
  File "c:\Users\automation02\Desktop\GUI\Strike_Machine\GUI_Strike_Machine\SERIAL_READ_MODULE.py", line 443 in _read_input_registers
  File "c:\Users\automation02\Desktop\GUI\Strike_Machine\GUI_Strike_Machine\SERIAL_READ_MODULE.py", line 459 in _read_all
  File "c:\Users\automation02\Desktop\GUI\Strike_Machine\GUI_Strike_Machine\SERIAL_READ_MODULE.py", line 407 in _poll

Thread 0x0000585c [Thread-7 (_fetch)] (most recent call first):
  File "c:\Users\automation02\Desktop\GUI\Strike_Machine\GUI_Strike_Machine\source_edited.py", line 2191 in _fetch
  File "C:\Users\automation02\AppData\Local\Python\pythoncore-3.14-64\Lib\threading.py", line 1024 in run
  File "C:\Users\automation02\AppData\Local\Python\pythoncore-3.14-64\Lib\threading.py", line 1082 in _bootstrap_inner
  File "C:\Users\automation02\AppData\Local\Python\pythoncore-3.14-64\Lib\threading.py", line 1044 in _bootstrap

Current thread 0x00005fa4 (most recent call first):
  File "c:\Users\automation02\Desktop\GUI\Strike_Machine\GUI_Strike_Machine\main_edited.py", line 328 in <module>

Current thread's C stack trace (most recent call first):
  <cannot get C stack on this system>
2026-09-15 11:22:41,453 - [main] - WARNING - OS_SIGNAL nhận được: SIGINT (2) -> app bị yêu cầu tắt từ bên ngoài (Task Manager, kill, logoff, tắt máy...).
2026-09-15 11:22:41,453 - [main] - INFO - CLEAN_EXIT được đánh dấu. Detail: terminated_by_signal=SIGINT
2026-09-15 11:22:41,459 - [main] - INFO - CLEAN_EXIT được đánh dấu. Detail: QApplication.aboutToQuit fired
2026-09-15 11:22:41,460 - [main] - INFO - app.exec() returned exit_code=0
2026-09-15 11:22:41,564 - [main] - INFO - CLEAN_EXIT xác nhận qua atexit.

===== [main] Process start: PID=18676 at 2026-09-15 11:22:44.842910 =====
2026-09-15 11:22:44,843 - [main] - INFO - Không tìm thấy lock file cũ -> phiên chạy trước (nếu có) đã thoát sạch.
2026-09-15 11:22:44,843 - [main] - INFO - Watchdog initialized. PID=18676 log_file=c:\Users\automation02\Desktop\GUI\Strike_Machine\GUI_Strike_Machine\sm_crash.log

===== [loading] Process start: PID=14552 at 2026-09-15 11:22:45.094403 =====
2026-09-15 11:22:45,094 - [loading] - INFO - Không tìm thấy lock file cũ -> phiên chạy trước (nếu có) đã thoát sạch.
2026-09-15 11:22:45,095 - [loading] - INFO - Watchdog initialized. PID=14552 log_file=c:\Users\automation02\Desktop\GUI\Strike_Machine\GUI_Strike_Machine\sm_crash.log
Windows fatal exception: code 0x8001010d

Current thread 0x00000cd4 (most recent call first):
  File "c:\Users\automation02\Desktop\GUI\Strike_Machine\GUI_Strike_Machine\main_edited.py", line 200 in <module>

Current thread's C stack trace (most recent call first):
  <cannot get C stack on this system>
2026-09-15 11:22:50,588 - [loading] - INFO - CLEAN_EXIT được đánh dấu. Detail: loading window event loop returned exit_code=0
2026-09-15 11:22:50,598 - [loading] - INFO - CLEAN_EXIT xác nhận qua atexit.
Windows fatal exception: code 0x8001010d

Thread 0x00002ed0 [QThread] (most recent call first):
  File "C:\Users\automation02\Desktop\GUI\Strike_Machine\GUI_Strike_Machine\.venv\Lib\site-packages\pymodbus\client\serial.py", line 292 in _wait_for_data
  File "C:\Users\automation02\Desktop\GUI\Strike_Machine\GUI_Strike_Machine\.venv\Lib\site-packages\pymodbus\client\serial.py", line 300 in recv
  File "C:\Users\automation02\Desktop\GUI\Strike_Machine\GUI_Strike_Machine\.venv\Lib\site-packages\pymodbus\transaction\transaction.py", line 89 in sync_get_response
  File "C:\Users\automation02\Desktop\GUI\Strike_Machine\GUI_Strike_Machine\.venv\Lib\site-packages\pymodbus\transaction\transaction.py", line 153 in sync_execute
  File "C:\Users\automation02\Desktop\GUI\Strike_Machine\GUI_Strike_Machine\.venv\Lib\site-packages\pymodbus\client\base.py", line 189 in execute
  File "C:\Users\automation02\Desktop\GUI\Strike_Machine\GUI_Strike_Machine\.venv\Lib\site-packages\pymodbus\client\mixin.py", line 162 in read_input_registers
  File "c:\Users\automation02\Desktop\GUI\Strike_Machine\GUI_Strike_Machine\SERIAL_READ_MODULE.py", line 443 in _read_input_registers
  File "c:\Users\automation02\Desktop\GUI\Strike_Machine\GUI_Strike_Machine\SERIAL_READ_MODULE.py", line 459 in _read_all
  File "c:\Users\automation02\Desktop\GUI\Strike_Machine\GUI_Strike_Machine\SERIAL_READ_MODULE.py", line 407 in _poll

Thread 0x00004ff8 [Thread-7 (_fetch)] (most recent call first):
  File "c:\Users\automation02\Desktop\GUI\Strike_Machine\GUI_Strike_Machine\source_edited.py", line 2201 in _fetch
  File "C:\Users\automation02\AppData\Local\Python\pythoncore-3.14-64\Lib\threading.py", line 1024 in run
  File "C:\Users\automation02\AppData\Local\Python\pythoncore-3.14-64\Lib\threading.py", line 1082 in _bootstrap_inner
  File "C:\Users\automation02\AppData\Local\Python\pythoncore-3.14-64\Lib\threading.py", line 1044 in _bootstrap

Current thread 0x000028cc (most recent call first):
  File "c:\Users\automation02\Desktop\GUI\Strike_Machine\GUI_Strike_Machine\main_edited.py", line 328 in <module>

Current thread's C stack trace (most recent call first):
  <cannot get C stack on this system>
2026-09-15 11:28:13,206 - [main] - INFO - CLEAN_EXIT được đánh dấu. Detail: QApplication.aboutToQuit fired
2026-09-15 11:28:13,206 - [main] - INFO - app.exec() returned exit_code=0
2026-09-15 11:28:13,251 - [main] - INFO - CLEAN_EXIT xác nhận qua atexit.

===== [main] Process start: PID=16336 at 2026-09-15 11:28:46.899132 =====
2026-09-15 11:28:46,899 - [main] - INFO - Không tìm thấy lock file cũ -> phiên chạy trước (nếu có) đã thoát sạch.
2026-09-15 11:28:46,900 - [main] - INFO - Watchdog initialized. PID=16336 log_file=c:\Users\automation02\Desktop\GUI\Strike_Machine\GUI_Strike_Machine\sm_crash.log

===== [loading] Process start: PID=11016 at 2026-09-15 11:28:47.144883 =====
2026-09-15 11:28:47,145 - [loading] - INFO - Không tìm thấy lock file cũ -> phiên chạy trước (nếu có) đã thoát sạch.
2026-09-15 11:28:47,145 - [loading] - INFO - Watchdog initialized. PID=11016 log_file=c:\Users\automation02\Desktop\GUI\Strike_Machine\GUI_Strike_Machine\sm_crash.log
Windows fatal exception: code 0x8001010d

Current thread 0x00003738 (most recent call first):
  File "c:\Users\automation02\Desktop\GUI\Strike_Machine\GUI_Strike_Machine\main_edited.py", line 200 in <module>

Current thread's C stack trace (most recent call first):
  <cannot get C stack on this system>
2026-09-15 11:28:51,868 - [loading] - INFO - CLEAN_EXIT được đánh dấu. Detail: loading window event loop returned exit_code=0
2026-09-15 11:28:51,880 - [loading] - INFO - CLEAN_EXIT xác nhận qua atexit.
Windows fatal exception: code 0x8001010d

Thread 0x00000d3c [QThread] (most recent call first):
  File "C:\Users\automation02\Desktop\GUI\Strike_Machine\GUI_Strike_Machine\.venv\Lib\site-packages\pymodbus\client\serial.py", line 292 in _wait_for_data
  File "C:\Users\automation02\Desktop\GUI\Strike_Machine\GUI_Strike_Machine\.venv\Lib\site-packages\pymodbus\client\serial.py", line 300 in recv
  File "C:\Users\automation02\Desktop\GUI\Strike_Machine\GUI_Strike_Machine\.venv\Lib\site-packages\pymodbus\transaction\transaction.py", line 89 in sync_get_response
  File "C:\Users\automation02\Desktop\GUI\Strike_Machine\GUI_Strike_Machine\.venv\Lib\site-packages\pymodbus\transaction\transaction.py", line 153 in sync_execute
  File "C:\Users\automation02\Desktop\GUI\Strike_Machine\GUI_Strike_Machine\.venv\Lib\site-packages\pymodbus\client\base.py", line 189 in execute
  File "C:\Users\automation02\Desktop\GUI\Strike_Machine\GUI_Strike_Machine\.venv\Lib\site-packages\pymodbus\client\mixin.py", line 162 in read_input_registers
  File "c:\Users\automation02\Desktop\GUI\Strike_Machine\GUI_Strike_Machine\SERIAL_READ_MODULE.py", line 443 in _read_input_registers
  File "c:\Users\automation02\Desktop\GUI\Strike_Machine\GUI_Strike_Machine\SERIAL_READ_MODULE.py", line 459 in _read_all
  File "c:\Users\automation02\Desktop\GUI\Strike_Machine\GUI_Strike_Machine\SERIAL_READ_MODULE.py", line 407 in _poll

Thread 0x000062cc [Thread-7 (_fetch)] (most recent call first):
  File "c:\Users\automation02\Desktop\GUI\Strike_Machine\GUI_Strike_Machine\source_edited.py", line 2201 in _fetch
  File "C:\Users\automation02\AppData\Local\Python\pythoncore-3.14-64\Lib\threading.py", line 1024 in run
  File "C:\Users\automation02\AppData\Local\Python\pythoncore-3.14-64\Lib\threading.py", line 1082 in _bootstrap_inner
  File "C:\Users\automation02\AppData\Local\Python\pythoncore-3.14-64\Lib\threading.py", line 1044 in _bootstrap

Current thread 0x00004ae0 (most recent call first):
  File "c:\Users\automation02\Desktop\GUI\Strike_Machine\GUI_Strike_Machine\main_edited.py", line 328 in <module>

Current thread's C stack trace (most recent call first):
  <cannot get C stack on this system>
2026-09-15 11:33:51,039 - [main] - INFO - CLEAN_EXIT được đánh dấu. Detail: QApplication.aboutToQuit fired
2026-09-15 11:33:51,039 - [main] - INFO - app.exec() returned exit_code=0
2026-09-15 11:33:51,084 - [main] - INFO - CLEAN_EXIT xác nhận qua atexit.

===== [main] Process start: PID=13364 at 2026-09-15 11:33:53.218476 =====
2026-09-15 11:33:53,218 - [main] - INFO - Không tìm thấy lock file cũ -> phiên chạy trước (nếu có) đã thoát sạch.
2026-09-15 11:33:53,219 - [main] - INFO - Watchdog initialized. PID=13364 log_file=c:\Users\automation02\Desktop\GUI\Strike_Machine\GUI_Strike_Machine\sm_crash.log

===== [loading] Process start: PID=25168 at 2026-09-15 11:33:53.424373 =====
2026-09-15 11:33:53,424 - [loading] - INFO - Không tìm thấy lock file cũ -> phiên chạy trước (nếu có) đã thoát sạch.
2026-09-15 11:33:53,425 - [loading] - INFO - Watchdog initialized. PID=25168 log_file=c:\Users\automation02\Desktop\GUI\Strike_Machine\GUI_Strike_Machine\sm_crash.log
Windows fatal exception: code 0x8001010d

Current thread 0x0000150c (most recent call first):
  File "c:\Users\automation02\Desktop\GUI\Strike_Machine\GUI_Strike_Machine\main_edited.py", line 200 in <module>

Current thread's C stack trace (most recent call first):
  <cannot get C stack on this system>
2026-09-15 11:33:57,860 - [loading] - INFO - CLEAN_EXIT được đánh dấu. Detail: loading window event loop returned exit_code=0
2026-09-15 11:33:57,866 - [loading] - INFO - CLEAN_EXIT xác nhận qua atexit.
Windows fatal exception: code 0x8001010d

Thread 0x000026c0 [QThread] (most recent call first):
  File "C:\Users\automation02\Desktop\GUI\Strike_Machine\GUI_Strike_Machine\.venv\Lib\site-packages\pymodbus\client\serial.py", line 292 in _wait_for_data
  File "C:\Users\automation02\Desktop\GUI\Strike_Machine\GUI_Strike_Machine\.venv\Lib\site-packages\pymodbus\client\serial.py", line 300 in recv
  File "C:\Users\automation02\Desktop\GUI\Strike_Machine\GUI_Strike_Machine\.venv\Lib\site-packages\pymodbus\transaction\transaction.py", line 89 in sync_get_response
  File "C:\Users\automation02\Desktop\GUI\Strike_Machine\GUI_Strike_Machine\.venv\Lib\site-packages\pymodbus\transaction\transaction.py", line 153 in sync_execute
  File "C:\Users\automation02\Desktop\GUI\Strike_Machine\GUI_Strike_Machine\.venv\Lib\site-packages\pymodbus\client\base.py", line 189 in execute
  File "C:\Users\automation02\Desktop\GUI\Strike_Machine\GUI_Strike_Machine\.venv\Lib\site-packages\pymodbus\client\mixin.py", line 162 in read_input_registers
  File "c:\Users\automation02\Desktop\GUI\Strike_Machine\GUI_Strike_Machine\SERIAL_READ_MODULE.py", line 443 in _read_input_registers
  File "c:\Users\automation02\Desktop\GUI\Strike_Machine\GUI_Strike_Machine\SERIAL_READ_MODULE.py", line 459 in _read_all
  File "c:\Users\automation02\Desktop\GUI\Strike_Machine\GUI_Strike_Machine\SERIAL_READ_MODULE.py", line 407 in _poll

Thread 0x00003e7c [Thread-7 (_fetch)] (most recent call first):
  File "c:\Users\automation02\Desktop\GUI\Strike_Machine\GUI_Strike_Machine\source_edited.py", line 2201 in _fetch
  File "C:\Users\automation02\AppData\Local\Python\pythoncore-3.14-64\Lib\threading.py", line 1024 in run
  File "C:\Users\automation02\AppData\Local\Python\pythoncore-3.14-64\Lib\threading.py", line 1082 in _bootstrap_inner
  File "C:\Users\automation02\AppData\Local\Python\pythoncore-3.14-64\Lib\threading.py", line 1044 in _bootstrap

Current thread 0x000026d0 (most recent call first):
  File "c:\Users\automation02\Desktop\GUI\Strike_Machine\GUI_Strike_Machine\main_edited.py", line 328 in <module>

Current thread's C stack trace (most recent call first):
  <cannot get C stack on this system>
2026-09-15 11:40:17,347 - [main] - INFO - CLEAN_EXIT được đánh dấu. Detail: QApplication.aboutToQuit fired
2026-09-15 11:40:17,348 - [main] - INFO - app.exec() returned exit_code=0
2026-09-15 11:40:17,427 - [main] - INFO - CLEAN_EXIT xác nhận qua atexit.

===== [main] Process start: PID=20944 at 2026-09-15 11:40:19.496252 =====
2026-09-15 11:40:19,496 - [main] - INFO - Không tìm thấy lock file cũ -> phiên chạy trước (nếu có) đã thoát sạch.
2026-09-15 11:40:19,497 - [main] - INFO - Watchdog initialized. PID=20944 log_file=c:\Users\automation02\Desktop\GUI\Strike_Machine\GUI_Strike_Machine\sm_crash.log

===== [loading] Process start: PID=20956 at 2026-09-15 11:40:19.718325 =====
2026-09-15 11:40:19,718 - [loading] - INFO - Không tìm thấy lock file cũ -> phiên chạy trước (nếu có) đã thoát sạch.
2026-09-15 11:40:19,719 - [loading] - INFO - Watchdog initialized. PID=20956 log_file=c:\Users\automation02\Desktop\GUI\Strike_Machine\GUI_Strike_Machine\sm_crash.log
2026-09-15 11:40:24,173 - [loading] - INFO - CLEAN_EXIT được đánh dấu. Detail: loading window event loop returned exit_code=0
2026-09-15 11:40:24,185 - [loading] - INFO - CLEAN_EXIT xác nhận qua atexit.
Windows fatal exception: code 0x8001010d

Thread 0x00005918 [Thread-8 (_fetch)] (most recent call first):
  File "c:\Users\automation02\Desktop\GUI\Strike_Machine\GUI_Strike_Machine\source_edited.py", line 2201 in _fetch
  File "C:\Users\automation02\AppData\Local\Python\pythoncore-3.14-64\Lib\threading.py", line 1024 in run
  File "C:\Users\automation02\AppData\Local\Python\pythoncore-3.14-64\Lib\threading.py", line 1082 in _bootstrap_inner
  File "C:\Users\automation02\AppData\Local\Python\pythoncore-3.14-64\Lib\threading.py", line 1044 in _bootstrap

Current thread 0x0000228c (most recent call first):
  File "c:\Users\automation02\Desktop\GUI\Strike_Machine\GUI_Strike_Machine\main_edited.py", line 328 in <module>

Current thread's C stack trace (most recent call first):
  <cannot get C stack on this system>
2026-09-15 11:42:18,424 - [main] - INFO - CLEAN_EXIT được đánh dấu. Detail: QApplication.aboutToQuit fired
2026-09-15 11:42:18,425 - [main] - INFO - app.exec() returned exit_code=0
2026-09-15 11:42:18,473 - [main] - INFO - CLEAN_EXIT xác nhận qua atexit.

===== [main] Process start: PID=25408 at 2026-09-15 11:43:03.749386 =====
2026-09-15 11:43:03,749 - [main] - INFO - Không tìm thấy lock file cũ -> phiên chạy trước (nếu có) đã thoát sạch.
2026-09-15 11:43:03,749 - [main] - INFO - Watchdog initialized. PID=25408 log_file=c:\Users\automation02\Desktop\GUI\Strike_Machine\GUI_Strike_Machine\sm_crash.log

===== [loading] Process start: PID=21944 at 2026-09-15 11:43:03.966821 =====
2026-09-15 11:43:03,967 - [loading] - INFO - Không tìm thấy lock file cũ -> phiên chạy trước (nếu có) đã thoát sạch.
2026-09-15 11:43:03,967 - [loading] - INFO - Watchdog initialized. PID=21944 log_file=c:\Users\automation02\Desktop\GUI\Strike_Machine\GUI_Strike_Machine\sm_crash.log
Windows fatal exception: code 0x8001010d

Current thread 0x00003ec0 (most recent call first):
  File "c:\Users\automation02\Desktop\GUI\Strike_Machine\GUI_Strike_Machine\main_edited.py", line 200 in <module>

Current thread's C stack trace (most recent call first):
  <cannot get C stack on this system>
2026-09-15 11:43:09,053 - [loading] - INFO - CLEAN_EXIT được đánh dấu. Detail: loading window event loop returned exit_code=0
2026-09-15 11:43:09,059 - [loading] - INFO - CLEAN_EXIT xác nhận qua atexit.
Windows fatal exception: code 0x8001010d

Thread 0x00006280 [QThread] (most recent call first):
  File "C:\Users\automation02\Desktop\GUI\Strike_Machine\GUI_Strike_Machine\.venv\Lib\site-packages\pymodbus\client\serial.py", line 281 in <lambda>
  File "C:\Users\automation02\Desktop\GUI\Strike_Machine\GUI_Strike_Machine\.venv\Lib\site-packages\pymodbus\client\serial.py", line 286 in _wait_for_data
  File "C:\Users\automation02\Desktop\GUI\Strike_Machine\GUI_Strike_Machine\.venv\Lib\site-packages\pymodbus\client\serial.py", line 300 in recv
  File "C:\Users\automation02\Desktop\GUI\Strike_Machine\GUI_Strike_Machine\.venv\Lib\site-packages\pymodbus\transaction\transaction.py", line 89 in sync_get_response
  File "C:\Users\automation02\Desktop\GUI\Strike_Machine\GUI_Strike_Machine\.venv\Lib\site-packages\pymodbus\transaction\transaction.py", line 153 in sync_execute
  File "C:\Users\automation02\Desktop\GUI\Strike_Machine\GUI_Strike_Machine\.venv\Lib\site-packages\pymodbus\client\base.py", line 189 in execute
  File "C:\Users\automation02\Desktop\GUI\Strike_Machine\GUI_Strike_Machine\.venv\Lib\site-packages\pymodbus\client\mixin.py", line 162 in read_input_registers
  File "c:\Users\automation02\Desktop\GUI\Strike_Machine\GUI_Strike_Machine\SERIAL_READ_MODULE.py", line 444 in _read_input_registers
  File "c:\Users\automation02\Desktop\GUI\Strike_Machine\GUI_Strike_Machine\SERIAL_READ_MODULE.py", line 460 in _read_all
  File "c:\Users\automation02\Desktop\GUI\Strike_Machine\GUI_Strike_Machine\SERIAL_READ_MODULE.py", line 408 in _poll

Thread 0x00005468 [Thread-7 (_fetch)] (most recent call first):
  File "c:\Users\automation02\Desktop\GUI\Strike_Machine\GUI_Strike_Machine\source_edited.py", line 2191 in _fetch
  File "C:\Users\automation02\AppData\Local\Python\pythoncore-3.14-64\Lib\threading.py", line 1024 in run
  File "C:\Users\automation02\AppData\Local\Python\pythoncore-3.14-64\Lib\threading.py", line 1082 in _bootstrap_inner
  File "C:\Users\automation02\AppData\Local\Python\pythoncore-3.14-64\Lib\threading.py", line 1044 in _bootstrap

Current thread 0x00001a78 (most recent call first):
  File "c:\Users\automation02\Desktop\GUI\Strike_Machine\GUI_Strike_Machine\main_edited.py", line 328 in <module>

Current thread's C stack trace (most recent call first):
  <cannot get C stack on this system>
2026-09-15 11:49:16,758 - [main] - WARNING - OS_SIGNAL nhận được: SIGINT (2) -> app bị yêu cầu tắt từ bên ngoài (Task Manager, kill, logoff, tắt máy...).
2026-09-15 11:49:16,758 - [main] - INFO - CLEAN_EXIT được đánh dấu. Detail: terminated_by_signal=SIGINT
2026-09-15 11:49:16,761 - [main] - INFO - CLEAN_EXIT được đánh dấu. Detail: QApplication.aboutToQuit fired
2026-09-15 11:49:16,761 - [main] - INFO - app.exec() returned exit_code=0
2026-09-15 11:49:16,802 - [main] - INFO - CLEAN_EXIT xác nhận qua atexit.

===== [main] Process start: PID=22092 at 2026-09-15 11:49:22.560969 =====
2026-09-15 11:49:22,561 - [main] - INFO - Không tìm thấy lock file cũ -> phiên chạy trước (nếu có) đã thoát sạch.
2026-09-15 11:49:22,561 - [main] - INFO - Watchdog initialized. PID=22092 log_file=c:\Users\automation02\Desktop\GUI\Strike_Machine\GUI_Strike_Machine\sm_crash.log

===== [loading] Process start: PID=22904 at 2026-09-15 11:49:22.772466 =====
2026-09-15 11:49:22,772 - [loading] - INFO - Không tìm thấy lock file cũ -> phiên chạy trước (nếu có) đã thoát sạch.
2026-09-15 11:49:22,773 - [loading] - INFO - Watchdog initialized. PID=22904 log_file=c:\Users\automation02\Desktop\GUI\Strike_Machine\GUI_Strike_Machine\sm_crash.log
Windows fatal exception: code 0x8001010d

Current thread 0x000050c8 (most recent call first):
  File "c:\Users\automation02\Desktop\GUI\Strike_Machine\GUI_Strike_Machine\main_edited.py", line 200 in <module>

Current thread's C stack trace (most recent call first):
  <cannot get C stack on this system>
2026-09-15 11:49:27,288 - [loading] - INFO - CLEAN_EXIT được đánh dấu. Detail: loading window event loop returned exit_code=0
2026-09-15 11:49:27,294 - [loading] - INFO - CLEAN_EXIT xác nhận qua atexit.
Windows fatal exception: code 0x8001010d

Thread 0x00005a98 [QThread] (most recent call first):
  File "C:\Users\automation02\Desktop\GUI\Strike_Machine\GUI_Strike_Machine\.venv\Lib\site-packages\pymodbus\client\serial.py", line 292 in _wait_for_data
  File "C:\Users\automation02\Desktop\GUI\Strike_Machine\GUI_Strike_Machine\.venv\Lib\site-packages\pymodbus\client\serial.py", line 300 in recv
  File "C:\Users\automation02\Desktop\GUI\Strike_Machine\GUI_Strike_Machine\.venv\Lib\site-packages\pymodbus\transaction\transaction.py", line 89 in sync_get_response
  File "C:\Users\automation02\Desktop\GUI\Strike_Machine\GUI_Strike_Machine\.venv\Lib\site-packages\pymodbus\transaction\transaction.py", line 153 in sync_execute
  File "C:\Users\automation02\Desktop\GUI\Strike_Machine\GUI_Strike_Machine\.venv\Lib\site-packages\pymodbus\client\base.py", line 189 in execute
  File "C:\Users\automation02\Desktop\GUI\Strike_Machine\GUI_Strike_Machine\.venv\Lib\site-packages\pymodbus\client\mixin.py", line 162 in read_input_registers
  File "c:\Users\automation02\Desktop\GUI\Strike_Machine\GUI_Strike_Machine\SERIAL_READ_MODULE.py", line 444 in _read_input_registers
  File "c:\Users\automation02\Desktop\GUI\Strike_Machine\GUI_Strike_Machine\SERIAL_READ_MODULE.py", line 460 in _read_all
  File "c:\Users\automation02\Desktop\GUI\Strike_Machine\GUI_Strike_Machine\SERIAL_READ_MODULE.py", line 408 in _poll

Thread 0x00004cf0 [Thread-7 (_fetch)] (most recent call first):
  File "c:\Users\automation02\Desktop\GUI\Strike_Machine\GUI_Strike_Machine\source_edited.py", line 2201 in _fetch
  File "C:\Users\automation02\AppData\Local\Python\pythoncore-3.14-64\Lib\threading.py", line 1024 in run
  File "C:\Users\automation02\AppData\Local\Python\pythoncore-3.14-64\Lib\threading.py", line 1082 in _bootstrap_inner
  File "C:\Users\automation02\AppData\Local\Python\pythoncore-3.14-64\Lib\threading.py", line 1044 in _bootstrap

Current thread 0x00002a88 (most recent call first):
  File "c:\Users\automation02\Desktop\GUI\Strike_Machine\GUI_Strike_Machine\main_edited.py", line 328 in <module>

Current thread's C stack trace (most recent call first):
  <cannot get C stack on this system>
2026-09-15 11:50:18,301 - [main] - INFO - CLEAN_EXIT được đánh dấu. Detail: QApplication.aboutToQuit fired
2026-09-15 11:50:18,301 - [main] - INFO - app.exec() returned exit_code=0
2026-09-15 11:50:18,348 - [main] - INFO - CLEAN_EXIT xác nhận qua atexit.

===== [main] Process start: PID=26132 at 2026-09-15 11:54:58.674691 =====
2026-09-15 11:54:58,674 - [main] - INFO - Không tìm thấy lock file cũ -> phiên chạy trước (nếu có) đã thoát sạch.
2026-09-15 11:54:58,675 - [main] - INFO - Watchdog initialized. PID=26132 log_file=c:\Users\automation02\Desktop\GUI\Strike_Machine\GUI_Strike_Machine\sm_crash.log

===== [loading] Process start: PID=24276 at 2026-09-15 11:54:58.877925 =====
2026-09-15 11:54:58,878 - [loading] - INFO - Không tìm thấy lock file cũ -> phiên chạy trước (nếu có) đã thoát sạch.
2026-09-15 11:54:58,878 - [loading] - INFO - Watchdog initialized. PID=24276 log_file=c:\Users\automation02\Desktop\GUI\Strike_Machine\GUI_Strike_Machine\sm_crash.log
Windows fatal exception: code 0x8001010d

Current thread 0x00006af4 (most recent call first):
  File "c:\Users\automation02\Desktop\GUI\Strike_Machine\GUI_Strike_Machine\main_edited.py", line 200 in <module>

Current thread's C stack trace (most recent call first):
  <cannot get C stack on this system>
2026-09-15 11:55:04,646 - [loading] - INFO - CLEAN_EXIT được đánh dấu. Detail: loading window event loop returned exit_code=0
2026-09-15 11:55:04,658 - [loading] - INFO - CLEAN_EXIT xác nhận qua atexit.
Windows fatal exception: code 0x8001010d

Thread 0x00003c9c [QThread] (most recent call first):
  File "C:\Users\automation02\Desktop\GUI\Strike_Machine\GUI_Strike_Machine\.venv\Lib\site-packages\pymodbus\client\serial.py", line 292 in _wait_for_data
  File "C:\Users\automation02\Desktop\GUI\Strike_Machine\GUI_Strike_Machine\.venv\Lib\site-packages\pymodbus\client\serial.py", line 300 in recv
  File "C:\Users\automation02\Desktop\GUI\Strike_Machine\GUI_Strike_Machine\.venv\Lib\site-packages\pymodbus\transaction\transaction.py", line 89 in sync_get_response
  File "C:\Users\automation02\Desktop\GUI\Strike_Machine\GUI_Strike_Machine\.venv\Lib\site-packages\pymodbus\transaction\transaction.py", line 153 in sync_execute
  File "C:\Users\automation02\Desktop\GUI\Strike_Machine\GUI_Strike_Machine\.venv\Lib\site-packages\pymodbus\client\base.py", line 189 in execute
  File "C:\Users\automation02\Desktop\GUI\Strike_Machine\GUI_Strike_Machine\.venv\Lib\site-packages\pymodbus\client\mixin.py", line 162 in read_input_registers
  File "c:\Users\automation02\Desktop\GUI\Strike_Machine\GUI_Strike_Machine\SERIAL_READ_MODULE.py", line 444 in _read_input_registers
  File "c:\Users\automation02\Desktop\GUI\Strike_Machine\GUI_Strike_Machine\SERIAL_READ_MODULE.py", line 460 in _read_all
  File "c:\Users\automation02\Desktop\GUI\Strike_Machine\GUI_Strike_Machine\SERIAL_READ_MODULE.py", line 408 in _poll

Thread 0x0000675c [Thread-7 (_fetch)] (most recent call first):
  File "c:\Users\automation02\Desktop\GUI\Strike_Machine\GUI_Strike_Machine\source_edited.py", line 2191 in _fetch
  File "C:\Users\automation02\AppData\Local\Python\pythoncore-3.14-64\Lib\threading.py", line 1024 in run
  File "C:\Users\automation02\AppData\Local\Python\pythoncore-3.14-64\Lib\threading.py", line 1082 in _bootstrap_inner
  File "C:\Users\automation02\AppData\Local\Python\pythoncore-3.14-64\Lib\threading.py", line 1044 in _bootstrap

Current thread 0x00006bfc (most recent call first):
  File "c:\Users\automation02\Desktop\GUI\Strike_Machine\GUI_Strike_Machine\main_edited.py", line 328 in <module>

Current thread's C stack trace (most recent call first):
  <cannot get C stack on this system>
2026-09-15 11:57:55,700 - [main] - INFO - CLEAN_EXIT được đánh dấu. Detail: QApplication.aboutToQuit fired
2026-09-15 11:57:55,701 - [main] - INFO - app.exec() returned exit_code=0
2026-09-15 11:57:55,746 - [main] - INFO - CLEAN_EXIT xác nhận qua atexit.

===== [main] Process start: PID=8668 at 2026-09-15 11:57:56.859211 =====
2026-09-15 11:57:56,859 - [main] - INFO - Không tìm thấy lock file cũ -> phiên chạy trước (nếu có) đã thoát sạch.
2026-09-15 11:57:56,859 - [main] - INFO - Watchdog initialized. PID=8668 log_file=c:\Users\automation02\Desktop\GUI\Strike_Machine\GUI_Strike_Machine\sm_crash.log

===== [loading] Process start: PID=12308 at 2026-09-15 11:57:57.113171 =====
2026-09-15 11:57:57,113 - [loading] - INFO - Không tìm thấy lock file cũ -> phiên chạy trước (nếu có) đã thoát sạch.
2026-09-15 11:57:57,114 - [loading] - INFO - Watchdog initialized. PID=12308 log_file=c:\Users\automation02\Desktop\GUI\Strike_Machine\GUI_Strike_Machine\sm_crash.log
Windows fatal exception: code 0x8001010d

Current thread 0x000010a4 (most recent call first):
  File "c:\Users\automation02\Desktop\GUI\Strike_Machine\GUI_Strike_Machine\main_edited.py", line 200 in <module>

Current thread's C stack trace (most recent call first):
  <cannot get C stack on this system>
2026-09-15 11:58:01,489 - [loading] - INFO - CLEAN_EXIT được đánh dấu. Detail: loading window event loop returned exit_code=0
2026-09-15 11:58:01,497 - [loading] - INFO - CLEAN_EXIT xác nhận qua atexit.
Windows fatal exception: code 0x8001010d

Thread 0x00004914 [QThread] (most recent call first):
  File "C:\Users\automation02\Desktop\GUI\Strike_Machine\GUI_Strike_Machine\.venv\Lib\site-packages\pymodbus\client\serial.py", line 292 in _wait_for_data
  File "C:\Users\automation02\Desktop\GUI\Strike_Machine\GUI_Strike_Machine\.venv\Lib\site-packages\pymodbus\client\serial.py", line 300 in recv
  File "C:\Users\automation02\Desktop\GUI\Strike_Machine\GUI_Strike_Machine\.venv\Lib\site-packages\pymodbus\transaction\transaction.py", line 89 in sync_get_response
  File "C:\Users\automation02\Desktop\GUI\Strike_Machine\GUI_Strike_Machine\.venv\Lib\site-packages\pymodbus\transaction\transaction.py", line 153 in sync_execute
  File "C:\Users\automation02\Desktop\GUI\Strike_Machine\GUI_Strike_Machine\.venv\Lib\site-packages\pymodbus\client\base.py", line 189 in execute
  File "C:\Users\automation02\Desktop\GUI\Strike_Machine\GUI_Strike_Machine\.venv\Lib\site-packages\pymodbus\client\mixin.py", line 162 in read_input_registers
  File "c:\Users\automation02\Desktop\GUI\Strike_Machine\GUI_Strike_Machine\SERIAL_READ_MODULE.py", line 444 in _read_input_registers
  File "c:\Users\automation02\Desktop\GUI\Strike_Machine\GUI_Strike_Machine\SERIAL_READ_MODULE.py", line 460 in _read_all
  File "c:\Users\automation02\Desktop\GUI\Strike_Machine\GUI_Strike_Machine\SERIAL_READ_MODULE.py", line 408 in _poll

Thread 0x00005704 [Thread-7 (_fetch)] (most recent call first):
  File "c:\Users\automation02\Desktop\GUI\Strike_Machine\GUI_Strike_Machine\source_edited.py", line 2201 in _fetch
  File "C:\Users\automation02\AppData\Local\Python\pythoncore-3.14-64\Lib\threading.py", line 1024 in run
  File "C:\Users\automation02\AppData\Local\Python\pythoncore-3.14-64\Lib\threading.py", line 1082 in _bootstrap_inner
  File "C:\Users\automation02\AppData\Local\Python\pythoncore-3.14-64\Lib\threading.py", line 1044 in _bootstrap

Current thread 0x000042c8 (most recent call first):
  File "c:\Users\automation02\Desktop\GUI\Strike_Machine\GUI_Strike_Machine\main_edited.py", line 328 in <module>

Current thread's C stack trace (most recent call first):
  <cannot get C stack on this system>
2026-09-15 13:02:03,306 - [main] - INFO - CLEAN_EXIT được đánh dấu. Detail: QApplication.aboutToQuit fired
2026-09-15 13:02:03,307 - [main] - INFO - app.exec() returned exit_code=0
2026-09-15 13:02:03,354 - [main] - INFO - CLEAN_EXIT xác nhận qua atexit.

===== [main] Process start: PID=19920 at 2026-09-15 13:03:45.110291 =====
2026-09-15 13:03:45,110 - [main] - INFO - Không tìm thấy lock file cũ -> phiên chạy trước (nếu có) đã thoát sạch.
2026-09-15 13:03:45,110 - [main] - INFO - Watchdog initialized. PID=19920 log_file=c:\Users\automation02\Desktop\GUI\Strike_Machine\GUI_Strike_Machine\sm_crash.log

===== [loading] Process start: PID=23592 at 2026-09-15 13:03:45.342607 =====
2026-09-15 13:03:45,342 - [loading] - INFO - Không tìm thấy lock file cũ -> phiên chạy trước (nếu có) đã thoát sạch.
2026-09-15 13:03:45,343 - [loading] - INFO - Watchdog initialized. PID=23592 log_file=c:\Users\automation02\Desktop\GUI\Strike_Machine\GUI_Strike_Machine\sm_crash.log
2026-09-15 13:03:50,013 - [loading] - INFO - CLEAN_EXIT được đánh dấu. Detail: loading window event loop returned exit_code=0
2026-09-15 13:03:50,024 - [loading] - INFO - CLEAN_EXIT xác nhận qua atexit.
Windows fatal exception: code 0x8001010d

Thread 0x0000553c [QThread] (most recent call first):
  File "C:\Users\automation02\Desktop\GUI\Strike_Machine\GUI_Strike_Machine\.venv\Lib\site-packages\pymodbus\client\serial.py", line 292 in _wait_for_data
  File "C:\Users\automation02\Desktop\GUI\Strike_Machine\GUI_Strike_Machine\.venv\Lib\site-packages\pymodbus\client\serial.py", line 300 in recv
  File "C:\Users\automation02\Desktop\GUI\Strike_Machine\GUI_Strike_Machine\.venv\Lib\site-packages\pymodbus\transaction\transaction.py", line 89 in sync_get_response
  File "C:\Users\automation02\Desktop\GUI\Strike_Machine\GUI_Strike_Machine\.venv\Lib\site-packages\pymodbus\transaction\transaction.py", line 153 in sync_execute
  File "C:\Users\automation02\Desktop\GUI\Strike_Machine\GUI_Strike_Machine\.venv\Lib\site-packages\pymodbus\client\base.py", line 189 in execute
  File "C:\Users\automation02\Desktop\GUI\Strike_Machine\GUI_Strike_Machine\.venv\Lib\site-packages\pymodbus\client\mixin.py", line 162 in read_input_registers
  File "c:\Users\automation02\Desktop\GUI\Strike_Machine\GUI_Strike_Machine\SERIAL_READ_MODULE.py", line 444 in _read_input_registers
  File "c:\Users\automation02\Desktop\GUI\Strike_Machine\GUI_Strike_Machine\SERIAL_READ_MODULE.py", line 460 in _read_all
  File "c:\Users\automation02\Desktop\GUI\Strike_Machine\GUI_Strike_Machine\SERIAL_READ_MODULE.py", line 408 in _poll

Thread 0x00004c9c [Thread-7 (_fetch)] (most recent call first):
  File "c:\Users\automation02\Desktop\GUI\Strike_Machine\GUI_Strike_Machine\source_edited.py", line 2201 in _fetch
  File "C:\Users\automation02\AppData\Local\Python\pythoncore-3.14-64\Lib\threading.py", line 1024 in run
  File "C:\Users\automation02\AppData\Local\Python\pythoncore-3.14-64\Lib\threading.py", line 1082 in _bootstrap_inner
  File "C:\Users\automation02\AppData\Local\Python\pythoncore-3.14-64\Lib\threading.py", line 1044 in _bootstrap

Current thread 0x000062c8 (most recent call first):
  File "c:\Users\automation02\Desktop\GUI\Strike_Machine\GUI_Strike_Machine\main_edited.py", line 328 in <module>

Current thread's C stack trace (most recent call first):
  <cannot get C stack on this system>
2026-09-15 13:12:08,820 - [main] - INFO - CLEAN_EXIT được đánh dấu. Detail: QApplication.aboutToQuit fired
2026-09-15 13:12:08,820 - [main] - INFO - app.exec() returned exit_code=0
2026-09-15 13:12:08,880 - [main] - INFO - CLEAN_EXIT xác nhận qua atexit.

===== [main] Process start: PID=19264 at 2026-09-15 13:12:10.344450 =====
2026-09-15 13:12:10,344 - [main] - INFO - Không tìm thấy lock file cũ -> phiên chạy trước (nếu có) đã thoát sạch.
2026-09-15 13:12:10,346 - [main] - INFO - Watchdog initialized. PID=19264 log_file=c:\Users\automation02\Desktop\GUI\Strike_Machine\GUI_Strike_Machine\sm_crash.log

===== [loading] Process start: PID=9032 at 2026-09-15 13:12:10.648335 =====
2026-09-15 13:12:10,648 - [loading] - INFO - Không tìm thấy lock file cũ -> phiên chạy trước (nếu có) đã thoát sạch.
2026-09-15 13:12:10,649 - [loading] - INFO - Watchdog initialized. PID=9032 log_file=c:\Users\automation02\Desktop\GUI\Strike_Machine\GUI_Strike_Machine\sm_crash.log
Windows fatal exception: code 0x8001010d

Current thread 0x000060a8 (most recent call first):
  File "c:\Users\automation02\Desktop\GUI\Strike_Machine\GUI_Strike_Machine\main_edited.py", line 200 in <module>

Current thread's C stack trace (most recent call first):
  <cannot get C stack on this system>
2026-09-15 13:12:15,657 - [loading] - INFO - CLEAN_EXIT được đánh dấu. Detail: loading window event loop returned exit_code=0
2026-09-15 13:12:15,664 - [loading] - INFO - CLEAN_EXIT xác nhận qua atexit.
Windows fatal exception: code 0x8001010d

Thread 0x00006170 [QThread] (most recent call first):
  File "C:\Users\automation02\Desktop\GUI\Strike_Machine\GUI_Strike_Machine\.venv\Lib\site-packages\pymodbus\client\serial.py", line 292 in _wait_for_data
  File "C:\Users\automation02\Desktop\GUI\Strike_Machine\GUI_Strike_Machine\.venv\Lib\site-packages\pymodbus\client\serial.py", line 300 in recv
  File "C:\Users\automation02\Desktop\GUI\Strike_Machine\GUI_Strike_Machine\.venv\Lib\site-packages\pymodbus\transaction\transaction.py", line 89 in sync_get_response
  File "C:\Users\automation02\Desktop\GUI\Strike_Machine\GUI_Strike_Machine\.venv\Lib\site-packages\pymodbus\transaction\transaction.py", line 153 in sync_execute
  File "C:\Users\automation02\Desktop\GUI\Strike_Machine\GUI_Strike_Machine\.venv\Lib\site-packages\pymodbus\client\base.py", line 189 in execute
  File "C:\Users\automation02\Desktop\GUI\Strike_Machine\GUI_Strike_Machine\.venv\Lib\site-packages\pymodbus\client\mixin.py", line 162 in read_input_registers
  File "c:\Users\automation02\Desktop\GUI\Strike_Machine\GUI_Strike_Machine\SERIAL_READ_MODULE.py", line 444 in _read_input_registers
  File "c:\Users\automation02\Desktop\GUI\Strike_Machine\GUI_Strike_Machine\SERIAL_READ_MODULE.py", line 460 in _read_all
  File "c:\Users\automation02\Desktop\GUI\Strike_Machine\GUI_Strike_Machine\SERIAL_READ_MODULE.py", line 408 in _poll

Thread 0x000030d8 [Thread-7 (_fetch)] (most recent call first):
  File "c:\Users\automation02\Desktop\GUI\Strike_Machine\GUI_Strike_Machine\source_edited.py", line 2201 in _fetch
  File "C:\Users\automation02\AppData\Local\Python\pythoncore-3.14-64\Lib\threading.py", line 1024 in run
  File "C:\Users\automation02\AppData\Local\Python\pythoncore-3.14-64\Lib\threading.py", line 1082 in _bootstrap_inner
  File "C:\Users\automation02\AppData\Local\Python\pythoncore-3.14-64\Lib\threading.py", line 1044 in _bootstrap

Current thread 0x00005cdc (most recent call first):
  File "c:\Users\automation02\Desktop\GUI\Strike_Machine\GUI_Strike_Machine\main_edited.py", line 328 in <module>

Current thread's C stack trace (most recent call first):
  <cannot get C stack on this system>
2026-09-16 07:56:33,607 - [main] - INFO - CLEAN_EXIT được đánh dấu. Detail: QApplication.aboutToQuit fired
2026-09-16 07:56:33,607 - [main] - INFO - app.exec() returned exit_code=0
2026-09-16 07:56:33,678 - [main] - INFO - CLEAN_EXIT xác nhận qua atexit.

===== [main] Process start: PID=19788 at 2026-09-16 08:15:21.169402 =====
2026-09-16 08:15:21,169 - [main] - INFO - Không tìm thấy lock file cũ -> phiên chạy trước (nếu có) đã thoát sạch.
2026-09-16 08:15:21,170 - [main] - INFO - Watchdog initialized. PID=19788 log_file=c:\Users\automation02\Desktop\GUI\Strike_Machine\GUI_Strike_Machine\sm_crash.log

===== [loading] Process start: PID=7856 at 2026-09-16 08:15:21.438868 =====
2026-09-16 08:15:21,439 - [loading] - INFO - Không tìm thấy lock file cũ -> phiên chạy trước (nếu có) đã thoát sạch.
2026-09-16 08:15:21,439 - [loading] - INFO - Watchdog initialized. PID=7856 log_file=c:\Users\automation02\Desktop\GUI\Strike_Machine\GUI_Strike_Machine\sm_crash.log
2026-09-16 08:15:41,333 - [loading] - INFO - CLEAN_EXIT được đánh dấu. Detail: loading window event loop returned exit_code=0
2026-09-16 08:15:41,344 - [loading] - INFO - CLEAN_EXIT xác nhận qua atexit.
Windows fatal exception: code 0x8001010d

Thread 0x0000695c [QThread] (most recent call first):
  File "C:\Users\automation02\Desktop\GUI\Strike_Machine\GUI_Strike_Machine\.venv\Lib\site-packages\pymodbus\client\serial.py", line 292 in _wait_for_data
  File "C:\Users\automation02\Desktop\GUI\Strike_Machine\GUI_Strike_Machine\.venv\Lib\site-packages\pymodbus\client\serial.py", line 300 in recv
  File "C:\Users\automation02\Desktop\GUI\Strike_Machine\GUI_Strike_Machine\.venv\Lib\site-packages\pymodbus\transaction\transaction.py", line 89 in sync_get_response
  File "C:\Users\automation02\Desktop\GUI\Strike_Machine\GUI_Strike_Machine\.venv\Lib\site-packages\pymodbus\transaction\transaction.py", line 153 in sync_execute
  File "C:\Users\automation02\Desktop\GUI\Strike_Machine\GUI_Strike_Machine\.venv\Lib\site-packages\pymodbus\client\base.py", line 189 in execute
  File "C:\Users\automation02\Desktop\GUI\Strike_Machine\GUI_Strike_Machine\.venv\Lib\site-packages\pymodbus\client\mixin.py", line 162 in read_input_registers
  File "c:\Users\automation02\Desktop\GUI\Strike_Machine\GUI_Strike_Machine\SERIAL_READ_MODULE.py", line 444 in _read_input_registers
  File "c:\Users\automation02\Desktop\GUI\Strike_Machine\GUI_Strike_Machine\SERIAL_READ_MODULE.py", line 460 in _read_all
  File "c:\Users\automation02\Desktop\GUI\Strike_Machine\GUI_Strike_Machine\SERIAL_READ_MODULE.py", line 408 in _poll

Thread 0x00001aa8 [Thread-7 (_fetch)] (most recent call first):
  File "c:\Users\automation02\Desktop\GUI\Strike_Machine\GUI_Strike_Machine\source_edited.py", line 2201 in _fetch
  File "C:\Users\automation02\AppData\Local\Python\pythoncore-3.14-64\Lib\threading.py", line 1024 in run
  File "C:\Users\automation02\AppData\Local\Python\pythoncore-3.14-64\Lib\threading.py", line 1082 in _bootstrap_inner
  File "C:\Users\automation02\AppData\Local\Python\pythoncore-3.14-64\Lib\threading.py", line 1044 in _bootstrap

Current thread 0x00006510 (most recent call first):
  File "c:\Users\automation02\Desktop\GUI\Strike_Machine\GUI_Strike_Machine\main_edited.py", line 328 in <module>

Current thread's C stack trace (most recent call first):
  <cannot get C stack on this system>
2026-09-16 08:27:11,529 - [main] - INFO - CLEAN_EXIT được đánh dấu. Detail: QApplication.aboutToQuit fired
2026-09-16 08:27:11,529 - [main] - INFO - app.exec() returned exit_code=0
2026-09-16 08:27:11,586 - [main] - INFO - CLEAN_EXIT xác nhận qua atexit.

===== [main] Process start: PID=28424 at 2026-09-16 08:33:54.091001 =====
2026-09-16 08:33:54,091 - [main] - INFO - Không tìm thấy lock file cũ -> phiên chạy trước (nếu có) đã thoát sạch.
2026-09-16 08:33:54,091 - [main] - INFO - Watchdog initialized. PID=28424 log_file=c:\Users\automation02\Desktop\GUI\Strike_Machine\GUI_Strike_Machine\sm_crash.log

===== [loading] Process start: PID=26208 at 2026-09-16 08:33:54.347777 =====
2026-09-16 08:33:54,348 - [loading] - INFO - Không tìm thấy lock file cũ -> phiên chạy trước (nếu có) đã thoát sạch.
2026-09-16 08:33:54,349 - [loading] - INFO - Watchdog initialized. PID=26208 log_file=c:\Users\automation02\Desktop\GUI\Strike_Machine\GUI_Strike_Machine\sm_crash.log
2026-09-16 08:33:58,478 - [loading] - INFO - CLEAN_EXIT được đánh dấu. Detail: loading window event loop returned exit_code=0
2026-09-16 08:33:58,493 - [loading] - INFO - CLEAN_EXIT xác nhận qua atexit.
Windows fatal exception: code 0x8001010d

Thread 0x00005590 [QThread] (most recent call first):
  File "C:\Users\automation02\Desktop\GUI\Strike_Machine\GUI_Strike_Machine\.venv\Lib\site-packages\pymodbus\client\serial.py", line 292 in _wait_for_data
  File "C:\Users\automation02\Desktop\GUI\Strike_Machine\GUI_Strike_Machine\.venv\Lib\site-packages\pymodbus\client\serial.py", line 300 in recv
  File "C:\Users\automation02\Desktop\GUI\Strike_Machine\GUI_Strike_Machine\.venv\Lib\site-packages\pymodbus\transaction\transaction.py", line 89 in sync_get_response
  File "C:\Users\automation02\Desktop\GUI\Strike_Machine\GUI_Strike_Machine\.venv\Lib\site-packages\pymodbus\transaction\transaction.py", line 153 in sync_execute
  File "C:\Users\automation02\Desktop\GUI\Strike_Machine\GUI_Strike_Machine\.venv\Lib\site-packages\pymodbus\client\base.py", line 189 in execute
  File "C:\Users\automation02\Desktop\GUI\Strike_Machine\GUI_Strike_Machine\.venv\Lib\site-packages\pymodbus\client\mixin.py", line 162 in read_input_registers
  File "c:\Users\automation02\Desktop\GUI\Strike_Machine\GUI_Strike_Machine\SERIAL_READ_MODULE.py", line 444 in _read_input_registers
  File "c:\Users\automation02\Desktop\GUI\Strike_Machine\GUI_Strike_Machine\SERIAL_READ_MODULE.py", line 460 in _read_all
  File "c:\Users\automation02\Desktop\GUI\Strike_Machine\GUI_Strike_Machine\SERIAL_READ_MODULE.py", line 408 in _poll

Thread 0x00000674 [Thread-7 (_fetch)] (most recent call first):
  File "c:\Users\automation02\Desktop\GUI\Strike_Machine\GUI_Strike_Machine\source_edited.py", line 2201 in _fetch
  File "C:\Users\automation02\AppData\Local\Python\pythoncore-3.14-64\Lib\threading.py", line 1024 in run
  File "C:\Users\automation02\AppData\Local\Python\pythoncore-3.14-64\Lib\threading.py", line 1082 in _bootstrap_inner
  File "C:\Users\automation02\AppData\Local\Python\pythoncore-3.14-64\Lib\threading.py", line 1044 in _bootstrap

Current thread 0x00006048 (most recent call first):
  File "c:\Users\automation02\Desktop\GUI\Strike_Machine\GUI_Strike_Machine\main_edited.py", line 328 in <module>

Current thread's C stack trace (most recent call first):
  <cannot get C stack on this system>
2026-09-16 12:00:32,928 - [main] - WARNING - OS_SIGNAL nhận được: SIGINT (2) -> app bị yêu cầu tắt từ bên ngoài (Task Manager, kill, logoff, tắt máy...).
2026-09-16 12:00:32,928 - [main] - INFO - CLEAN_EXIT được đánh dấu. Detail: terminated_by_signal=SIGINT

===== [main] Process start: PID=23592 at 2026-09-16 12:00:55.092760 =====
2026-09-16 12:00:55,098 - [main] - WARNING - PREVIOUS_SESSION_DID_NOT_EXIT_CLEANLY -> lần chạy trước có thể đã bị kill cứng (Task Manager 'End task', kill -9, mất điện, treo máy...). Thông tin phiên trước: pid=28424
started_at=2026-09-16T08:33:54.091267

2026-09-16 12:00:55,100 - [main] - INFO - Watchdog initialized. PID=23592 log_file=c:\Users\automation02\Desktop\GUI\Strike_Machine\GUI_Strike_Machine\sm_crash.log

===== [loading] Process start: PID=3056 at 2026-09-16 12:00:55.384183 =====
2026-09-16 12:00:55,384 - [loading] - INFO - Không tìm thấy lock file cũ -> phiên chạy trước (nếu có) đã thoát sạch.
2026-09-16 12:00:55,386 - [loading] - INFO - Watchdog initialized. PID=3056 log_file=c:\Users\automation02\Desktop\GUI\Strike_Machine\GUI_Strike_Machine\sm_crash.log
Windows fatal exception: code 0x8001010d

Current thread 0x00003c1c (most recent call first):
  File "c:\Users\automation02\Desktop\GUI\Strike_Machine\GUI_Strike_Machine\main_edited.py", line 200 in <module>

Current thread's C stack trace (most recent call first):
  <cannot get C stack on this system>
2026-09-16 12:01:13,976 - [loading] - INFO - CLEAN_EXIT được đánh dấu. Detail: loading window event loop returned exit_code=0
2026-09-16 12:01:13,982 - [loading] - INFO - CLEAN_EXIT xác nhận qua atexit.
Windows fatal exception: code 0x8001010d

Thread 0x0000131c [QThread] (most recent call first):
  File "C:\Users\automation02\Desktop\GUI\Strike_Machine\GUI_Strike_Machine\.venv\Lib\site-packages\pymodbus\client\serial.py", line 292 in _wait_for_data
  File "C:\Users\automation02\Desktop\GUI\Strike_Machine\GUI_Strike_Machine\.venv\Lib\site-packages\pymodbus\client\serial.py", line 300 in recv
  File "C:\Users\automation02\Desktop\GUI\Strike_Machine\GUI_Strike_Machine\.venv\Lib\site-packages\pymodbus\transaction\transaction.py", line 89 in sync_get_response
  File "C:\Users\automation02\Desktop\GUI\Strike_Machine\GUI_Strike_Machine\.venv\Lib\site-packages\pymodbus\transaction\transaction.py", line 153 in sync_execute
  File "C:\Users\automation02\Desktop\GUI\Strike_Machine\GUI_Strike_Machine\.venv\Lib\site-packages\pymodbus\client\base.py", line 189 in execute
  File "C:\Users\automation02\Desktop\GUI\Strike_Machine\GUI_Strike_Machine\.venv\Lib\site-packages\pymodbus\client\mixin.py", line 162 in read_input_registers
  File "c:\Users\automation02\Desktop\GUI\Strike_Machine\GUI_Strike_Machine\SERIAL_READ_MODULE.py", line 444 in _read_input_registers
  File "c:\Users\automation02\Desktop\GUI\Strike_Machine\GUI_Strike_Machine\SERIAL_READ_MODULE.py", line 460 in _read_all
  File "c:\Users\automation02\Desktop\GUI\Strike_Machine\GUI_Strike_Machine\SERIAL_READ_MODULE.py", line 408 in _poll

Thread 0x000031e8 [Thread-7 (_fetch)] (most recent call first):
  File "c:\Users\automation02\Desktop\GUI\Strike_Machine\GUI_Strike_Machine\source_edited.py", line 2201 in _fetch
  File "C:\Users\automation02\AppData\Local\Python\pythoncore-3.14-64\Lib\threading.py", line 1024 in run
  File "C:\Users\automation02\AppData\Local\Python\pythoncore-3.14-64\Lib\threading.py", line 1082 in _bootstrap_inner
  File "C:\Users\automation02\AppData\Local\Python\pythoncore-3.14-64\Lib\threading.py", line 1044 in _bootstrap

Current thread 0x00006334 (most recent call first):
  File "c:\Users\automation02\Desktop\GUI\Strike_Machine\GUI_Strike_Machine\main_edited.py", line 328 in <module>

Current thread's C stack trace (most recent call first):
  <cannot get C stack on this system>
2026-09-16 13:01:27,209 - [main] - INFO - CLEAN_EXIT được đánh dấu. Detail: QApplication.aboutToQuit fired
2026-09-16 13:01:27,210 - [main] - INFO - app.exec() returned exit_code=0
2026-09-16 13:01:27,265 - [main] - INFO - CLEAN_EXIT xác nhận qua atexit.

===== [main] Process start: PID=14968 at 2026-09-21 08:30:54.405696 =====
2026-09-21 08:30:54,407 - [main] - INFO - Không tìm thấy lock file cũ -> phiên chạy trước (nếu có) đã thoát sạch.
2026-09-21 08:30:54,408 - [main] - INFO - Watchdog initialized. PID=14968 log_file=c:\Users\automation02\Desktop\GUI\Strike_Machine\GUI_Strike_Machine\sm_crash.log

===== [loading] Process start: PID=676 at 2026-09-21 08:30:55.097223 =====
2026-09-21 08:30:55,097 - [loading] - INFO - Không tìm thấy lock file cũ -> phiên chạy trước (nếu có) đã thoát sạch.
2026-09-21 08:30:55,098 - [loading] - INFO - Watchdog initialized. PID=676 log_file=c:\Users\automation02\Desktop\GUI\Strike_Machine\GUI_Strike_Machine\sm_crash.log
2026-09-21 08:31:28,597 - [loading] - INFO - CLEAN_EXIT được đánh dấu. Detail: loading window event loop returned exit_code=0
2026-09-21 08:31:28,633 - [loading] - INFO - CLEAN_EXIT xác nhận qua atexit.
Windows fatal exception: code 0x8001010d

Thread 0x000009b8 [QThread] (most recent call first):
  File "C:\Users\automation02\Desktop\GUI\Strike_Machine\GUI_Strike_Machine\.venv\Lib\site-packages\pymodbus\client\serial.py", line 292 in _wait_for_data
  File "C:\Users\automation02\Desktop\GUI\Strike_Machine\GUI_Strike_Machine\.venv\Lib\site-packages\pymodbus\client\serial.py", line 300 in recv
  File "C:\Users\automation02\Desktop\GUI\Strike_Machine\GUI_Strike_Machine\.venv\Lib\site-packages\pymodbus\transaction\transaction.py", line 89 in sync_get_response
  File "C:\Users\automation02\Desktop\GUI\Strike_Machine\GUI_Strike_Machine\.venv\Lib\site-packages\pymodbus\transaction\transaction.py", line 153 in sync_execute
  File "C:\Users\automation02\Desktop\GUI\Strike_Machine\GUI_Strike_Machine\.venv\Lib\site-packages\pymodbus\client\base.py", line 189 in execute
  File "C:\Users\automation02\Desktop\GUI\Strike_Machine\GUI_Strike_Machine\.venv\Lib\site-packages\pymodbus\client\mixin.py", line 162 in read_input_registers
  File "c:\Users\automation02\Desktop\GUI\Strike_Machine\GUI_Strike_Machine\SERIAL_READ_MODULE.py", line 444 in _read_input_registers
  File "c:\Users\automation02\Desktop\GUI\Strike_Machine\GUI_Strike_Machine\SERIAL_READ_MODULE.py", line 460 in _read_all
  File "c:\Users\automation02\Desktop\GUI\Strike_Machine\GUI_Strike_Machine\SERIAL_READ_MODULE.py", line 408 in _poll

Thread 0x000010f0 [Thread-7 (_fetch)] (most recent call first):
  File "c:\Users\automation02\Desktop\GUI\Strike_Machine\GUI_Strike_Machine\source_edited.py", line 2191 in _fetch
  File "C:\Users\automation02\AppData\Local\Python\pythoncore-3.14-64\Lib\threading.py", line 1024 in run
  File "C:\Users\automation02\AppData\Local\Python\pythoncore-3.14-64\Lib\threading.py", line 1082 in _bootstrap_inner
  File "C:\Users\automation02\AppData\Local\Python\pythoncore-3.14-64\Lib\threading.py", line 1044 in _bootstrap

Current thread 0x00001430 (most recent call first):
  File "c:\Users\automation02\Desktop\GUI\Strike_Machine\GUI_Strike_Machine\main_edited.py", line 328 in <module>

Current thread's C stack trace (most recent call first):
  <cannot get C stack on this system>
2026-09-21 08:32:02,202 - [main] - INFO - CLEAN_EXIT được đánh dấu. Detail: QApplication.aboutToQuit fired
2026-09-21 08:32:02,202 - [main] - INFO - app.exec() returned exit_code=0
2026-09-21 08:32:02,253 - [main] - INFO - CLEAN_EXIT xác nhận qua atexit.

===== [main] Process start: PID=9208 at 2026-09-21 08:35:23.744923 =====
2026-09-21 08:35:23,746 - [main] - INFO - Không tìm thấy lock file cũ -> phiên chạy trước (nếu có) đã thoát sạch.
2026-09-21 08:35:23,746 - [main] - INFO - Watchdog initialized. PID=9208 log_file=c:\Users\automation02\Desktop\GUI\Strike_Machine\GUI_Strike_Machine\sm_crash.log

===== [loading] Process start: PID=6460 at 2026-09-21 08:35:24.281581 =====
2026-09-21 08:35:24,281 - [loading] - INFO - Không tìm thấy lock file cũ -> phiên chạy trước (nếu có) đã thoát sạch.
2026-09-21 08:35:24,282 - [loading] - INFO - Watchdog initialized. PID=6460 log_file=c:\Users\automation02\Desktop\GUI\Strike_Machine\GUI_Strike_Machine\sm_crash.log
2026-09-21 08:35:33,387 - [loading] - INFO - CLEAN_EXIT được đánh dấu. Detail: loading window event loop returned exit_code=0
2026-09-21 08:35:33,433 - [loading] - INFO - CLEAN_EXIT xác nhận qua atexit.
Windows fatal exception: code 0x8001010d

Thread 0x0000396c [QThread] (most recent call first):
  File "C:\Users\automation02\Desktop\GUI\Strike_Machine\GUI_Strike_Machine\.venv\Lib\site-packages\pymodbus\client\serial.py", line 292 in _wait_for_data
  File "C:\Users\automation02\Desktop\GUI\Strike_Machine\GUI_Strike_Machine\.venv\Lib\site-packages\pymodbus\client\serial.py", line 300 in recv
  File "C:\Users\automation02\Desktop\GUI\Strike_Machine\GUI_Strike_Machine\.venv\Lib\site-packages\pymodbus\transaction\transaction.py", line 89 in sync_get_response
  File "C:\Users\automation02\Desktop\GUI\Strike_Machine\GUI_Strike_Machine\.venv\Lib\site-packages\pymodbus\transaction\transaction.py", line 153 in sync_execute
  File "C:\Users\automation02\Desktop\GUI\Strike_Machine\GUI_Strike_Machine\.venv\Lib\site-packages\pymodbus\client\base.py", line 189 in execute
  File "C:\Users\automation02\Desktop\GUI\Strike_Machine\GUI_Strike_Machine\.venv\Lib\site-packages\pymodbus\client\mixin.py", line 162 in read_input_registers
  File "c:\Users\automation02\Desktop\GUI\Strike_Machine\GUI_Strike_Machine\SERIAL_READ_MODULE.py", line 444 in _read_input_registers
  File "c:\Users\automation02\Desktop\GUI\Strike_Machine\GUI_Strike_Machine\SERIAL_READ_MODULE.py", line 460 in _read_all
  File "c:\Users\automation02\Desktop\GUI\Strike_Machine\GUI_Strike_Machine\SERIAL_READ_MODULE.py", line 408 in _poll

Thread 0x00002e8c [Thread-7 (_fetch)] (most recent call first):
  File "c:\Users\automation02\Desktop\GUI\Strike_Machine\GUI_Strike_Machine\source_edited.py", line 2191 in _fetch
  File "C:\Users\automation02\AppData\Local\Python\pythoncore-3.14-64\Lib\threading.py", line 1024 in run
  File "C:\Users\automation02\AppData\Local\Python\pythoncore-3.14-64\Lib\threading.py", line 1082 in _bootstrap_inner
  File "C:\Users\automation02\AppData\Local\Python\pythoncore-3.14-64\Lib\threading.py", line 1044 in _bootstrap

Current thread 0x000030e0 (most recent call first):
  File "c:\Users\automation02\Desktop\GUI\Strike_Machine\GUI_Strike_Machine\main_edited.py", line 328 in <module>

Current thread's C stack trace (most recent call first):
  <cannot get C stack on this system>
2026-09-21 08:37:34,390 - [main] - INFO - CLEAN_EXIT được đánh dấu. Detail: QApplication.aboutToQuit fired
2026-09-21 08:37:34,390 - [main] - INFO - app.exec() returned exit_code=0
2026-09-21 08:37:34,452 - [main] - INFO - CLEAN_EXIT xác nhận qua atexit.

===== [main] Process start: PID=9192 at 2026-09-21 08:45:10.272280 =====
2026-09-21 08:45:10,272 - [main] - INFO - Không tìm thấy lock file cũ -> phiên chạy trước (nếu có) đã thoát sạch.
2026-09-21 08:45:10,274 - [main] - INFO - Watchdog initialized. PID=9192 log_file=c:\Users\automation02\Desktop\GUI\Strike_Machine\GUI_Strike_Machine\sm_crash.log

===== [loading] Process start: PID=11900 at 2026-09-21 08:45:10.702439 =====
2026-09-21 08:45:10,702 - [loading] - INFO - Không tìm thấy lock file cũ -> phiên chạy trước (nếu có) đã thoát sạch.
2026-09-21 08:45:10,703 - [loading] - INFO - Watchdog initialized. PID=11900 log_file=c:\Users\automation02\Desktop\GUI\Strike_Machine\GUI_Strike_Machine\sm_crash.log
2026-09-21 08:45:18,658 - [loading] - INFO - CLEAN_EXIT được đánh dấu. Detail: loading window event loop returned exit_code=0
2026-09-21 08:45:18,669 - [loading] - INFO - CLEAN_EXIT xác nhận qua atexit.
2026-09-21 08:45:18,732 - [main] - CRITICAL - STARTUP_EXCEPTION:
Traceback (most recent call last):
  File "c:\Users\automation02\Desktop\GUI\Strike_Machine\GUI_Strike_Machine\main_edited.py", line 300, in <module>
    window = StrikeMachine(**kwargs)  # type: ignore
  File "c:\Users\automation02\Desktop\GUI\Strike_Machine\GUI_Strike_Machine\source_edited.py", line 299, in __init__
    self._setup_btn_signals()
    ~~~~~~~~~~~~~~~~~~~~~~~^^
  File "c:\Users\automation02\Desktop\GUI\Strike_Machine\GUI_Strike_Machine\source_edited.py", line 1552, in _setup_btn_signals
    self.ui.start_stop_btn.toggled.connect(self.start_stop_btn("Start", self.ui.start_stop_btn))
    ~~~~~~~~~~~~~~~~~~~~~~~~~~~~~~~~~~~~~~^^^^^^^^^^^^^^^^^^^^^^^^^^^^^^^^^^^^^^^^^^^^^^^^^^^^^^
TypeError: Expected signal or callable, got "NoneType"

Windows fatal exception: code 0x8001010d

Current thread 0x00000a84 (most recent call first):
  File "c:\Users\automation02\Desktop\GUI\Strike_Machine\GUI_Strike_Machine\main_edited.py", line 319 in <module>

Current thread's C stack trace (most recent call first):
  <cannot get C stack on this system>
2026-09-21 08:45:26,523 - [main] - WARNING - Process kết thúc qua atexit nhưng KHÔNG có mark_clean_exit() nào được gọi trước đó -> có thể là crash không rõ nguyên nhân.

===== [main] Process start: PID=16816 at 2026-09-21 08:46:05.234079 =====
2026-09-21 08:46:05,234 - [main] - INFO - Không tìm thấy lock file cũ -> phiên chạy trước (nếu có) đã thoát sạch.
2026-09-21 08:46:05,235 - [main] - INFO - Watchdog initialized. PID=16816 log_file=c:\Users\automation02\Desktop\GUI\Strike_Machine\GUI_Strike_Machine\sm_crash.log

===== [loading] Process start: PID=16860 at 2026-09-21 08:46:05.690644 =====
2026-09-21 08:46:05,690 - [loading] - INFO - Không tìm thấy lock file cũ -> phiên chạy trước (nếu có) đã thoát sạch.
2026-09-21 08:46:05,691 - [loading] - INFO - Watchdog initialized. PID=16860 log_file=c:\Users\automation02\Desktop\GUI\Strike_Machine\GUI_Strike_Machine\sm_crash.log
Windows fatal exception: code 0x8001010d

Current thread 0x00001428 (most recent call first):
  File "c:\Users\automation02\Desktop\GUI\Strike_Machine\GUI_Strike_Machine\main_edited.py", line 200 in <module>

Current thread's C stack trace (most recent call first):
  <cannot get C stack on this system>
2026-09-21 08:46:13,297 - [loading] - INFO - CLEAN_EXIT được đánh dấu. Detail: loading window event loop returned exit_code=0
2026-09-21 08:46:13,303 - [loading] - INFO - CLEAN_EXIT xác nhận qua atexit.
2026-09-21 08:46:13,366 - [main] - CRITICAL - STARTUP_EXCEPTION:
Traceback (most recent call last):
  File "c:\Users\automation02\Desktop\GUI\Strike_Machine\GUI_Strike_Machine\main_edited.py", line 300, in <module>
    window = StrikeMachine(**kwargs)  # type: ignore
  File "c:\Users\automation02\Desktop\GUI\Strike_Machine\GUI_Strike_Machine\source_edited.py", line 299, in __init__
    self._setup_btn_signals()
    ~~~~~~~~~~~~~~~~~~~~~~~^^
  File "c:\Users\automation02\Desktop\GUI\Strike_Machine\GUI_Strike_Machine\source_edited.py", line 1552, in _setup_btn_signals
    self.ui.start_stop_btn.clicked.connect(self.start_stop_btn("Start", self.ui.start_stop_btn))
    ~~~~~~~~~~~~~~~~~~~~~~~~~~~~~~~~~~~~~~^^^^^^^^^^^^^^^^^^^^^^^^^^^^^^^^^^^^^^^^^^^^^^^^^^^^^^
TypeError: Expected signal or callable, got "NoneType"

Windows fatal exception: code 0x8001010d

Current thread 0x00003568 (most recent call first):
  File "c:\Users\automation02\Desktop\GUI\Strike_Machine\GUI_Strike_Machine\main_edited.py", line 319 in <module>

Current thread's C stack trace (most recent call first):
  <cannot get C stack on this system>
2026-09-21 08:46:33,025 - [main] - WARNING - Process kết thúc qua atexit nhưng KHÔNG có mark_clean_exit() nào được gọi trước đó -> có thể là crash không rõ nguyên nhân.

===== [main] Process start: PID=9824 at 2026-09-21 08:48:38.851480 =====
2026-09-21 08:48:38,851 - [main] - INFO - Không tìm thấy lock file cũ -> phiên chạy trước (nếu có) đã thoát sạch.
2026-09-21 08:48:38,852 - [main] - INFO - Watchdog initialized. PID=9824 log_file=c:\Users\automation02\Desktop\GUI\Strike_Machine\GUI_Strike_Machine\sm_crash.log

===== [loading] Process start: PID=16332 at 2026-09-21 08:48:39.263496 =====
2026-09-21 08:48:39,263 - [loading] - INFO - Không tìm thấy lock file cũ -> phiên chạy trước (nếu có) đã thoát sạch.
2026-09-21 08:48:39,264 - [loading] - INFO - Watchdog initialized. PID=16332 log_file=c:\Users\automation02\Desktop\GUI\Strike_Machine\GUI_Strike_Machine\sm_crash.log
Windows fatal exception: code 0x8001010d

Current thread 0x00001134 (most recent call first):
  File "c:\Users\automation02\Desktop\GUI\Strike_Machine\GUI_Strike_Machine\main_edited.py", line 200 in <module>

Current thread's C stack trace (most recent call first):
  <cannot get C stack on this system>
2026-09-21 08:48:47,027 - [loading] - INFO - CLEAN_EXIT được đánh dấu. Detail: loading window event loop returned exit_code=0
2026-09-21 08:48:47,041 - [loading] - INFO - CLEAN_EXIT xác nhận qua atexit.
Windows fatal exception: code 0x8001010d

Thread 0x00003d08 [QThread] (most recent call first):
  File "C:\Users\automation02\Desktop\GUI\Strike_Machine\GUI_Strike_Machine\.venv\Lib\site-packages\snap7\connection.py", line 458 in _recv_exact
  File "C:\Users\automation02\Desktop\GUI\Strike_Machine\GUI_Strike_Machine\.venv\Lib\site-packages\snap7\connection.py", line 204 in receive_data
  File "C:\Users\automation02\Desktop\GUI\Strike_Machine\GUI_Strike_Machine\.venv\Lib\site-packages\snap7\client.py", line 404 in _send_receive
  File "C:\Users\automation02\Desktop\GUI\Strike_Machine\GUI_Strike_Machine\.venv\Lib\site-packages\snap7\client.py", line 434 in _send_receive_with_reconnect
  File "C:\Users\automation02\Desktop\GUI\Strike_Machine\GUI_Strike_Machine\.venv\Lib\site-packages\snap7\client.py", line 987 in read_area
  File "C:\Users\automation02\Desktop\GUI\Strike_Machine\GUI_Strike_Machine\.venv\Lib\site-packages\snap7\client.py", line 867 in db_read
  File "c:\Users\automation02\Desktop\GUI\Strike_Machine\GUI_Strike_Machine\PLC_READ_MODULE.py", line 258 in _poll

Thread 0x00003090 [QThread] (most recent call first):
  File "C:\Users\automation02\Desktop\GUI\Strike_Machine\GUI_Strike_Machine\.venv\Lib\site-packages\snap7\connection.py", line 458 in _recv_exact
  File "C:\Users\automation02\Desktop\GUI\Strike_Machine\GUI_Strike_Machine\.venv\Lib\site-packages\snap7\connection.py", line 204 in receive_data
  File "C:\Users\automation02\Desktop\GUI\Strike_Machine\GUI_Strike_Machine\.venv\Lib\site-packages\snap7\client.py", line 404 in _send_receive
  File "C:\Users\automation02\Desktop\GUI\Strike_Machine\GUI_Strike_Machine\.venv\Lib\site-packages\snap7\client.py", line 434 in _send_receive_with_reconnect
  File "C:\Users\automation02\Desktop\GUI\Strike_Machine\GUI_Strike_Machine\.venv\Lib\site-packages\snap7\client.py", line 1054 in write_area
  File "C:\Users\automation02\Desktop\GUI\Strike_Machine\GUI_Strike_Machine\.venv\Lib\site-packages\snap7\client.py", line 884 in db_write
  File "c:\Users\automation02\Desktop\GUI\Strike_Machine\GUI_Strike_Machine\PLC_WRITE_MODULE.py", line 401 in _write_bool
  File "c:\Users\automation02\Desktop\GUI\Strike_Machine\GUI_Strike_Machine\PLC_WRITE_MODULE.py", line 371 in _dispatch
  File "c:\Users\automation02\Desktop\GUI\Strike_Machine\GUI_Strike_Machine\PLC_WRITE_MODULE.py", line 297 in _drain_queue

Thread 0x000002b0 [QThread] (most recent call first):
  File "C:\Users\automation02\Desktop\GUI\Strike_Machine\GUI_Strike_Machine\.venv\Lib\site-packages\pymodbus\client\serial.py", line 292 in _wait_for_data
  File "C:\Users\automation02\Desktop\GUI\Strike_Machine\GUI_Strike_Machine\.venv\Lib\site-packages\pymodbus\client\serial.py", line 300 in recv
  File "C:\Users\automation02\Desktop\GUI\Strike_Machine\GUI_Strike_Machine\.venv\Lib\site-packages\pymodbus\transaction\transaction.py", line 89 in sync_get_response
  File "C:\Users\automation02\Desktop\GUI\Strike_Machine\GUI_Strike_Machine\.venv\Lib\site-packages\pymodbus\transaction\transaction.py", line 153 in sync_execute
  File "C:\Users\automation02\Desktop\GUI\Strike_Machine\GUI_Strike_Machine\.venv\Lib\site-packages\pymodbus\client\base.py", line 189 in execute
  File "C:\Users\automation02\Desktop\GUI\Strike_Machine\GUI_Strike_Machine\.venv\Lib\site-packages\pymodbus\client\mixin.py", line 162 in read_input_registers
  File "c:\Users\automation02\Desktop\GUI\Strike_Machine\GUI_Strike_Machine\SERIAL_READ_MODULE.py", line 444 in _read_input_registers
  File "c:\Users\automation02\Desktop\GUI\Strike_Machine\GUI_Strike_Machine\SERIAL_READ_MODULE.py", line 460 in _read_all
  File "c:\Users\automation02\Desktop\GUI\Strike_Machine\GUI_Strike_Machine\SERIAL_READ_MODULE.py", line 408 in _poll

Thread 0x00003540 [Thread-7 (_fetch)] (most recent call first):
  File "c:\Users\automation02\Desktop\GUI\Strike_Machine\GUI_Strike_Machine\source_edited.py", line 2201 in _fetch
  File "C:\Users\automation02\AppData\Local\Python\pythoncore-3.14-64\Lib\threading.py", line 1024 in run
  File "C:\Users\automation02\AppData\Local\Python\pythoncore-3.14-64\Lib\threading.py", line 1082 in _bootstrap_inner
  File "C:\Users\automation02\AppData\Local\Python\pythoncore-3.14-64\Lib\threading.py", line 1044 in _bootstrap

Current thread 0x0000426c (most recent call first):
  File "c:\Users\automation02\Desktop\GUI\Strike_Machine\GUI_Strike_Machine\main_edited.py", line 328 in <module>

Current thread's C stack trace (most recent call first):
  <cannot get C stack on this system>
2026-09-21 09:53:02,376 - [main] - INFO - CLEAN_EXIT được đánh dấu. Detail: QApplication.aboutToQuit fired
2026-09-21 09:53:02,377 - [main] - INFO - app.exec() returned exit_code=0
2026-09-21 09:53:02,550 - [main] - INFO - CLEAN_EXIT xác nhận qua atexit.

===== [main] Process start: PID=10892 at 2026-09-21 09:53:04.044545 =====
2026-09-21 09:53:04,044 - [main] - INFO - Không tìm thấy lock file cũ -> phiên chạy trước (nếu có) đã thoát sạch.
2026-09-21 09:53:04,046 - [main] - INFO - Watchdog initialized. PID=10892 log_file=c:\Users\automation02\Desktop\GUI\Strike_Machine\GUI_Strike_Machine\sm_crash.log

===== [loading] Process start: PID=20976 at 2026-09-21 09:53:04.578871 =====
2026-09-21 09:53:04,579 - [loading] - INFO - Không tìm thấy lock file cũ -> phiên chạy trước (nếu có) đã thoát sạch.
2026-09-21 09:53:04,580 - [loading] - INFO - Watchdog initialized. PID=20976 log_file=c:\Users\automation02\Desktop\GUI\Strike_Machine\GUI_Strike_Machine\sm_crash.log
Windows fatal exception: code 0x8001010d

Current thread 0x00003330 (most recent call first):
  File "c:\Users\automation02\Desktop\GUI\Strike_Machine\GUI_Strike_Machine\main_edited.py", line 200 in <module>

Current thread's C stack trace (most recent call first):
  <cannot get C stack on this system>
2026-09-21 09:53:33,636 - [loading] - INFO - CLEAN_EXIT được đánh dấu. Detail: loading window event loop returned exit_code=0
2026-09-21 09:53:33,642 - [loading] - INFO - CLEAN_EXIT xác nhận qua atexit.
Windows fatal exception: code 0x8001010d

Thread 0x0000285c [Thread-7 (_fetch)] (most recent call first):
  File "c:\Users\automation02\Desktop\GUI\Strike_Machine\GUI_Strike_Machine\source_edited.py", line 2201 in _fetch
  File "C:\Users\automation02\AppData\Local\Python\pythoncore-3.14-64\Lib\threading.py", line 1024 in run
  File "C:\Users\automation02\AppData\Local\Python\pythoncore-3.14-64\Lib\threading.py", line 1082 in _bootstrap_inner
  File "C:\Users\automation02\AppData\Local\Python\pythoncore-3.14-64\Lib\threading.py", line 1044 in _bootstrap

Current thread 0x00001ec4 (most recent call first):
  File "c:\Users\automation02\Desktop\GUI\Strike_Machine\GUI_Strike_Machine\main_edited.py", line 328 in <module>

Current thread's C stack trace (most recent call first):
  <cannot get C stack on this system>
2026-09-21 09:58:20,835 - [main] - INFO - CLEAN_EXIT được đánh dấu. Detail: QApplication.aboutToQuit fired
2026-09-21 09:58:20,835 - [main] - INFO - app.exec() returned exit_code=0
2026-09-21 09:58:20,905 - [main] - INFO - CLEAN_EXIT xác nhận qua atexit.

===== [main] Process start: PID=11564 at 2026-09-21 09:58:38.654608 =====
2026-09-21 09:58:38,654 - [main] - INFO - Không tìm thấy lock file cũ -> phiên chạy trước (nếu có) đã thoát sạch.
2026-09-21 09:58:38,655 - [main] - INFO - Watchdog initialized. PID=11564 log_file=c:\Users\automation02\Desktop\GUI\Strike_Machine\GUI_Strike_Machine\sm_crash.log

===== [loading] Process start: PID=6116 at 2026-09-21 09:58:39.079932 =====
2026-09-21 09:58:39,080 - [loading] - INFO - Không tìm thấy lock file cũ -> phiên chạy trước (nếu có) đã thoát sạch.
2026-09-21 09:58:39,081 - [loading] - INFO - Watchdog initialized. PID=6116 log_file=c:\Users\automation02\Desktop\GUI\Strike_Machine\GUI_Strike_Machine\sm_crash.log
Windows fatal exception: code 0x8001010d

Current thread 0x00005108 (most recent call first):
  File "c:\Users\automation02\Desktop\GUI\Strike_Machine\GUI_Strike_Machine\main_edited.py", line 200 in <module>

Current thread's C stack trace (most recent call first):
  <cannot get C stack on this system>
2026-09-21 09:58:48,104 - [loading] - INFO - CLEAN_EXIT được đánh dấu. Detail: loading window event loop returned exit_code=0
2026-09-21 09:58:48,118 - [loading] - INFO - CLEAN_EXIT xác nhận qua atexit.
Windows fatal exception: code 0x8001010d

Thread 0x00000404 [Thread-7 (_fetch)] (most recent call first):
  File "c:\Users\automation02\Desktop\GUI\Strike_Machine\GUI_Strike_Machine\source_edited.py", line 2191 in _fetch
  File "C:\Users\automation02\AppData\Local\Python\pythoncore-3.14-64\Lib\threading.py", line 1024 in run
  File "C:\Users\automation02\AppData\Local\Python\pythoncore-3.14-64\Lib\threading.py", line 1082 in _bootstrap_inner
  File "C:\Users\automation02\AppData\Local\Python\pythoncore-3.14-64\Lib\threading.py", line 1044 in _bootstrap

Current thread 0x000034cc (most recent call first):
  File "c:\Users\automation02\Desktop\GUI\Strike_Machine\GUI_Strike_Machine\main_edited.py", line 328 in <module>

Current thread's C stack trace (most recent call first):
  <cannot get C stack on this system>
2026-09-21 09:59:13,442 - [main] - INFO - CLEAN_EXIT được đánh dấu. Detail: QApplication.aboutToQuit fired
2026-09-21 09:59:13,443 - [main] - INFO - app.exec() returned exit_code=0
2026-09-21 09:59:13,508 - [main] - INFO - CLEAN_EXIT xác nhận qua atexit.

===== [main] Process start: PID=15080 at 2026-09-21 10:40:48.239027 =====
2026-09-21 10:40:48,239 - [main] - INFO - Không tìm thấy lock file cũ -> phiên chạy trước (nếu có) đã thoát sạch.
2026-09-21 10:40:48,240 - [main] - INFO - Watchdog initialized. PID=15080 log_file=c:\Users\automation02\Desktop\GUI\Strike_Machine\GUI_Strike_Machine\sm_crash.log

===== [loading] Process start: PID=6660 at 2026-09-21 10:40:48.732307 =====
2026-09-21 10:40:48,732 - [loading] - INFO - Không tìm thấy lock file cũ -> phiên chạy trước (nếu có) đã thoát sạch.
2026-09-21 10:40:48,733 - [loading] - INFO - Watchdog initialized. PID=6660 log_file=c:\Users\automation02\Desktop\GUI\Strike_Machine\GUI_Strike_Machine\sm_crash.log
2026-09-21 10:40:56,708 - [loading] - INFO - CLEAN_EXIT được đánh dấu. Detail: loading window event loop returned exit_code=0
2026-09-21 10:40:56,721 - [loading] - INFO - CLEAN_EXIT xác nhận qua atexit.
Windows fatal exception: code 0x8001010d

Thread 0x00003bcc [Thread-7 (_fetch)] (most recent call first):
  File "c:\Users\automation02\Desktop\GUI\Strike_Machine\GUI_Strike_Machine\source_edited.py", line 2202 in _fetch
  File "C:\Users\automation02\AppData\Local\Python\pythoncore-3.14-64\Lib\threading.py", line 1024 in run
  File "C:\Users\automation02\AppData\Local\Python\pythoncore-3.14-64\Lib\threading.py", line 1082 in _bootstrap_inner
  File "C:\Users\automation02\AppData\Local\Python\pythoncore-3.14-64\Lib\threading.py", line 1044 in _bootstrap

Current thread 0x0000360c (most recent call first):
  File "c:\Users\automation02\Desktop\GUI\Strike_Machine\GUI_Strike_Machine\main_edited.py", line 328 in <module>

Current thread's C stack trace (most recent call first):
  <cannot get C stack on this system>
2026-09-21 10:41:26,070 - [main] - INFO - CLEAN_EXIT được đánh dấu. Detail: QApplication.aboutToQuit fired
2026-09-21 10:41:26,071 - [main] - INFO - app.exec() returned exit_code=0
2026-09-21 10:41:26,223 - [main] - INFO - CLEAN_EXIT xác nhận qua atexit.

===== [main] Process start: PID=11376 at 2026-09-21 10:42:13.581785 =====
2026-09-21 10:42:13,582 - [main] - INFO - Không tìm thấy lock file cũ -> phiên chạy trước (nếu có) đã thoát sạch.
2026-09-21 10:42:13,583 - [main] - INFO - Watchdog initialized. PID=11376 log_file=c:\Users\automation02\Desktop\GUI\Strike_Machine\GUI_Strike_Machine\sm_crash.log

===== [loading] Process start: PID=10064 at 2026-09-21 10:42:14.041306 =====
2026-09-21 10:42:14,042 - [loading] - INFO - Không tìm thấy lock file cũ -> phiên chạy trước (nếu có) đã thoát sạch.
2026-09-21 10:42:14,044 - [loading] - INFO - Watchdog initialized. PID=10064 log_file=c:\Users\automation02\Desktop\GUI\Strike_Machine\GUI_Strike_Machine\sm_crash.log
Windows fatal exception: code 0x8001010d

Current thread 0x000053d0 (most recent call first):
  File "c:\Users\automation02\Desktop\GUI\Strike_Machine\GUI_Strike_Machine\main_edited.py", line 200 in <module>

Current thread's C stack trace (most recent call first):
  <cannot get C stack on this system>
2026-09-21 10:42:22,422 - [loading] - INFO - CLEAN_EXIT được đánh dấu. Detail: loading window event loop returned exit_code=0
2026-09-21 10:42:22,430 - [loading] - INFO - CLEAN_EXIT xác nhận qua atexit.
Windows fatal exception: code 0x8001010d

Thread 0x000053d4 [Thread-7 (_fetch)] (most recent call first):
  File "c:\Users\automation02\Desktop\GUI\Strike_Machine\GUI_Strike_Machine\source_edited.py", line 2202 in _fetch
  File "C:\Users\automation02\AppData\Local\Python\pythoncore-3.14-64\Lib\threading.py", line 1024 in run
  File "C:\Users\automation02\AppData\Local\Python\pythoncore-3.14-64\Lib\threading.py", line 1082 in _bootstrap_inner
  File "C:\Users\automation02\AppData\Local\Python\pythoncore-3.14-64\Lib\threading.py", line 1044 in _bootstrap

Current thread 0x00002c10 (most recent call first):
  File "c:\Users\automation02\Desktop\GUI\Strike_Machine\GUI_Strike_Machine\main_edited.py", line 328 in <module>

Current thread's C stack trace (most recent call first):
  <cannot get C stack on this system>
2026-09-21 11:05:39,353 - [main] - INFO - CLEAN_EXIT được đánh dấu. Detail: QApplication.aboutToQuit fired
2026-09-21 11:05:39,354 - [main] - INFO - app.exec() returned exit_code=0
2026-09-21 11:05:39,420 - [main] - INFO - CLEAN_EXIT xác nhận qua atexit.

===== [main] Process start: PID=20856 at 2026-09-21 11:12:27.726988 =====
2026-09-21 11:12:27,727 - [main] - INFO - Không tìm thấy lock file cũ -> phiên chạy trước (nếu có) đã thoát sạch.
2026-09-21 11:12:27,728 - [main] - INFO - Watchdog initialized. PID=20856 log_file=c:\Users\automation02\Desktop\GUI\Strike_Machine\GUI_Strike_Machine\sm_crash.log

===== [loading] Process start: PID=17000 at 2026-09-21 11:12:28.212768 =====
2026-09-21 11:12:28,213 - [loading] - INFO - Không tìm thấy lock file cũ -> phiên chạy trước (nếu có) đã thoát sạch.
2026-09-21 11:12:28,214 - [loading] - INFO - Watchdog initialized. PID=17000 log_file=c:\Users\automation02\Desktop\GUI\Strike_Machine\GUI_Strike_Machine\sm_crash.log
Windows fatal exception: code 0x8001010d

Current thread 0x00004410 (most recent call first):
  File "c:\Users\automation02\Desktop\GUI\Strike_Machine\GUI_Strike_Machine\main_edited.py", line 200 in <module>

Current thread's C stack trace (most recent call first):
  <cannot get C stack on this system>
2026-09-21 11:12:36,397 - [loading] - INFO - CLEAN_EXIT được đánh dấu. Detail: loading window event loop returned exit_code=0
2026-09-21 11:12:36,410 - [loading] - INFO - CLEAN_EXIT xác nhận qua atexit.
Windows fatal exception: code 0x8001010d

Thread 0x00004c7c [Thread-7 (_fetch)] (most recent call first):
  File "c:\Users\automation02\Desktop\GUI\Strike_Machine\GUI_Strike_Machine\source_edited.py", line 2192 in _fetch
  File "C:\Users\automation02\AppData\Local\Python\pythoncore-3.14-64\Lib\threading.py", line 1024 in run
  File "C:\Users\automation02\AppData\Local\Python\pythoncore-3.14-64\Lib\threading.py", line 1082 in _bootstrap_inner
  File "C:\Users\automation02\AppData\Local\Python\pythoncore-3.14-64\Lib\threading.py", line 1044 in _bootstrap

Current thread 0x000052f4 (most recent call first):
  File "c:\Users\automation02\Desktop\GUI\Strike_Machine\GUI_Strike_Machine\main_edited.py", line 328 in <module>

Current thread's C stack trace (most recent call first):
  <cannot get C stack on this system>
2026-09-21 11:15:39,235 - [main] - INFO - CLEAN_EXIT được đánh dấu. Detail: QApplication.aboutToQuit fired
2026-09-21 11:15:39,235 - [main] - INFO - app.exec() returned exit_code=0
2026-09-21 11:15:39,308 - [main] - INFO - CLEAN_EXIT xác nhận qua atexit.

===== [main] Process start: PID=3640 at 2026-09-21 11:15:44.765752 =====
2026-09-21 11:15:44,765 - [main] - INFO - Không tìm thấy lock file cũ -> phiên chạy trước (nếu có) đã thoát sạch.
2026-09-21 11:15:44,766 - [main] - INFO - Watchdog initialized. PID=3640 log_file=c:\Users\automation02\Desktop\GUI\Strike_Machine\GUI_Strike_Machine\sm_crash.log

===== [loading] Process start: PID=18744 at 2026-09-21 11:15:45.101372 =====
2026-09-21 11:15:45,101 - [loading] - INFO - Không tìm thấy lock file cũ -> phiên chạy trước (nếu có) đã thoát sạch.
2026-09-21 11:15:45,102 - [loading] - INFO - Watchdog initialized. PID=18744 log_file=c:\Users\automation02\Desktop\GUI\Strike_Machine\GUI_Strike_Machine\sm_crash.log
Windows fatal exception: code 0x8001010d

Current thread 0x00002c3c (most recent call first):
  File "c:\Users\automation02\Desktop\GUI\Strike_Machine\GUI_Strike_Machine\main_edited.py", line 200 in <module>

Current thread's C stack trace (most recent call first):
  <cannot get C stack on this system>
2026-09-21 11:15:50,985 - [loading] - INFO - CLEAN_EXIT được đánh dấu. Detail: loading window event loop returned exit_code=0
2026-09-21 11:15:51,000 - [loading] - INFO - CLEAN_EXIT xác nhận qua atexit.
Windows fatal exception: code 0x8001010d

Thread 0x000051d0 [QThread] (most recent call first):
  File "C:\Users\automation02\Desktop\GUI\Strike_Machine\GUI_Strike_Machine\.venv\Lib\site-packages\snap7\connection.py", line 458 in _recv_exact
  File "C:\Users\automation02\Desktop\GUI\Strike_Machine\GUI_Strike_Machine\.venv\Lib\site-packages\snap7\connection.py", line 204 in receive_data
  File "C:\Users\automation02\Desktop\GUI\Strike_Machine\GUI_Strike_Machine\.venv\Lib\site-packages\snap7\client.py", line 404 in _send_receive
  File "C:\Users\automation02\Desktop\GUI\Strike_Machine\GUI_Strike_Machine\.venv\Lib\site-packages\snap7\client.py", line 434 in _send_receive_with_reconnect
  File "C:\Users\automation02\Desktop\GUI\Strike_Machine\GUI_Strike_Machine\.venv\Lib\site-packages\snap7\client.py", line 987 in read_area
  File "C:\Users\automation02\Desktop\GUI\Strike_Machine\GUI_Strike_Machine\.venv\Lib\site-packages\snap7\client.py", line 867 in db_read
  File "c:\Users\automation02\Desktop\GUI\Strike_Machine\GUI_Strike_Machine\PLC_READ_MODULE.py", line 258 in _poll

Thread 0x00003050 [Thread-7 (_fetch)] (most recent call first):
  File "c:\Users\automation02\Desktop\GUI\Strike_Machine\GUI_Strike_Machine\source_edited.py", line 2202 in _fetch
  File "C:\Users\automation02\AppData\Local\Python\pythoncore-3.14-64\Lib\threading.py", line 1024 in run
  File "C:\Users\automation02\AppData\Local\Python\pythoncore-3.14-64\Lib\threading.py", line 1082 in _bootstrap_inner
  File "C:\Users\automation02\AppData\Local\Python\pythoncore-3.14-64\Lib\threading.py", line 1044 in _bootstrap

Current thread 0x000012a8 (most recent call first):
  File "c:\Users\automation02\Desktop\GUI\Strike_Machine\GUI_Strike_Machine\main_edited.py", line 328 in <module>

Current thread's C stack trace (most recent call first):
  <cannot get C stack on this system>
2026-09-21 11:18:47,514 - [main] - WARNING - OS_SIGNAL nhận được: SIGINT (2) -> app bị yêu cầu tắt từ bên ngoài (Task Manager, kill, logoff, tắt máy...).
2026-09-21 11:18:47,515 - [main] - INFO - CLEAN_EXIT được đánh dấu. Detail: terminated_by_signal=SIGINT

===== [main] Process start: PID=17924 at 2026-09-21 11:18:53.733619 =====
2026-09-21 11:18:53,742 - [main] - WARNING - PREVIOUS_SESSION_DID_NOT_EXIT_CLEANLY -> lần chạy trước có thể đã bị kill cứng (Task Manager 'End task', kill -9, mất điện, treo máy...). Thông tin phiên trước: pid=3640
started_at=2026-09-21T11:15:44.766032

2026-09-21 11:18:53,743 - [main] - INFO - Watchdog initialized. PID=17924 log_file=c:\Users\automation02\Desktop\GUI\Strike_Machine\GUI_Strike_Machine\sm_crash.log

===== [loading] Process start: PID=18744 at 2026-09-21 11:18:54.105155 =====
2026-09-21 11:18:54,105 - [loading] - INFO - Không tìm thấy lock file cũ -> phiên chạy trước (nếu có) đã thoát sạch.
2026-09-21 11:18:54,106 - [loading] - INFO - Watchdog initialized. PID=18744 log_file=c:\Users\automation02\Desktop\GUI\Strike_Machine\GUI_Strike_Machine\sm_crash.log
Windows fatal exception: code 0x8001010d

Current thread 0x00000af8 (most recent call first):
  File "c:\Users\automation02\Desktop\GUI\Strike_Machine\GUI_Strike_Machine\main_edited.py", line 200 in <module>

Current thread's C stack trace (most recent call first):
  <cannot get C stack on this system>
2026-09-21 11:18:59,862 - [loading] - INFO - CLEAN_EXIT được đánh dấu. Detail: loading window event loop returned exit_code=0
2026-09-21 11:18:59,874 - [loading] - INFO - CLEAN_EXIT xác nhận qua atexit.
Windows fatal exception: code 0x8001010d

Thread 0x000002e0 [Thread-7 (_fetch)] (most recent call first):
  File "c:\Users\automation02\Desktop\GUI\Strike_Machine\GUI_Strike_Machine\source_edited.py", line 2202 in _fetch
  File "C:\Users\automation02\AppData\Local\Python\pythoncore-3.14-64\Lib\threading.py", line 1024 in run
  File "C:\Users\automation02\AppData\Local\Python\pythoncore-3.14-64\Lib\threading.py", line 1082 in _bootstrap_inner
  File "C:\Users\automation02\AppData\Local\Python\pythoncore-3.14-64\Lib\threading.py", line 1044 in _bootstrap

Current thread 0x000009e4 (most recent call first):
  File "c:\Users\automation02\Desktop\GUI\Strike_Machine\GUI_Strike_Machine\main_edited.py", line 328 in <module>

Current thread's C stack trace (most recent call first):
  <cannot get C stack on this system>
2026-09-21 11:34:03,616 - [main] - WARNING - OS_SIGNAL nhận được: SIGINT (2) -> app bị yêu cầu tắt từ bên ngoài (Task Manager, kill, logoff, tắt máy...).
2026-09-21 11:34:03,617 - [main] - INFO - CLEAN_EXIT được đánh dấu. Detail: terminated_by_signal=SIGINT

===== [main] Process start: PID=19812 at 2026-09-21 11:34:07.669200 =====
2026-09-21 11:34:07,677 - [main] - WARNING - PREVIOUS_SESSION_DID_NOT_EXIT_CLEANLY -> lần chạy trước có thể đã bị kill cứng (Task Manager 'End task', kill -9, mất điện, treo máy...). Thông tin phiên trước: pid=17924
started_at=2026-09-21T11:18:53.742962

2026-09-21 11:34:07,677 - [main] - INFO - Watchdog initialized. PID=19812 log_file=c:\Users\automation02\Desktop\GUI\Strike_Machine\GUI_Strike_Machine\sm_crash.log

===== [loading] Process start: PID=2836 at 2026-09-21 11:34:08.035542 =====
2026-09-21 11:34:08,035 - [loading] - INFO - Không tìm thấy lock file cũ -> phiên chạy trước (nếu có) đã thoát sạch.
2026-09-21 11:34:08,036 - [loading] - INFO - Watchdog initialized. PID=2836 log_file=c:\Users\automation02\Desktop\GUI\Strike_Machine\GUI_Strike_Machine\sm_crash.log
Windows fatal exception: code 0x8001010d

Current thread 0x00002654 (most recent call first):
  File "c:\Users\automation02\Desktop\GUI\Strike_Machine\GUI_Strike_Machine\main_edited.py", line 200 in <module>

Current thread's C stack trace (most recent call first):
  <cannot get C stack on this system>
2026-09-21 11:34:14,101 - [loading] - INFO - CLEAN_EXIT được đánh dấu. Detail: loading window event loop returned exit_code=0
2026-09-21 11:34:14,112 - [loading] - INFO - CLEAN_EXIT xác nhận qua atexit.
Windows fatal exception: code 0x8001010d

Thread 0x00003720 [QThread] (most recent call first):
  File "C:\Users\automation02\Desktop\GUI\Strike_Machine\GUI_Strike_Machine\.venv\Lib\site-packages\snap7\connection.py", line 458 in _recv_exact
  File "C:\Users\automation02\Desktop\GUI\Strike_Machine\GUI_Strike_Machine\.venv\Lib\site-packages\snap7\connection.py", line 204 in receive_data
  File "C:\Users\automation02\Desktop\GUI\Strike_Machine\GUI_Strike_Machine\.venv\Lib\site-packages\snap7\client.py", line 404 in _send_receive
  File "C:\Users\automation02\Desktop\GUI\Strike_Machine\GUI_Strike_Machine\.venv\Lib\site-packages\snap7\client.py", line 434 in _send_receive_with_reconnect
  File "C:\Users\automation02\Desktop\GUI\Strike_Machine\GUI_Strike_Machine\.venv\Lib\site-packages\snap7\client.py", line 987 in read_area
  File "C:\Users\automation02\Desktop\GUI\Strike_Machine\GUI_Strike_Machine\.venv\Lib\site-packages\snap7\client.py", line 867 in db_read
  File "c:\Users\automation02\Desktop\GUI\Strike_Machine\GUI_Strike_Machine\PLC_READ_MODULE.py", line 258 in _poll

Thread 0x00001514 [Thread-7 (_fetch)] (most recent call first):
  File "c:\Users\automation02\Desktop\GUI\Strike_Machine\GUI_Strike_Machine\source_edited.py", line 2202 in _fetch
  File "C:\Users\automation02\AppData\Local\Python\pythoncore-3.14-64\Lib\threading.py", line 1024 in run
  File "C:\Users\automation02\AppData\Local\Python\pythoncore-3.14-64\Lib\threading.py", line 1082 in _bootstrap_inner
  File "C:\Users\automation02\AppData\Local\Python\pythoncore-3.14-64\Lib\threading.py", line 1044 in _bootstrap

Current thread 0x00001e00 (most recent call first):
  File "c:\Users\automation02\Desktop\GUI\Strike_Machine\GUI_Strike_Machine\main_edited.py", line 328 in <module>

Current thread's C stack trace (most recent call first):
  <cannot get C stack on this system>
2026-09-21 11:40:18,330 - [main] - INFO - CLEAN_EXIT được đánh dấu. Detail: QApplication.aboutToQuit fired
2026-09-21 11:40:18,331 - [main] - INFO - app.exec() returned exit_code=0
2026-09-21 11:40:18,444 - [main] - INFO - CLEAN_EXIT xác nhận qua atexit.

===== [main] Process start: PID=20568 at 2026-09-21 11:45:26.994686 =====
2026-09-21 11:45:26,995 - [main] - INFO - Không tìm thấy lock file cũ -> phiên chạy trước (nếu có) đã thoát sạch.
2026-09-21 11:45:26,996 - [main] - INFO - Watchdog initialized. PID=20568 log_file=c:\Users\automation02\Desktop\GUI\Strike_Machine\GUI_Strike_Machine\sm_crash.log

===== [loading] Process start: PID=11304 at 2026-09-21 11:45:27.421639 =====
2026-09-21 11:45:27,421 - [loading] - INFO - Không tìm thấy lock file cũ -> phiên chạy trước (nếu có) đã thoát sạch.
2026-09-21 11:45:27,422 - [loading] - INFO - Watchdog initialized. PID=11304 log_file=c:\Users\automation02\Desktop\GUI\Strike_Machine\GUI_Strike_Machine\sm_crash.log
Windows fatal exception: code 0x8001010d

Current thread 0x00003cb8 (most recent call first):
  File "c:\Users\automation02\Desktop\GUI\Strike_Machine\GUI_Strike_Machine\main_edited.py", line 200 in <module>

Current thread's C stack trace (most recent call first):
  <cannot get C stack on this system>
2026-09-21 11:45:33,388 - [loading] - INFO - CLEAN_EXIT được đánh dấu. Detail: loading window event loop returned exit_code=0
2026-09-21 11:45:33,406 - [loading] - INFO - CLEAN_EXIT xác nhận qua atexit.
Windows fatal exception: code 0x8001010d

Thread 0x000052e8 [Thread-7 (_fetch)] (most recent call first):
  File "c:\Users\automation02\Desktop\GUI\Strike_Machine\GUI_Strike_Machine\source_edited.py", line 2202 in _fetch
  File "C:\Users\automation02\AppData\Local\Python\pythoncore-3.14-64\Lib\threading.py", line 1024 in run
  File "C:\Users\automation02\AppData\Local\Python\pythoncore-3.14-64\Lib\threading.py", line 1082 in _bootstrap_inner
  File "C:\Users\automation02\AppData\Local\Python\pythoncore-3.14-64\Lib\threading.py", line 1044 in _bootstrap

Current thread 0x00003500 (most recent call first):
  File "c:\Users\automation02\Desktop\GUI\Strike_Machine\GUI_Strike_Machine\main_edited.py", line 328 in <module>

Current thread's C stack trace (most recent call first):
  <cannot get C stack on this system>
2026-09-21 11:52:13,865 - [main] - INFO - CLEAN_EXIT được đánh dấu. Detail: QApplication.aboutToQuit fired
2026-09-21 11:52:13,866 - [main] - INFO - app.exec() returned exit_code=0
2026-09-21 11:52:13,976 - [main] - INFO - CLEAN_EXIT xác nhận qua atexit.

===== [main] Process start: PID=21024 at 2026-09-21 11:53:12.215309 =====
2026-09-21 11:53:12,215 - [main] - INFO - Không tìm thấy lock file cũ -> phiên chạy trước (nếu có) đã thoát sạch.
2026-09-21 11:53:12,216 - [main] - INFO - Watchdog initialized. PID=21024 log_file=c:\Users\automation02\Desktop\GUI\Strike_Machine\GUI_Strike_Machine\sm_crash.log

===== [loading] Process start: PID=14468 at 2026-09-21 11:53:12.579169 =====
2026-09-21 11:53:12,579 - [loading] - INFO - Không tìm thấy lock file cũ -> phiên chạy trước (nếu có) đã thoát sạch.
2026-09-21 11:53:12,580 - [loading] - INFO - Watchdog initialized. PID=14468 log_file=c:\Users\automation02\Desktop\GUI\Strike_Machine\GUI_Strike_Machine\sm_crash.log
Windows fatal exception: code 0x8001010d

Current thread 0x00005388 (most recent call first):
  File "c:\Users\automation02\Desktop\GUI\Strike_Machine\GUI_Strike_Machine\main_edited.py", line 200 in <module>

Current thread's C stack trace (most recent call first):
  <cannot get C stack on this system>
2026-09-21 11:53:17,979 - [loading] - INFO - CLEAN_EXIT được đánh dấu. Detail: loading window event loop returned exit_code=0
2026-09-21 11:53:18,000 - [loading] - INFO - CLEAN_EXIT xác nhận qua atexit.
Windows fatal exception: code 0x8001010d

Thread 0x0000017c [Thread-7 (_fetch)] (most recent call first):
  File "c:\Users\automation02\Desktop\GUI\Strike_Machine\GUI_Strike_Machine\source_edited.py", line 2202 in _fetch
  File "C:\Users\automation02\AppData\Local\Python\pythoncore-3.14-64\Lib\threading.py", line 1024 in run
  File "C:\Users\automation02\AppData\Local\Python\pythoncore-3.14-64\Lib\threading.py", line 1082 in _bootstrap_inner
  File "C:\Users\automation02\AppData\Local\Python\pythoncore-3.14-64\Lib\threading.py", line 1044 in _bootstrap

Current thread 0x00002cf4 (most recent call first):
  File "c:\Users\automation02\Desktop\GUI\Strike_Machine\GUI_Strike_Machine\main_edited.py", line 328 in <module>

Current thread's C stack trace (most recent call first):
  <cannot get C stack on this system>
2026-09-21 11:53:36,517 - [main] - INFO - CLEAN_EXIT được đánh dấu. Detail: QApplication.aboutToQuit fired
2026-09-21 11:53:36,518 - [main] - INFO - app.exec() returned exit_code=0
2026-09-21 11:53:36,609 - [main] - INFO - CLEAN_EXIT xác nhận qua atexit.

===== [main] Process start: PID=15816 at 2026-09-21 11:54:31.862888 =====
2026-09-21 11:54:31,863 - [main] - INFO - Không tìm thấy lock file cũ -> phiên chạy trước (nếu có) đã thoát sạch.
2026-09-21 11:54:31,864 - [main] - INFO - Watchdog initialized. PID=15816 log_file=c:\Users\automation02\Desktop\GUI\Strike_Machine\GUI_Strike_Machine\sm_crash.log

===== [loading] Process start: PID=14368 at 2026-09-21 11:54:32.255276 =====
2026-09-21 11:54:32,255 - [loading] - INFO - Không tìm thấy lock file cũ -> phiên chạy trước (nếu có) đã thoát sạch.
2026-09-21 11:54:32,256 - [loading] - INFO - Watchdog initialized. PID=14368 log_file=c:\Users\automation02\Desktop\GUI\Strike_Machine\GUI_Strike_Machine\sm_crash.log
Windows fatal exception: code 0x8001010d

Current thread 0x00002150 (most recent call first):
  File "c:\Users\automation02\Desktop\GUI\Strike_Machine\GUI_Strike_Machine\main_edited.py", line 200 in <module>

Current thread's C stack trace (most recent call first):
  <cannot get C stack on this system>
2026-09-21 11:54:39,295 - [loading] - INFO - CLEAN_EXIT được đánh dấu. Detail: loading window event loop returned exit_code=0
2026-09-21 11:54:39,304 - [loading] - INFO - CLEAN_EXIT xác nhận qua atexit.
Windows fatal exception: code 0x8001010d

Thread 0x0000240c [Thread-7 (_fetch)] (most recent call first):
  File "c:\Users\automation02\Desktop\GUI\Strike_Machine\GUI_Strike_Machine\source_edited.py", line 2202 in _fetch
  File "C:\Users\automation02\AppData\Local\Python\pythoncore-3.14-64\Lib\threading.py", line 1024 in run
  File "C:\Users\automation02\AppData\Local\Python\pythoncore-3.14-64\Lib\threading.py", line 1082 in _bootstrap_inner
  File "C:\Users\automation02\AppData\Local\Python\pythoncore-3.14-64\Lib\threading.py", line 1044 in _bootstrap

Current thread 0x000039d0 (most recent call first):
  File "c:\Users\automation02\Desktop\GUI\Strike_Machine\GUI_Strike_Machine\main_edited.py", line 328 in <module>

Current thread's C stack trace (most recent call first):
  <cannot get C stack on this system>
2026-09-21 11:57:17,432 - [main] - INFO - CLEAN_EXIT được đánh dấu. Detail: QApplication.aboutToQuit fired
2026-09-21 11:57:17,433 - [main] - INFO - app.exec() returned exit_code=0
2026-09-21 11:57:17,556 - [main] - INFO - CLEAN_EXIT xác nhận qua atexit.

===== [main] Process start: PID=4776 at 2026-09-21 13:03:37.777185 =====
2026-09-21 13:03:37,777 - [main] - INFO - Không tìm thấy lock file cũ -> phiên chạy trước (nếu có) đã thoát sạch.
2026-09-21 13:03:37,778 - [main] - INFO - Watchdog initialized. PID=4776 log_file=c:\Users\automation02\Desktop\GUI\Strike_Machine\GUI_Strike_Machine\sm_crash.log

===== [loading] Process start: PID=832 at 2026-09-21 13:03:38.209147 =====
2026-09-21 13:03:38,209 - [loading] - INFO - Không tìm thấy lock file cũ -> phiên chạy trước (nếu có) đã thoát sạch.
2026-09-21 13:03:38,210 - [loading] - INFO - Watchdog initialized. PID=832 log_file=c:\Users\automation02\Desktop\GUI\Strike_Machine\GUI_Strike_Machine\sm_crash.log
Windows fatal exception: code 0x8001010d

Current thread 0x0000075c (most recent call first):
  File "c:\Users\automation02\Desktop\GUI\Strike_Machine\GUI_Strike_Machine\main_edited.py", line 200 in <module>

Current thread's C stack trace (most recent call first):
  <cannot get C stack on this system>
2026-09-21 13:03:47,591 - [loading] - INFO - CLEAN_EXIT được đánh dấu. Detail: loading window event loop returned exit_code=0
2026-09-21 13:03:47,598 - [loading] - INFO - CLEAN_EXIT xác nhận qua atexit.
Windows fatal exception: code 0x8001010d

Thread 0x00003a3c [Thread-8 (_fetch)] (most recent call first):
  File "c:\Users\automation02\Desktop\GUI\Strike_Machine\GUI_Strike_Machine\source_edited.py", line 2192 in _fetch
  File "C:\Users\automation02\AppData\Local\Python\pythoncore-3.14-64\Lib\threading.py", line 1024 in run
  File "C:\Users\automation02\AppData\Local\Python\pythoncore-3.14-64\Lib\threading.py", line 1082 in _bootstrap_inner
  File "C:\Users\automation02\AppData\Local\Python\pythoncore-3.14-64\Lib\threading.py", line 1044 in _bootstrap

Current thread 0x0000366c (most recent call first):
  File "c:\Users\automation02\Desktop\GUI\Strike_Machine\GUI_Strike_Machine\main_edited.py", line 328 in <module>

Current thread's C stack trace (most recent call first):
  <cannot get C stack on this system>
2026-09-21 13:09:26,936 - [main] - INFO - CLEAN_EXIT được đánh dấu. Detail: QApplication.aboutToQuit fired
2026-09-21 13:09:26,937 - [main] - INFO - app.exec() returned exit_code=0
2026-09-21 13:09:27,006 - [main] - INFO - CLEAN_EXIT xác nhận qua atexit.

===== [main] Process start: PID=15320 at 2026-09-21 13:13:36.518433 =====
2026-09-21 13:13:36,518 - [main] - INFO - Không tìm thấy lock file cũ -> phiên chạy trước (nếu có) đã thoát sạch.
2026-09-21 13:13:36,519 - [main] - INFO - Watchdog initialized. PID=15320 log_file=c:\Users\automation02\Desktop\GUI\Strike_Machine\GUI_Strike_Machine\sm_crash.log

===== [loading] Process start: PID=15884 at 2026-09-21 13:13:36.873205 =====
2026-09-21 13:13:36,873 - [loading] - INFO - Không tìm thấy lock file cũ -> phiên chạy trước (nếu có) đã thoát sạch.
2026-09-21 13:13:36,875 - [loading] - INFO - Watchdog initialized. PID=15884 log_file=c:\Users\automation02\Desktop\GUI\Strike_Machine\GUI_Strike_Machine\sm_crash.log
Windows fatal exception: code 0x8001010d

Current thread 0x000041e8 (most recent call first):
  File "c:\Users\automation02\Desktop\GUI\Strike_Machine\GUI_Strike_Machine\main_edited.py", line 200 in <module>

Current thread's C stack trace (most recent call first):
  <cannot get C stack on this system>
2026-09-21 13:13:43,643 - [loading] - INFO - CLEAN_EXIT được đánh dấu. Detail: loading window event loop returned exit_code=0
2026-09-21 13:13:43,662 - [loading] - INFO - CLEAN_EXIT xác nhận qua atexit.
Windows fatal exception: code 0x8001010d

Thread 0x00001a4c [Thread-7 (_fetch)] (most recent call first):
  File "c:\Users\automation02\Desktop\GUI\Strike_Machine\GUI_Strike_Machine\source_edited.py", line 2202 in _fetch
  File "C:\Users\automation02\AppData\Local\Python\pythoncore-3.14-64\Lib\threading.py", line 1024 in run
  File "C:\Users\automation02\AppData\Local\Python\pythoncore-3.14-64\Lib\threading.py", line 1082 in _bootstrap_inner
  File "C:\Users\automation02\AppData\Local\Python\pythoncore-3.14-64\Lib\threading.py", line 1044 in _bootstrap

Current thread 0x0000354c (most recent call first):
  File "c:\Users\automation02\Desktop\GUI\Strike_Machine\GUI_Strike_Machine\main_edited.py", line 328 in <module>

Current thread's C stack trace (most recent call first):
  <cannot get C stack on this system>
2026-09-21 13:19:52,418 - [main] - INFO - CLEAN_EXIT được đánh dấu. Detail: QApplication.aboutToQuit fired
2026-09-21 13:19:52,419 - [main] - INFO - app.exec() returned exit_code=0
2026-09-21 13:19:52,565 - [main] - INFO - CLEAN_EXIT xác nhận qua atexit.

===== [main] Process start: PID=9200 at 2026-09-21 13:39:02.097932 =====
2026-09-21 13:39:02,098 - [main] - INFO - Không tìm thấy lock file cũ -> phiên chạy trước (nếu có) đã thoát sạch.
2026-09-21 13:39:02,099 - [main] - INFO - Watchdog initialized. PID=9200 log_file=c:\Users\automation02\Desktop\GUI\Strike_Machine\GUI_Strike_Machine\sm_crash.log

===== [loading] Process start: PID=12460 at 2026-09-21 13:39:02.493487 =====
2026-09-21 13:39:02,493 - [loading] - INFO - Không tìm thấy lock file cũ -> phiên chạy trước (nếu có) đã thoát sạch.
2026-09-21 13:39:02,495 - [loading] - INFO - Watchdog initialized. PID=12460 log_file=c:\Users\automation02\Desktop\GUI\Strike_Machine\GUI_Strike_Machine\sm_crash.log
Windows fatal exception: code 0x8001010d

Current thread 0x00000020 (most recent call first):
  File "c:\Users\automation02\Desktop\GUI\Strike_Machine\GUI_Strike_Machine\main_edited.py", line 200 in <module>

Current thread's C stack trace (most recent call first):
  <cannot get C stack on this system>
2026-09-21 13:39:11,790 - [loading] - INFO - CLEAN_EXIT được đánh dấu. Detail: loading window event loop returned exit_code=0
2026-09-21 13:39:11,796 - [loading] - INFO - CLEAN_EXIT xác nhận qua atexit.
2026-09-21 13:39:11,856 - [main] - CRITICAL - STARTUP_EXCEPTION:
Traceback (most recent call last):
  File "c:\Users\automation02\Desktop\GUI\Strike_Machine\GUI_Strike_Machine\main_edited.py", line 300, in <module>
    window = StrikeMachine(**kwargs)  # type: ignore
  File "c:\Users\automation02\Desktop\GUI\Strike_Machine\GUI_Strike_Machine\source_edited.py", line 299, in __init__
    self._setup_btn_signals()
    ~~~~~~~~~~~~~~~~~~~~~~~^^
  File "c:\Users\automation02\Desktop\GUI\Strike_Machine\GUI_Strike_Machine\source_edited.py", line 1563, in _setup_btn_signals
    self.ui.heat_btn_t0.toggled.connect(lambda checked: self.heating_btn("T0", checked, self.ui.heat_btn_t0))
    ^^^^^^^^^^^^^^^^^^^
AttributeError: 'Ui_MainWindow' object has no attribute 'heat_btn_t0'

Windows fatal exception: code 0x8001010d

Current thread 0x000016d8 (most recent call first):
  File "c:\Users\automation02\Desktop\GUI\Strike_Machine\GUI_Strike_Machine\main_edited.py", line 319 in <module>

Current thread's C stack trace (most recent call first):
  <cannot get C stack on this system>
2026-09-21 13:39:46,918 - [main] - WARNING - Process kết thúc qua atexit nhưng KHÔNG có mark_clean_exit() nào được gọi trước đó -> có thể là crash không rõ nguyên nhân.

===== [main] Process start: PID=21264 at 2026-09-21 13:44:34.276855 =====
2026-09-21 13:44:34,277 - [main] - INFO - Không tìm thấy lock file cũ -> phiên chạy trước (nếu có) đã thoát sạch.
2026-09-21 13:44:34,278 - [main] - INFO - Watchdog initialized. PID=21264 log_file=c:\Users\automation02\Desktop\GUI\Strike_Machine\GUI_Strike_Machine\sm_crash.log

===== [loading] Process start: PID=19108 at 2026-09-21 13:44:34.773383 =====
2026-09-21 13:44:34,773 - [loading] - INFO - Không tìm thấy lock file cũ -> phiên chạy trước (nếu có) đã thoát sạch.
2026-09-21 13:44:34,776 - [loading] - INFO - Watchdog initialized. PID=19108 log_file=c:\Users\automation02\Desktop\GUI\Strike_Machine\GUI_Strike_Machine\sm_crash.log
Windows fatal exception: code 0x8001010d

Current thread 0x00001670 (most recent call first):
  File "c:\Users\automation02\Desktop\GUI\Strike_Machine\GUI_Strike_Machine\main_edited.py", line 200 in <module>

Current thread's C stack trace (most recent call first):
  <cannot get C stack on this system>
2026-09-21 13:44:41,474 - [loading] - INFO - CLEAN_EXIT được đánh dấu. Detail: loading window event loop returned exit_code=0
2026-09-21 13:44:41,495 - [loading] - INFO - CLEAN_EXIT xác nhận qua atexit.
Windows fatal exception: code 0x8001010d

Thread 0x00005178 [Thread-7 (_fetch)] (most recent call first):
  File "c:\Users\automation02\Desktop\GUI\Strike_Machine\GUI_Strike_Machine\source_edited.py", line 2207 in _fetch
  File "C:\Users\automation02\AppData\Local\Python\pythoncore-3.14-64\Lib\threading.py", line 1024 in run
  File "C:\Users\automation02\AppData\Local\Python\pythoncore-3.14-64\Lib\threading.py", line 1082 in _bootstrap_inner
  File "C:\Users\automation02\AppData\Local\Python\pythoncore-3.14-64\Lib\threading.py", line 1044 in _bootstrap

Current thread 0x00004370 (most recent call first):
  File "c:\Users\automation02\Desktop\GUI\Strike_Machine\GUI_Strike_Machine\main_edited.py", line 328 in <module>

Current thread's C stack trace (most recent call first):
  <cannot get C stack on this system>
2026-09-21 13:46:29,699 - [main] - INFO - CLEAN_EXIT được đánh dấu. Detail: QApplication.aboutToQuit fired
2026-09-21 13:46:29,699 - [main] - INFO - app.exec() returned exit_code=0
2026-09-21 13:46:29,799 - [main] - INFO - CLEAN_EXIT xác nhận qua atexit.

===== [main] Process start: PID=1640 at 2026-09-21 13:54:16.435270 =====
2026-09-21 13:54:16,435 - [main] - INFO - Không tìm thấy lock file cũ -> phiên chạy trước (nếu có) đã thoát sạch.
2026-09-21 13:54:16,436 - [main] - INFO - Watchdog initialized. PID=1640 log_file=c:\Users\automation02\Desktop\GUI\Strike_Machine\GUI_Strike_Machine\sm_crash.log

===== [loading] Process start: PID=5736 at 2026-09-21 13:54:16.773262 =====
2026-09-21 13:54:16,773 - [loading] - INFO - Không tìm thấy lock file cũ -> phiên chạy trước (nếu có) đã thoát sạch.
2026-09-21 13:54:16,774 - [loading] - INFO - Watchdog initialized. PID=5736 log_file=c:\Users\automation02\Desktop\GUI\Strike_Machine\GUI_Strike_Machine\sm_crash.log
Windows fatal exception: code 0x8001010d

Current thread 0x000042d0 (most recent call first):
  File "c:\Users\automation02\Desktop\GUI\Strike_Machine\GUI_Strike_Machine\main_edited.py", line 200 in <module>

Current thread's C stack trace (most recent call first):
  <cannot get C stack on this system>
2026-09-21 13:54:23,284 - [loading] - INFO - CLEAN_EXIT được đánh dấu. Detail: loading window event loop returned exit_code=0
2026-09-21 13:54:23,294 - [loading] - INFO - CLEAN_EXIT xác nhận qua atexit.
Windows fatal exception: code 0x8001010d

Thread 0x000052dc [Thread-7 (_fetch)] (most recent call first):
  File "c:\Users\automation02\Desktop\GUI\Strike_Machine\GUI_Strike_Machine\source_edited.py", line 2212 in _fetch
  File "C:\Users\automation02\AppData\Local\Python\pythoncore-3.14-64\Lib\threading.py", line 1024 in run
  File "C:\Users\automation02\AppData\Local\Python\pythoncore-3.14-64\Lib\threading.py", line 1082 in _bootstrap_inner
  File "C:\Users\automation02\AppData\Local\Python\pythoncore-3.14-64\Lib\threading.py", line 1044 in _bootstrap

Current thread 0x00001824 (most recent call first):
  File "c:\Users\automation02\Desktop\GUI\Strike_Machine\GUI_Strike_Machine\main_edited.py", line 328 in <module>

Current thread's C stack trace (most recent call first):
  <cannot get C stack on this system>
2026-09-21 13:57:35,683 - [main] - INFO - CLEAN_EXIT được đánh dấu. Detail: QApplication.aboutToQuit fired
2026-09-21 13:57:35,684 - [main] - INFO - app.exec() returned exit_code=0
2026-09-21 13:57:35,818 - [main] - INFO - CLEAN_EXIT xác nhận qua atexit.

===== [main] Process start: PID=13472 at 2026-09-21 13:57:37.423753 =====
2026-09-21 13:57:37,424 - [main] - INFO - Không tìm thấy lock file cũ -> phiên chạy trước (nếu có) đã thoát sạch.
2026-09-21 13:57:37,425 - [main] - INFO - Watchdog initialized. PID=13472 log_file=c:\Users\automation02\Desktop\GUI\Strike_Machine\GUI_Strike_Machine\sm_crash.log

===== [loading] Process start: PID=1476 at 2026-09-21 13:57:37.896845 =====
2026-09-21 13:57:37,897 - [loading] - INFO - Không tìm thấy lock file cũ -> phiên chạy trước (nếu có) đã thoát sạch.
2026-09-21 13:57:37,898 - [loading] - INFO - Watchdog initialized. PID=1476 log_file=c:\Users\automation02\Desktop\GUI\Strike_Machine\GUI_Strike_Machine\sm_crash.log
Windows fatal exception: code 0x8001010d

Current thread 0x00000b14 (most recent call first):
  File "c:\Users\automation02\Desktop\GUI\Strike_Machine\GUI_Strike_Machine\main_edited.py", line 200 in <module>

Current thread's C stack trace (most recent call first):
  <cannot get C stack on this system>
2026-09-21 13:57:44,931 - [loading] - INFO - CLEAN_EXIT được đánh dấu. Detail: loading window event loop returned exit_code=0
2026-09-21 13:57:44,946 - [loading] - INFO - CLEAN_EXIT xác nhận qua atexit.
Windows fatal exception: code 0x8001010d

Thread 0x00002a30 [QThread] (most recent call first):
  File "C:\Users\automation02\Desktop\GUI\Strike_Machine\GUI_Strike_Machine\.venv\Lib\site-packages\snap7\connection.py", line 458 in _recv_exact
  File "C:\Users\automation02\Desktop\GUI\Strike_Machine\GUI_Strike_Machine\.venv\Lib\site-packages\snap7\connection.py", line 204 in receive_data
  File "C:\Users\automation02\Desktop\GUI\Strike_Machine\GUI_Strike_Machine\.venv\Lib\site-packages\snap7\client.py", line 404 in _send_receive
  File "C:\Users\automation02\Desktop\GUI\Strike_Machine\GUI_Strike_Machine\.venv\Lib\site-packages\snap7\client.py", line 434 in _send_receive_with_reconnect
  File "C:\Users\automation02\Desktop\GUI\Strike_Machine\GUI_Strike_Machine\.venv\Lib\site-packages\snap7\client.py", line 987 in read_area
  File "C:\Users\automation02\Desktop\GUI\Strike_Machine\GUI_Strike_Machine\.venv\Lib\site-packages\snap7\client.py", line 867 in db_read
  File "c:\Users\automation02\Desktop\GUI\Strike_Machine\GUI_Strike_Machine\PLC_READ_MODULE.py", line 258 in _poll

Thread 0x00002464 [Thread-7 (_fetch)] (most recent call first):
  File "c:\Users\automation02\Desktop\GUI\Strike_Machine\GUI_Strike_Machine\source_edited.py", line 2212 in _fetch
  File "C:\Users\automation02\AppData\Local\Python\pythoncore-3.14-64\Lib\threading.py", line 1024 in run
  File "C:\Users\automation02\AppData\Local\Python\pythoncore-3.14-64\Lib\threading.py", line 1082 in _bootstrap_inner
  File "C:\Users\automation02\AppData\Local\Python\pythoncore-3.14-64\Lib\threading.py", line 1044 in _bootstrap

Current thread 0x00002050 (most recent call first):
  File "c:\Users\automation02\Desktop\GUI\Strike_Machine\GUI_Strike_Machine\main_edited.py", line 328 in <module>

Current thread's C stack trace (most recent call first):
  <cannot get C stack on this system>
2026-09-21 13:58:01,001 - [main] - INFO - CLEAN_EXIT được đánh dấu. Detail: QApplication.aboutToQuit fired
2026-09-21 13:58:01,002 - [main] - INFO - app.exec() returned exit_code=0
2026-09-21 13:58:01,126 - [main] - INFO - CLEAN_EXIT xác nhận qua atexit.

===== [main] Process start: PID=7332 at 2026-09-21 14:06:37.126936 =====
2026-09-21 14:06:37,127 - [main] - INFO - Không tìm thấy lock file cũ -> phiên chạy trước (nếu có) đã thoát sạch.
2026-09-21 14:06:37,129 - [main] - INFO - Watchdog initialized. PID=7332 log_file=c:\Users\automation02\Desktop\GUI\Strike_Machine\GUI_Strike_Machine\sm_crash.log

===== [loading] Process start: PID=20448 at 2026-09-21 14:06:37.530504 =====
2026-09-21 14:06:37,530 - [loading] - INFO - Không tìm thấy lock file cũ -> phiên chạy trước (nếu có) đã thoát sạch.
2026-09-21 14:06:37,531 - [loading] - INFO - Watchdog initialized. PID=20448 log_file=c:\Users\automation02\Desktop\GUI\Strike_Machine\GUI_Strike_Machine\sm_crash.log
Windows fatal exception: code 0x8001010d

Current thread 0x00003148 (most recent call first):
  File "c:\Users\automation02\Desktop\GUI\Strike_Machine\GUI_Strike_Machine\main_edited.py", line 200 in <module>

Current thread's C stack trace (most recent call first):
  <cannot get C stack on this system>
2026-09-21 14:06:44,810 - [loading] - INFO - CLEAN_EXIT được đánh dấu. Detail: loading window event loop returned exit_code=0
2026-09-21 14:06:44,827 - [loading] - INFO - CLEAN_EXIT xác nhận qua atexit.
Windows fatal exception: code 0x8001010d

Thread 0x00003cc0 [Thread-7 (_fetch)] (most recent call first):
  File "c:\Users\automation02\Desktop\GUI\Strike_Machine\GUI_Strike_Machine\source_edited.py", line 2212 in _fetch
  File "C:\Users\automation02\AppData\Local\Python\pythoncore-3.14-64\Lib\threading.py", line 1024 in run
  File "C:\Users\automation02\AppData\Local\Python\pythoncore-3.14-64\Lib\threading.py", line 1082 in _bootstrap_inner
  File "C:\Users\automation02\AppData\Local\Python\pythoncore-3.14-64\Lib\threading.py", line 1044 in _bootstrap

Current thread 0x00002584 (most recent call first):
  File "c:\Users\automation02\Desktop\GUI\Strike_Machine\GUI_Strike_Machine\main_edited.py", line 328 in <module>

Current thread's C stack trace (most recent call first):
  <cannot get C stack on this system>
2026-09-21 14:07:01,643 - [main] - INFO - CLEAN_EXIT được đánh dấu. Detail: QApplication.aboutToQuit fired
2026-09-21 14:07:01,644 - [main] - INFO - app.exec() returned exit_code=0
2026-09-21 14:07:01,777 - [main] - INFO - CLEAN_EXIT xác nhận qua atexit.

===== [main] Process start: PID=21344 at 2026-09-21 14:07:22.550519 =====
2026-09-21 14:07:22,550 - [main] - INFO - Không tìm thấy lock file cũ -> phiên chạy trước (nếu có) đã thoát sạch.
2026-09-21 14:07:22,551 - [main] - INFO - Watchdog initialized. PID=21344 log_file=c:\Users\automation02\Desktop\GUI\Strike_Machine\GUI_Strike_Machine\sm_crash.log

===== [loading] Process start: PID=18768 at 2026-09-21 14:07:22.957893 =====
2026-09-21 14:07:22,958 - [loading] - INFO - Không tìm thấy lock file cũ -> phiên chạy trước (nếu có) đã thoát sạch.
2026-09-21 14:07:22,960 - [loading] - INFO - Watchdog initialized. PID=18768 log_file=c:\Users\automation02\Desktop\GUI\Strike_Machine\GUI_Strike_Machine\sm_crash.log
Windows fatal exception: code 0x8001010d

Current thread 0x00004e28 (most recent call first):
  File "c:\Users\automation02\Desktop\GUI\Strike_Machine\GUI_Strike_Machine\main_edited.py", line 200 in <module>

Current thread's C stack trace (most recent call first):
  <cannot get C stack on this system>
2026-09-21 14:07:29,622 - [loading] - INFO - CLEAN_EXIT được đánh dấu. Detail: loading window event loop returned exit_code=0
2026-09-21 14:07:29,636 - [loading] - INFO - CLEAN_EXIT xác nhận qua atexit.
Windows fatal exception: code 0x8001010d

Thread 0x00003720 [Thread-7 (_fetch)] (most recent call first):
  File "c:\Users\automation02\Desktop\GUI\Strike_Machine\GUI_Strike_Machine\source_edited.py", line 2212 in _fetch
  File "C:\Users\automation02\AppData\Local\Python\pythoncore-3.14-64\Lib\threading.py", line 1024 in run
  File "C:\Users\automation02\AppData\Local\Python\pythoncore-3.14-64\Lib\threading.py", line 1082 in _bootstrap_inner
  File "C:\Users\automation02\AppData\Local\Python\pythoncore-3.14-64\Lib\threading.py", line 1044 in _bootstrap

Current thread 0x00004c64 (most recent call first):
  File "c:\Users\automation02\Desktop\GUI\Strike_Machine\GUI_Strike_Machine\main_edited.py", line 328 in <module>

Current thread's C stack trace (most recent call first):
  <cannot get C stack on this system>
2026-09-21 14:07:40,165 - [main] - INFO - CLEAN_EXIT được đánh dấu. Detail: QApplication.aboutToQuit fired
2026-09-21 14:07:40,165 - [main] - INFO - app.exec() returned exit_code=0
2026-09-21 14:07:40,293 - [main] - INFO - CLEAN_EXIT xác nhận qua atexit.

===== [main] Process start: PID=5652 at 2026-09-21 14:10:36.915828 =====
2026-09-21 14:10:36,916 - [main] - INFO - Không tìm thấy lock file cũ -> phiên chạy trước (nếu có) đã thoát sạch.
2026-09-21 14:10:36,917 - [main] - INFO - Watchdog initialized. PID=5652 log_file=c:\Users\automation02\Desktop\GUI\Strike_Machine\GUI_Strike_Machine\sm_crash.log

===== [loading] Process start: PID=20568 at 2026-09-21 14:10:37.461123 =====
2026-09-21 14:10:37,461 - [loading] - INFO - Không tìm thấy lock file cũ -> phiên chạy trước (nếu có) đã thoát sạch.
2026-09-21 14:10:37,463 - [loading] - INFO - Watchdog initialized. PID=20568 log_file=c:\Users\automation02\Desktop\GUI\Strike_Machine\GUI_Strike_Machine\sm_crash.log
Windows fatal exception: code 0x8001010d

Current thread 0x00005330 (most recent call first):
  File "c:\Users\automation02\Desktop\GUI\Strike_Machine\GUI_Strike_Machine\main_edited.py", line 200 in <module>

Current thread's C stack trace (most recent call first):
  <cannot get C stack on this system>
2026-09-21 14:10:44,240 - [loading] - INFO - CLEAN_EXIT được đánh dấu. Detail: loading window event loop returned exit_code=0
2026-09-21 14:10:44,257 - [loading] - INFO - CLEAN_EXIT xác nhận qua atexit.
Windows fatal exception: code 0x8001010d

Thread 0x00000d08 [Thread-7 (_fetch)] (most recent call first):
  File "c:\Users\automation02\Desktop\GUI\Strike_Machine\GUI_Strike_Machine\source_edited.py", line 2212 in _fetch
  File "C:\Users\automation02\AppData\Local\Python\pythoncore-3.14-64\Lib\threading.py", line 1024 in run
  File "C:\Users\automation02\AppData\Local\Python\pythoncore-3.14-64\Lib\threading.py", line 1082 in _bootstrap_inner
  File "C:\Users\automation02\AppData\Local\Python\pythoncore-3.14-64\Lib\threading.py", line 1044 in _bootstrap

Current thread 0x000012ac (most recent call first):
  File "c:\Users\automation02\Desktop\GUI\Strike_Machine\GUI_Strike_Machine\main_edited.py", line 328 in <module>

Current thread's C stack trace (most recent call first):
  <cannot get C stack on this system>
2026-09-21 14:10:51,060 - [main] - INFO - CLEAN_EXIT được đánh dấu. Detail: QApplication.aboutToQuit fired
2026-09-21 14:10:51,061 - [main] - INFO - app.exec() returned exit_code=0
2026-09-21 14:10:51,202 - [main] - INFO - CLEAN_EXIT xác nhận qua atexit.

===== [main] Process start: PID=14320 at 2026-09-21 14:20:31.644000 =====
2026-09-21 14:20:31,644 - [main] - INFO - Không tìm thấy lock file cũ -> phiên chạy trước (nếu có) đã thoát sạch.
2026-09-21 14:20:31,645 - [main] - INFO - Watchdog initialized. PID=14320 log_file=c:\Users\automation02\Desktop\GUI\Strike_Machine\GUI_Strike_Machine\sm_crash.log

===== [loading] Process start: PID=14972 at 2026-09-21 14:20:32.032648 =====
2026-09-21 14:20:32,032 - [loading] - INFO - Không tìm thấy lock file cũ -> phiên chạy trước (nếu có) đã thoát sạch.
2026-09-21 14:20:32,034 - [loading] - INFO - Watchdog initialized. PID=14972 log_file=c:\Users\automation02\Desktop\GUI\Strike_Machine\GUI_Strike_Machine\sm_crash.log
Windows fatal exception: code 0x8001010d

Current thread 0x0000143c (most recent call first):
  File "c:\Users\automation02\Desktop\GUI\Strike_Machine\GUI_Strike_Machine\main_edited.py", line 200 in <module>

Current thread's C stack trace (most recent call first):
  <cannot get C stack on this system>
2026-09-21 14:20:38,257 - [loading] - INFO - CLEAN_EXIT được đánh dấu. Detail: loading window event loop returned exit_code=0
2026-09-21 14:20:38,273 - [loading] - INFO - CLEAN_EXIT xác nhận qua atexit.
Windows fatal exception: code 0x8001010d

Thread 0x00003c0c [QThread] (most recent call first):
  File "C:\Users\automation02\Desktop\GUI\Strike_Machine\GUI_Strike_Machine\.venv\Lib\site-packages\snap7\connection.py", line 458 in _recv_exact
  File "C:\Users\automation02\Desktop\GUI\Strike_Machine\GUI_Strike_Machine\.venv\Lib\site-packages\snap7\connection.py", line 204 in receive_data
  File "C:\Users\automation02\Desktop\GUI\Strike_Machine\GUI_Strike_Machine\.venv\Lib\site-packages\snap7\client.py", line 404 in _send_receive
  File "C:\Users\automation02\Desktop\GUI\Strike_Machine\GUI_Strike_Machine\.venv\Lib\site-packages\snap7\client.py", line 434 in _send_receive_with_reconnect
  File "C:\Users\automation02\Desktop\GUI\Strike_Machine\GUI_Strike_Machine\.venv\Lib\site-packages\snap7\client.py", line 1054 in write_area
  File "C:\Users\automation02\Desktop\GUI\Strike_Machine\GUI_Strike_Machine\.venv\Lib\site-packages\snap7\client.py", line 884 in db_write
  File "c:\Users\automation02\Desktop\GUI\Strike_Machine\GUI_Strike_Machine\PLC_WRITE_MODULE.py", line 401 in _write_bool
  File "c:\Users\automation02\Desktop\GUI\Strike_Machine\GUI_Strike_Machine\PLC_WRITE_MODULE.py", line 371 in _dispatch
  File "c:\Users\automation02\Desktop\GUI\Strike_Machine\GUI_Strike_Machine\PLC_WRITE_MODULE.py", line 297 in _drain_queue

Thread 0x0000322c [Thread-7 (_fetch)] (most recent call first):
  File "c:\Users\automation02\Desktop\GUI\Strike_Machine\GUI_Strike_Machine\source_edited.py", line 2212 in _fetch
  File "C:\Users\automation02\AppData\Local\Python\pythoncore-3.14-64\Lib\threading.py", line 1024 in run
  File "C:\Users\automation02\AppData\Local\Python\pythoncore-3.14-64\Lib\threading.py", line 1082 in _bootstrap_inner
  File "C:\Users\automation02\AppData\Local\Python\pythoncore-3.14-64\Lib\threading.py", line 1044 in _bootstrap

Current thread 0x000012b4 (most recent call first):
  File "c:\Users\automation02\Desktop\GUI\Strike_Machine\GUI_Strike_Machine\main_edited.py", line 328 in <module>

Current thread's C stack trace (most recent call first):
  <cannot get C stack on this system>
2026-09-21 14:26:48,810 - [main] - WARNING - OS_SIGNAL nhận được: SIGINT (2) -> app bị yêu cầu tắt từ bên ngoài (Task Manager, kill, logoff, tắt máy...).
2026-09-21 14:26:48,810 - [main] - INFO - CLEAN_EXIT được đánh dấu. Detail: terminated_by_signal=SIGINT

===== [main] Process start: PID=15280 at 2026-09-21 14:27:00.830825 =====
2026-09-21 14:27:00,838 - [main] - WARNING - PREVIOUS_SESSION_DID_NOT_EXIT_CLEANLY -> lần chạy trước có thể đã bị kill cứng (Task Manager 'End task', kill -9, mất điện, treo máy...). Thông tin phiên trước: pid=14320
started_at=2026-09-21T14:20:31.645063

2026-09-21 14:27:00,839 - [main] - INFO - Watchdog initialized. PID=15280 log_file=c:\Users\automation02\Desktop\GUI\Strike_Machine\GUI_Strike_Machine\sm_crash.log

===== [loading] Process start: PID=18824 at 2026-09-21 14:27:01.163842 =====
2026-09-21 14:27:01,164 - [loading] - INFO - Không tìm thấy lock file cũ -> phiên chạy trước (nếu có) đã thoát sạch.
2026-09-21 14:27:01,165 - [loading] - INFO - Watchdog initialized. PID=18824 log_file=c:\Users\automation02\Desktop\GUI\Strike_Machine\GUI_Strike_Machine\sm_crash.log
Windows fatal exception: code 0x8001010d

Current thread 0x000016d0 (most recent call first):
  File "c:\Users\automation02\Desktop\GUI\Strike_Machine\GUI_Strike_Machine\main_edited.py", line 200 in <module>

Current thread's C stack trace (most recent call first):
  <cannot get C stack on this system>
2026-09-21 14:27:08,277 - [loading] - INFO - CLEAN_EXIT được đánh dấu. Detail: loading window event loop returned exit_code=0
2026-09-21 14:27:08,296 - [loading] - INFO - CLEAN_EXIT xác nhận qua atexit.
Windows fatal exception: code 0x8001010d

Thread 0x00004ef8 [Thread-7 (_fetch)] (most recent call first):
  File "c:\Users\automation02\Desktop\GUI\Strike_Machine\GUI_Strike_Machine\source_edited.py", line 2204 in _fetch
  File "C:\Users\automation02\AppData\Local\Python\pythoncore-3.14-64\Lib\threading.py", line 1024 in run
  File "C:\Users\automation02\AppData\Local\Python\pythoncore-3.14-64\Lib\threading.py", line 1082 in _bootstrap_inner
  File "C:\Users\automation02\AppData\Local\Python\pythoncore-3.14-64\Lib\threading.py", line 1044 in _bootstrap

Current thread 0x00001cd8 (most recent call first):
  File "c:\Users\automation02\Desktop\GUI\Strike_Machine\GUI_Strike_Machine\main_edited.py", line 328 in <module>

Current thread's C stack trace (most recent call first):
  <cannot get C stack on this system>
2026-09-21 14:27:21,572 - [main] - INFO - CLEAN_EXIT được đánh dấu. Detail: QApplication.aboutToQuit fired
2026-09-21 14:27:21,572 - [main] - INFO - app.exec() returned exit_code=0
2026-09-21 14:27:21,696 - [main] - INFO - CLEAN_EXIT xác nhận qua atexit.

===== [main] Process start: PID=15124 at 2026-09-21 14:27:26.938708 =====
2026-09-21 14:27:26,939 - [main] - INFO - Không tìm thấy lock file cũ -> phiên chạy trước (nếu có) đã thoát sạch.
2026-09-21 14:27:26,939 - [main] - INFO - Watchdog initialized. PID=15124 log_file=c:\Users\automation02\Desktop\GUI\Strike_Machine\GUI_Strike_Machine\sm_crash.log

===== [loading] Process start: PID=20568 at 2026-09-21 14:27:27.329332 =====
2026-09-21 14:27:27,329 - [loading] - INFO - Không tìm thấy lock file cũ -> phiên chạy trước (nếu có) đã thoát sạch.
2026-09-21 14:27:27,330 - [loading] - INFO - Watchdog initialized. PID=20568 log_file=c:\Users\automation02\Desktop\GUI\Strike_Machine\GUI_Strike_Machine\sm_crash.log
Windows fatal exception: code 0x8001010d

Current thread 0x00003a04 (most recent call first):
  File "c:\Users\automation02\Desktop\GUI\Strike_Machine\GUI_Strike_Machine\main_edited.py", line 200 in <module>

Current thread's C stack trace (most recent call first):
  <cannot get C stack on this system>
2026-09-21 14:27:33,231 - [loading] - INFO - CLEAN_EXIT được đánh dấu. Detail: loading window event loop returned exit_code=0
2026-09-21 14:27:33,248 - [loading] - INFO - CLEAN_EXIT xác nhận qua atexit.
Windows fatal exception: code 0x8001010d

Thread 0x0000240c [Thread-7 (_fetch)] (most recent call first):
  File "c:\Users\automation02\Desktop\GUI\Strike_Machine\GUI_Strike_Machine\source_edited.py", line 2214 in _fetch
  File "C:\Users\automation02\AppData\Local\Python\pythoncore-3.14-64\Lib\threading.py", line 1024 in run
  File "C:\Users\automation02\AppData\Local\Python\pythoncore-3.14-64\Lib\threading.py", line 1082 in _bootstrap_inner
  File "C:\Users\automation02\AppData\Local\Python\pythoncore-3.14-64\Lib\threading.py", line 1044 in _bootstrap

Current thread 0x00003ce0 (most recent call first):
  File "c:\Users\automation02\Desktop\GUI\Strike_Machine\GUI_Strike_Machine\main_edited.py", line 328 in <module>

Current thread's C stack trace (most recent call first):
  <cannot get C stack on this system>
2026-09-21 14:31:56,646 - [main] - WARNING - OS_SIGNAL nhận được: SIGINT (2) -> app bị yêu cầu tắt từ bên ngoài (Task Manager, kill, logoff, tắt máy...).
2026-09-21 14:31:56,646 - [main] - INFO - CLEAN_EXIT được đánh dấu. Detail: terminated_by_signal=SIGINT

===== [main] Process start: PID=10032 at 2026-09-21 14:32:02.189212 =====
2026-09-21 14:32:02,200 - [main] - WARNING - PREVIOUS_SESSION_DID_NOT_EXIT_CLEANLY -> lần chạy trước có thể đã bị kill cứng (Task Manager 'End task', kill -9, mất điện, treo máy...). Thông tin phiên trước: pid=15124
started_at=2026-09-21T14:27:26.939265

2026-09-21 14:32:02,201 - [main] - INFO - Watchdog initialized. PID=10032 log_file=c:\Users\automation02\Desktop\GUI\Strike_Machine\GUI_Strike_Machine\sm_crash.log

===== [loading] Process start: PID=20772 at 2026-09-21 14:32:02.672692 =====
2026-09-21 14:32:02,673 - [loading] - INFO - Không tìm thấy lock file cũ -> phiên chạy trước (nếu có) đã thoát sạch.
2026-09-21 14:32:02,674 - [loading] - INFO - Watchdog initialized. PID=20772 log_file=c:\Users\automation02\Desktop\GUI\Strike_Machine\GUI_Strike_Machine\sm_crash.log
2026-09-21 14:32:11,474 - [loading] - INFO - CLEAN_EXIT được đánh dấu. Detail: loading window event loop returned exit_code=0
2026-09-21 14:32:11,483 - [loading] - INFO - CLEAN_EXIT xác nhận qua atexit.
Windows fatal exception: code 0x8001010d

Thread 0x00000fc8 [Thread-7 (_fetch)] (most recent call first):
  File "c:\Users\automation02\Desktop\GUI\Strike_Machine\GUI_Strike_Machine\source_edited.py", line 2204 in _fetch
  File "C:\Users\automation02\AppData\Local\Python\pythoncore-3.14-64\Lib\threading.py", line 1024 in run
  File "C:\Users\automation02\AppData\Local\Python\pythoncore-3.14-64\Lib\threading.py", line 1082 in _bootstrap_inner
  File "C:\Users\automation02\AppData\Local\Python\pythoncore-3.14-64\Lib\threading.py", line 1044 in _bootstrap

Current thread 0x00001ee8 (most recent call first):
  File "c:\Users\automation02\Desktop\GUI\Strike_Machine\GUI_Strike_Machine\main_edited.py", line 328 in <module>

Current thread's C stack trace (most recent call first):
  <cannot get C stack on this system>
2026-09-21 14:34:04,055 - [main] - INFO - CLEAN_EXIT được đánh dấu. Detail: QApplication.aboutToQuit fired
2026-09-21 14:34:04,056 - [main] - INFO - app.exec() returned exit_code=0
2026-09-21 14:34:04,137 - [main] - INFO - CLEAN_EXIT xác nhận qua atexit.

===== [main] Process start: PID=20832 at 2026-09-21 14:34:55.649881 =====
2026-09-21 14:34:55,650 - [main] - INFO - Không tìm thấy lock file cũ -> phiên chạy trước (nếu có) đã thoát sạch.
2026-09-21 14:34:55,651 - [main] - INFO - Watchdog initialized. PID=20832 log_file=c:\Users\automation02\Desktop\GUI\Strike_Machine\GUI_Strike_Machine\sm_crash.log

===== [loading] Process start: PID=1620 at 2026-09-21 14:34:56.129984 =====
2026-09-21 14:34:56,130 - [loading] - INFO - Không tìm thấy lock file cũ -> phiên chạy trước (nếu có) đã thoát sạch.
2026-09-21 14:34:56,131 - [loading] - INFO - Watchdog initialized. PID=1620 log_file=c:\Users\automation02\Desktop\GUI\Strike_Machine\GUI_Strike_Machine\sm_crash.log
Windows fatal exception: code 0x8001010d

Current thread 0x00003334 (most recent call first):
  File "c:\Users\automation02\Desktop\GUI\Strike_Machine\GUI_Strike_Machine\main_edited.py", line 200 in <module>

Current thread's C stack trace (most recent call first):
  <cannot get C stack on this system>
2026-09-21 14:35:03,377 - [loading] - INFO - CLEAN_EXIT được đánh dấu. Detail: loading window event loop returned exit_code=0
2026-09-21 14:35:03,401 - [loading] - INFO - CLEAN_EXIT xác nhận qua atexit.
Windows fatal exception: code 0x8001010d

Thread 0x00001050 [Thread-7 (_fetch)] (most recent call first):
  File "c:\Users\automation02\Desktop\GUI\Strike_Machine\GUI_Strike_Machine\source_edited.py", line 2214 in _fetch
  File "C:\Users\automation02\AppData\Local\Python\pythoncore-3.14-64\Lib\threading.py", line 1024 in run
  File "C:\Users\automation02\AppData\Local\Python\pythoncore-3.14-64\Lib\threading.py", line 1082 in _bootstrap_inner
  File "C:\Users\automation02\AppData\Local\Python\pythoncore-3.14-64\Lib\threading.py", line 1044 in _bootstrap

Current thread 0x00005084 (most recent call first):
  File "c:\Users\automation02\Desktop\GUI\Strike_Machine\GUI_Strike_Machine\main_edited.py", line 328 in <module>

Current thread's C stack trace (most recent call first):
  <cannot get C stack on this system>
2026-09-21 14:48:25,021 - [main] - WARNING - OS_SIGNAL nhận được: SIGINT (2) -> app bị yêu cầu tắt từ bên ngoài (Task Manager, kill, logoff, tắt máy...).
2026-09-21 14:48:25,021 - [main] - INFO - CLEAN_EXIT được đánh dấu. Detail: terminated_by_signal=SIGINT

===== [main] Process start: PID=4528 at 2026-09-21 14:48:30.184746 =====
2026-09-21 14:48:30,193 - [main] - WARNING - PREVIOUS_SESSION_DID_NOT_EXIT_CLEANLY -> lần chạy trước có thể đã bị kill cứng (Task Manager 'End task', kill -9, mất điện, treo máy...). Thông tin phiên trước: pid=20832
started_at=2026-09-21T14:34:55.650746

2026-09-21 14:48:30,194 - [main] - INFO - Watchdog initialized. PID=4528 log_file=c:\Users\automation02\Desktop\GUI\Strike_Machine\GUI_Strike_Machine\sm_crash.log

===== [loading] Process start: PID=9196 at 2026-09-21 14:48:30.721040 =====
2026-09-21 14:48:30,721 - [loading] - INFO - Không tìm thấy lock file cũ -> phiên chạy trước (nếu có) đã thoát sạch.
2026-09-21 14:48:30,722 - [loading] - INFO - Watchdog initialized. PID=9196 log_file=c:\Users\automation02\Desktop\GUI\Strike_Machine\GUI_Strike_Machine\sm_crash.log
Windows fatal exception: code 0x8001010d

Current thread 0x00003510 (most recent call first):
  File "c:\Users\automation02\Desktop\GUI\Strike_Machine\GUI_Strike_Machine\main_edited.py", line 200 in <module>

Current thread's C stack trace (most recent call first):
  <cannot get C stack on this system>
2026-09-21 14:48:40,171 - [loading] - INFO - CLEAN_EXIT được đánh dấu. Detail: loading window event loop returned exit_code=0
2026-09-21 14:48:40,198 - [loading] - INFO - CLEAN_EXIT xác nhận qua atexit.
Windows fatal exception: code 0x8001010d

Thread 0x00000b3c [QThread] (most recent call first):
  File "C:\Users\automation02\Desktop\GUI\Strike_Machine\GUI_Strike_Machine\.venv\Lib\site-packages\snap7\connection.py", line 458 in _recv_exact
  File "C:\Users\automation02\Desktop\GUI\Strike_Machine\GUI_Strike_Machine\.venv\Lib\site-packages\snap7\connection.py", line 204 in receive_data
  File "C:\Users\automation02\Desktop\GUI\Strike_Machine\GUI_Strike_Machine\.venv\Lib\site-packages\snap7\client.py", line 404 in _send_receive
  File "C:\Users\automation02\Desktop\GUI\Strike_Machine\GUI_Strike_Machine\.venv\Lib\site-packages\snap7\client.py", line 434 in _send_receive_with_reconnect
  File "C:\Users\automation02\Desktop\GUI\Strike_Machine\GUI_Strike_Machine\.venv\Lib\site-packages\snap7\client.py", line 987 in read_area
  File "C:\Users\automation02\Desktop\GUI\Strike_Machine\GUI_Strike_Machine\.venv\Lib\site-packages\snap7\client.py", line 867 in db_read
  File "c:\Users\automation02\Desktop\GUI\Strike_Machine\GUI_Strike_Machine\PLC_READ_MODULE.py", line 258 in _poll

Thread 0x00005160 [Thread-7 (_fetch)] (most recent call first):
  File "c:\Users\automation02\Desktop\GUI\Strike_Machine\GUI_Strike_Machine\source_edited.py", line 2204 in _fetch
  File "C:\Users\automation02\AppData\Local\Python\pythoncore-3.14-64\Lib\threading.py", line 1024 in run
  File "C:\Users\automation02\AppData\Local\Python\pythoncore-3.14-64\Lib\threading.py", line 1082 in _bootstrap_inner
  File "C:\Users\automation02\AppData\Local\Python\pythoncore-3.14-64\Lib\threading.py", line 1044 in _bootstrap

Current thread 0x0000465c (most recent call first):
  File "c:\Users\automation02\Desktop\GUI\Strike_Machine\GUI_Strike_Machine\main_edited.py", line 328 in <module>

Current thread's C stack trace (most recent call first):
  <cannot get C stack on this system>
2026-09-21 14:50:13,753 - [main] - INFO - CLEAN_EXIT được đánh dấu. Detail: QApplication.aboutToQuit fired
2026-09-21 14:50:13,754 - [main] - INFO - app.exec() returned exit_code=0
2026-09-21 14:50:13,973 - [main] - INFO - CLEAN_EXIT xác nhận qua atexit.

===== [main] Process start: PID=4392 at 2026-09-21 14:50:40.889419 =====
2026-09-21 14:50:40,889 - [main] - INFO - Không tìm thấy lock file cũ -> phiên chạy trước (nếu có) đã thoát sạch.
2026-09-21 14:50:40,890 - [main] - INFO - Watchdog initialized. PID=4392 log_file=c:\Users\automation02\Desktop\GUI\Strike_Machine\GUI_Strike_Machine\sm_crash.log

===== [loading] Process start: PID=11252 at 2026-09-21 14:50:41.337753 =====
2026-09-21 14:50:41,338 - [loading] - INFO - Không tìm thấy lock file cũ -> phiên chạy trước (nếu có) đã thoát sạch.
2026-09-21 14:50:41,339 - [loading] - INFO - Watchdog initialized. PID=11252 log_file=c:\Users\automation02\Desktop\GUI\Strike_Machine\GUI_Strike_Machine\sm_crash.log
Windows fatal exception: code 0x8001010d

Current thread 0x00004fc8 (most recent call first):
  File "c:\Users\automation02\Desktop\GUI\Strike_Machine\GUI_Strike_Machine\main_edited.py", line 200 in <module>

Current thread's C stack trace (most recent call first):
  <cannot get C stack on this system>
2026-09-21 14:50:48,651 - [loading] - INFO - CLEAN_EXIT được đánh dấu. Detail: loading window event loop returned exit_code=0
2026-09-21 14:50:48,672 - [loading] - INFO - CLEAN_EXIT xác nhận qua atexit.
Windows fatal exception: code 0x8001010d

Thread 0x00000288 [Thread-7 (_fetch)] (most recent call first):
  File "c:\Users\automation02\Desktop\GUI\Strike_Machine\GUI_Strike_Machine\source_edited.py", line 2214 in _fetch
  File "C:\Users\automation02\AppData\Local\Python\pythoncore-3.14-64\Lib\threading.py", line 1024 in run
  File "C:\Users\automation02\AppData\Local\Python\pythoncore-3.14-64\Lib\threading.py", line 1082 in _bootstrap_inner
  File "C:\Users\automation02\AppData\Local\Python\pythoncore-3.14-64\Lib\threading.py", line 1044 in _bootstrap

Current thread 0x00000114 (most recent call first):
  File "c:\Users\automation02\Desktop\GUI\Strike_Machine\GUI_Strike_Machine\main_edited.py", line 328 in <module>

Current thread's C stack trace (most recent call first):
  <cannot get C stack on this system>
2026-09-21 15:07:45,326 - [main] - INFO - CLEAN_EXIT được đánh dấu. Detail: QApplication.aboutToQuit fired
2026-09-21 15:07:45,327 - [main] - INFO - app.exec() returned exit_code=0
2026-09-21 15:07:45,426 - [main] - INFO - CLEAN_EXIT xác nhận qua atexit.

===== [main] Process start: PID=4872 at 2026-09-21 15:19:15.357881 =====
2026-09-21 15:19:15,358 - [main] - INFO - Không tìm thấy lock file cũ -> phiên chạy trước (nếu có) đã thoát sạch.
2026-09-21 15:19:15,359 - [main] - INFO - Watchdog initialized. PID=4872 log_file=c:\Users\automation02\Desktop\GUI\Strike_Machine\GUI_Strike_Machine\sm_crash.log

===== [loading] Process start: PID=21228 at 2026-09-21 15:19:15.870135 =====
2026-09-21 15:19:15,870 - [loading] - INFO - Không tìm thấy lock file cũ -> phiên chạy trước (nếu có) đã thoát sạch.
2026-09-21 15:19:15,872 - [loading] - INFO - Watchdog initialized. PID=21228 log_file=c:\Users\automation02\Desktop\GUI\Strike_Machine\GUI_Strike_Machine\sm_crash.log
2026-09-21 15:19:23,892 - [loading] - INFO - CLEAN_EXIT được đánh dấu. Detail: loading window event loop returned exit_code=0
2026-09-21 15:19:23,913 - [loading] - INFO - CLEAN_EXIT xác nhận qua atexit.
Windows fatal exception: code 0x8001010d

Thread 0x000016ec [Thread-7 (_fetch)] (most recent call first):
  File "c:\Users\automation02\Desktop\GUI\Strike_Machine\GUI_Strike_Machine\source_edited.py", line 2214 in _fetch
  File "C:\Users\automation02\AppData\Local\Python\pythoncore-3.14-64\Lib\threading.py", line 1024 in run
  File "C:\Users\automation02\AppData\Local\Python\pythoncore-3.14-64\Lib\threading.py", line 1082 in _bootstrap_inner
  File "C:\Users\automation02\AppData\Local\Python\pythoncore-3.14-64\Lib\threading.py", line 1044 in _bootstrap

Current thread 0x00002c20 (most recent call first):
  File "c:\Users\automation02\Desktop\GUI\Strike_Machine\GUI_Strike_Machine\main_edited.py", line 328 in <module>

Current thread's C stack trace (most recent call first):
  <cannot get C stack on this system>
2026-09-21 15:43:38,041 - [main] - INFO - CLEAN_EXIT được đánh dấu. Detail: QApplication.aboutToQuit fired
2026-09-21 15:43:38,042 - [main] - INFO - app.exec() returned exit_code=0
2026-09-21 15:43:38,140 - [main] - INFO - CLEAN_EXIT xác nhận qua atexit.

===== [main] Process start: PID=13712 at 2026-09-21 15:43:41.709188 =====
2026-09-21 15:43:41,709 - [main] - INFO - Không tìm thấy lock file cũ -> phiên chạy trước (nếu có) đã thoát sạch.
2026-09-21 15:43:41,710 - [main] - INFO - Watchdog initialized. PID=13712 log_file=c:\Users\automation02\Desktop\GUI\Strike_Machine\GUI_Strike_Machine\sm_crash.log

===== [loading] Process start: PID=15052 at 2026-09-21 15:43:42.107991 =====
2026-09-21 15:43:42,108 - [loading] - INFO - Không tìm thấy lock file cũ -> phiên chạy trước (nếu có) đã thoát sạch.
2026-09-21 15:43:42,109 - [loading] - INFO - Watchdog initialized. PID=15052 log_file=c:\Users\automation02\Desktop\GUI\Strike_Machine\GUI_Strike_Machine\sm_crash.log
Windows fatal exception: code 0x8001010d

Current thread 0x00000c94 (most recent call first):
  File "c:\Users\automation02\Desktop\GUI\Strike_Machine\GUI_Strike_Machine\main_edited.py", line 200 in <module>

Current thread's C stack trace (most recent call first):
  <cannot get C stack on this system>
2026-09-21 15:43:49,651 - [loading] - INFO - CLEAN_EXIT được đánh dấu. Detail: loading window event loop returned exit_code=0
2026-09-21 15:43:49,670 - [loading] - INFO - CLEAN_EXIT xác nhận qua atexit.
Windows fatal exception: code 0x8001010d

Thread 0x00002710 [Thread-9 (_fetch)] (most recent call first):
  File "c:\Users\automation02\Desktop\GUI\Strike_Machine\GUI_Strike_Machine\source_edited.py", line 2214 in _fetch
  File "C:\Users\automation02\AppData\Local\Python\pythoncore-3.14-64\Lib\threading.py", line 1024 in run
  File "C:\Users\automation02\AppData\Local\Python\pythoncore-3.14-64\Lib\threading.py", line 1082 in _bootstrap_inner
  File "C:\Users\automation02\AppData\Local\Python\pythoncore-3.14-64\Lib\threading.py", line 1044 in _bootstrap

Current thread 0x0000066c (most recent call first):
  File "c:\Users\automation02\Desktop\GUI\Strike_Machine\GUI_Strike_Machine\main_edited.py", line 328 in <module>

Current thread's C stack trace (most recent call first):
  <cannot get C stack on this system>
2026-09-21 15:46:05,822 - [main] - INFO - CLEAN_EXIT được đánh dấu. Detail: QApplication.aboutToQuit fired
2026-09-21 15:46:05,823 - [main] - INFO - app.exec() returned exit_code=0
2026-09-21 15:46:05,944 - [main] - INFO - CLEAN_EXIT xác nhận qua atexit.

===== [main] Process start: PID=21484 at 2026-09-21 15:47:23.960947 =====
2026-09-21 15:47:23,961 - [main] - INFO - Không tìm thấy lock file cũ -> phiên chạy trước (nếu có) đã thoát sạch.
2026-09-21 15:47:23,962 - [main] - INFO - Watchdog initialized. PID=21484 log_file=c:\Users\automation02\Desktop\GUI\Strike_Machine\GUI_Strike_Machine\sm_crash.log

===== [loading] Process start: PID=21396 at 2026-09-21 15:47:24.415615 =====
2026-09-21 15:47:24,415 - [loading] - INFO - Không tìm thấy lock file cũ -> phiên chạy trước (nếu có) đã thoát sạch.
2026-09-21 15:47:24,418 - [loading] - INFO - Watchdog initialized. PID=21396 log_file=c:\Users\automation02\Desktop\GUI\Strike_Machine\GUI_Strike_Machine\sm_crash.log
2026-09-21 15:47:32,087 - [loading] - INFO - CLEAN_EXIT được đánh dấu. Detail: loading window event loop returned exit_code=0
2026-09-21 15:47:32,108 - [loading] - INFO - CLEAN_EXIT xác nhận qua atexit.
Windows fatal exception: code 0x8001010d

Thread 0x0000360c [QThread] (most recent call first):
  File "C:\Users\automation02\Desktop\GUI\Strike_Machine\GUI_Strike_Machine\.venv\Lib\site-packages\snap7\connection.py", line 458 in _recv_exact
  File "C:\Users\automation02\Desktop\GUI\Strike_Machine\GUI_Strike_Machine\.venv\Lib\site-packages\snap7\connection.py", line 204 in receive_data
  File "C:\Users\automation02\Desktop\GUI\Strike_Machine\GUI_Strike_Machine\.venv\Lib\site-packages\snap7\client.py", line 404 in _send_receive
  File "C:\Users\automation02\Desktop\GUI\Strike_Machine\GUI_Strike_Machine\.venv\Lib\site-packages\snap7\client.py", line 434 in _send_receive_with_reconnect
  File "C:\Users\automation02\Desktop\GUI\Strike_Machine\GUI_Strike_Machine\.venv\Lib\site-packages\snap7\client.py", line 987 in read_area
  File "C:\Users\automation02\Desktop\GUI\Strike_Machine\GUI_Strike_Machine\.venv\Lib\site-packages\snap7\client.py", line 867 in db_read
  File "c:\Users\automation02\Desktop\GUI\Strike_Machine\GUI_Strike_Machine\PLC_READ_MODULE.py", line 258 in _poll

Thread 0x00002ae0 [Thread-7 (_fetch)] (most recent call first):
  File "c:\Users\automation02\Desktop\GUI\Strike_Machine\GUI_Strike_Machine\source_edited.py", line 2214 in _fetch
  File "C:\Users\automation02\AppData\Local\Python\pythoncore-3.14-64\Lib\threading.py", line 1024 in run
  File "C:\Users\automation02\AppData\Local\Python\pythoncore-3.14-64\Lib\threading.py", line 1082 in _bootstrap_inner
  File "C:\Users\automation02\AppData\Local\Python\pythoncore-3.14-64\Lib\threading.py", line 1044 in _bootstrap

Current thread 0x00000368 (most recent call first):
  File "c:\Users\automation02\Desktop\GUI\Strike_Machine\GUI_Strike_Machine\main_edited.py", line 328 in <module>

Current thread's C stack trace (most recent call first):
  <cannot get C stack on this system>
2026-09-21 15:47:41,981 - [main] - INFO - CLEAN_EXIT được đánh dấu. Detail: QApplication.aboutToQuit fired
2026-09-21 15:47:41,982 - [main] - INFO - app.exec() returned exit_code=0
2026-09-21 15:47:42,089 - [main] - INFO - CLEAN_EXIT xác nhận qua atexit.

===== [main] Process start: PID=18720 at 2026-09-21 15:55:44.975130 =====
2026-09-21 15:55:44,976 - [main] - INFO - Không tìm thấy lock file cũ -> phiên chạy trước (nếu có) đã thoát sạch.
2026-09-21 15:55:44,977 - [main] - INFO - Watchdog initialized. PID=18720 log_file=c:\Users\automation02\Desktop\GUI\Strike_Machine\GUI_Strike_Machine\sm_crash.log

===== [loading] Process start: PID=2560 at 2026-09-21 15:55:45.365525 =====
2026-09-21 15:55:45,365 - [loading] - INFO - Không tìm thấy lock file cũ -> phiên chạy trước (nếu có) đã thoát sạch.
2026-09-21 15:55:45,367 - [loading] - INFO - Watchdog initialized. PID=2560 log_file=c:\Users\automation02\Desktop\GUI\Strike_Machine\GUI_Strike_Machine\sm_crash.log
Windows fatal exception: code 0x8001010d

Current thread 0x00002a30 (most recent call first):
  File "c:\Users\automation02\Desktop\GUI\Strike_Machine\GUI_Strike_Machine\main_edited.py", line 200 in <module>

Current thread's C stack trace (most recent call first):
  <cannot get C stack on this system>
2026-09-21 15:55:51,583 - [loading] - INFO - CLEAN_EXIT được đánh dấu. Detail: loading window event loop returned exit_code=0
2026-09-21 15:55:51,593 - [loading] - INFO - CLEAN_EXIT xác nhận qua atexit.
Windows fatal exception: code 0x8001010d

Thread 0x00003838 [QThread] (most recent call first):
  File "C:\Users\automation02\Desktop\GUI\Strike_Machine\GUI_Strike_Machine\.venv\Lib\site-packages\pymodbus\client\serial.py", line 292 in _wait_for_data
  File "C:\Users\automation02\Desktop\GUI\Strike_Machine\GUI_Strike_Machine\.venv\Lib\site-packages\pymodbus\client\serial.py", line 300 in recv
  File "C:\Users\automation02\Desktop\GUI\Strike_Machine\GUI_Strike_Machine\.venv\Lib\site-packages\pymodbus\transaction\transaction.py", line 89 in sync_get_response
  File "C:\Users\automation02\Desktop\GUI\Strike_Machine\GUI_Strike_Machine\.venv\Lib\site-packages\pymodbus\transaction\transaction.py", line 153 in sync_execute
  File "C:\Users\automation02\Desktop\GUI\Strike_Machine\GUI_Strike_Machine\.venv\Lib\site-packages\pymodbus\client\base.py", line 189 in execute
  File "C:\Users\automation02\Desktop\GUI\Strike_Machine\GUI_Strike_Machine\.venv\Lib\site-packages\pymodbus\client\mixin.py", line 162 in read_input_registers
  File "c:\Users\automation02\Desktop\GUI\Strike_Machine\GUI_Strike_Machine\SERIAL_READ_MODULE.py", line 444 in _read_input_registers
  File "c:\Users\automation02\Desktop\GUI\Strike_Machine\GUI_Strike_Machine\SERIAL_READ_MODULE.py", line 460 in _read_all
  File "c:\Users\automation02\Desktop\GUI\Strike_Machine\GUI_Strike_Machine\SERIAL_READ_MODULE.py", line 408 in _poll

Thread 0x00002ab4 [Thread-7 (_fetch)] (most recent call first):
  File "c:\Users\automation02\Desktop\GUI\Strike_Machine\GUI_Strike_Machine\source_edited.py", line 2214 in _fetch
  File "C:\Users\automation02\AppData\Local\Python\pythoncore-3.14-64\Lib\threading.py", line 1024 in run
  File "C:\Users\automation02\AppData\Local\Python\pythoncore-3.14-64\Lib\threading.py", line 1082 in _bootstrap_inner
  File "C:\Users\automation02\AppData\Local\Python\pythoncore-3.14-64\Lib\threading.py", line 1044 in _bootstrap

Current thread 0x00003c3c (most recent call first):
  File "c:\Users\automation02\Desktop\GUI\Strike_Machine\GUI_Strike_Machine\main_edited.py", line 328 in <module>

Current thread's C stack trace (most recent call first):
  <cannot get C stack on this system>
2026-09-21 15:56:19,575 - [main] - INFO - CLEAN_EXIT được đánh dấu. Detail: QApplication.aboutToQuit fired
2026-09-21 15:56:19,576 - [main] - INFO - app.exec() returned exit_code=0
2026-09-21 15:56:19,672 - [main] - INFO - CLEAN_EXIT xác nhận qua atexit.

===== [main] Process start: PID=16232 at 2026-09-21 15:58:11.797386 =====
2026-09-21 15:58:11,797 - [main] - INFO - Không tìm thấy lock file cũ -> phiên chạy trước (nếu có) đã thoát sạch.
2026-09-21 15:58:11,800 - [main] - INFO - Watchdog initialized. PID=16232 log_file=c:\Users\automation02\Desktop\GUI\Strike_Machine\GUI_Strike_Machine\sm_crash.log

===== [loading] Process start: PID=5860 at 2026-09-21 15:58:12.503170 =====
2026-09-21 15:58:12,503 - [loading] - INFO - Không tìm thấy lock file cũ -> phiên chạy trước (nếu có) đã thoát sạch.
2026-09-21 15:58:12,504 - [loading] - INFO - Watchdog initialized. PID=5860 log_file=c:\Users\automation02\Desktop\GUI\Strike_Machine\GUI_Strike_Machine\sm_crash.log
2026-09-21 15:58:19,140 - [loading] - INFO - CLEAN_EXIT được đánh dấu. Detail: loading window event loop returned exit_code=0
2026-09-21 15:58:19,152 - [loading] - INFO - CLEAN_EXIT xác nhận qua atexit.
Windows fatal exception: code 0x8001010d

Thread 0x0000525c [QThread] (most recent call first):
  File "C:\Users\automation02\Desktop\GUI\Strike_Machine\GUI_Strike_Machine\.venv\Lib\site-packages\pymodbus\client\serial.py", line 292 in _wait_for_data
  File "C:\Users\automation02\Desktop\GUI\Strike_Machine\GUI_Strike_Machine\.venv\Lib\site-packages\pymodbus\client\serial.py", line 300 in recv
  File "C:\Users\automation02\Desktop\GUI\Strike_Machine\GUI_Strike_Machine\.venv\Lib\site-packages\pymodbus\transaction\transaction.py", line 89 in sync_get_response
  File "C:\Users\automation02\Desktop\GUI\Strike_Machine\GUI_Strike_Machine\.venv\Lib\site-packages\pymodbus\transaction\transaction.py", line 153 in sync_execute
  File "C:\Users\automation02\Desktop\GUI\Strike_Machine\GUI_Strike_Machine\.venv\Lib\site-packages\pymodbus\client\base.py", line 189 in execute
  File "C:\Users\automation02\Desktop\GUI\Strike_Machine\GUI_Strike_Machine\.venv\Lib\site-packages\pymodbus\client\mixin.py", line 162 in read_input_registers
  File "c:\Users\automation02\Desktop\GUI\Strike_Machine\GUI_Strike_Machine\SERIAL_READ_MODULE.py", line 444 in _read_input_registers
  File "c:\Users\automation02\Desktop\GUI\Strike_Machine\GUI_Strike_Machine\SERIAL_READ_MODULE.py", line 460 in _read_all
  File "c:\Users\automation02\Desktop\GUI\Strike_Machine\GUI_Strike_Machine\SERIAL_READ_MODULE.py", line 408 in _poll

Thread 0x00002fd8 [Thread-8 (_fetch)] (most recent call first):
  File "c:\Users\automation02\Desktop\GUI\Strike_Machine\GUI_Strike_Machine\source_edited.py", line 2214 in _fetch
  File "C:\Users\automation02\AppData\Local\Python\pythoncore-3.14-64\Lib\threading.py", line 1024 in run
  File "C:\Users\automation02\AppData\Local\Python\pythoncore-3.14-64\Lib\threading.py", line 1082 in _bootstrap_inner
  File "C:\Users\automation02\AppData\Local\Python\pythoncore-3.14-64\Lib\threading.py", line 1044 in _bootstrap

Current thread 0x00004f3c (most recent call first):
  File "c:\Users\automation02\Desktop\GUI\Strike_Machine\GUI_Strike_Machine\main_edited.py", line 328 in <module>

Current thread's C stack trace (most recent call first):
  <cannot get C stack on this system>
2026-09-21 15:58:57,723 - [main] - INFO - CLEAN_EXIT được đánh dấu. Detail: QApplication.aboutToQuit fired
2026-09-21 15:58:57,724 - [main] - INFO - app.exec() returned exit_code=0
2026-09-21 15:58:57,801 - [main] - INFO - CLEAN_EXIT xác nhận qua atexit.

===== [main] Process start: PID=20216 at 2026-09-21 15:59:52.150859 =====
2026-09-21 15:59:52,151 - [main] - INFO - Không tìm thấy lock file cũ -> phiên chạy trước (nếu có) đã thoát sạch.
2026-09-21 15:59:52,152 - [main] - INFO - Watchdog initialized. PID=20216 log_file=c:\Users\automation02\Desktop\GUI\Strike_Machine\GUI_Strike_Machine\sm_crash.log

===== [loading] Process start: PID=18996 at 2026-09-21 15:59:52.505992 =====
2026-09-21 15:59:52,506 - [loading] - INFO - Không tìm thấy lock file cũ -> phiên chạy trước (nếu có) đã thoát sạch.
2026-09-21 15:59:52,507 - [loading] - INFO - Watchdog initialized. PID=18996 log_file=c:\Users\automation02\Desktop\GUI\Strike_Machine\GUI_Strike_Machine\sm_crash.log
Windows fatal exception: code 0x8001010d

Current thread 0x00004e00 (most recent call first):
  File "c:\Users\automation02\Desktop\GUI\Strike_Machine\GUI_Strike_Machine\main_edited.py", line 200 in <module>

Current thread's C stack trace (most recent call first):
  <cannot get C stack on this system>
2026-09-21 15:59:58,623 - [loading] - INFO - CLEAN_EXIT được đánh dấu. Detail: loading window event loop returned exit_code=0
2026-09-21 15:59:58,645 - [loading] - INFO - CLEAN_EXIT xác nhận qua atexit.
Windows fatal exception: code 0x8001010d

Thread 0x000025a4 [QThread] (most recent call first):
  File "C:\Users\automation02\Desktop\GUI\Strike_Machine\GUI_Strike_Machine\.venv\Lib\site-packages\pymodbus\client\serial.py", line 292 in _wait_for_data
  File "C:\Users\automation02\Desktop\GUI\Strike_Machine\GUI_Strike_Machine\.venv\Lib\site-packages\pymodbus\client\serial.py", line 300 in recv
  File "C:\Users\automation02\Desktop\GUI\Strike_Machine\GUI_Strike_Machine\.venv\Lib\site-packages\pymodbus\transaction\transaction.py", line 89 in sync_get_response
  File "C:\Users\automation02\Desktop\GUI\Strike_Machine\GUI_Strike_Machine\.venv\Lib\site-packages\pymodbus\transaction\transaction.py", line 153 in sync_execute
  File "C:\Users\automation02\Desktop\GUI\Strike_Machine\GUI_Strike_Machine\.venv\Lib\site-packages\pymodbus\client\base.py", line 189 in execute
  File "C:\Users\automation02\Desktop\GUI\Strike_Machine\GUI_Strike_Machine\.venv\Lib\site-packages\pymodbus\client\mixin.py", line 162 in read_input_registers
  File "c:\Users\automation02\Desktop\GUI\Strike_Machine\GUI_Strike_Machine\SERIAL_READ_MODULE.py", line 444 in _read_input_registers
  File "c:\Users\automation02\Desktop\GUI\Strike_Machine\GUI_Strike_Machine\SERIAL_READ_MODULE.py", line 460 in _read_all
  File "c:\Users\automation02\Desktop\GUI\Strike_Machine\GUI_Strike_Machine\SERIAL_READ_MODULE.py", line 408 in _poll

Thread 0x000029f8 [Thread-7 (_fetch)] (most recent call first):
  File "c:\Users\automation02\Desktop\GUI\Strike_Machine\GUI_Strike_Machine\source_edited.py", line 2214 in _fetch
  File "C:\Users\automation02\AppData\Local\Python\pythoncore-3.14-64\Lib\threading.py", line 1024 in run
  File "C:\Users\automation02\AppData\Local\Python\pythoncore-3.14-64\Lib\threading.py", line 1082 in _bootstrap_inner
  File "C:\Users\automation02\AppData\Local\Python\pythoncore-3.14-64\Lib\threading.py", line 1044 in _bootstrap

Current thread 0x00003504 (most recent call first):
  File "c:\Users\automation02\Desktop\GUI\Strike_Machine\GUI_Strike_Machine\main_edited.py", line 328 in <module>

Current thread's C stack trace (most recent call first):
  <cannot get C stack on this system>
2026-09-21 16:01:23,209 - [main] - INFO - CLEAN_EXIT được đánh dấu. Detail: QApplication.aboutToQuit fired
2026-09-21 16:01:23,209 - [main] - INFO - app.exec() returned exit_code=0
2026-09-21 16:01:23,285 - [main] - INFO - CLEAN_EXIT xác nhận qua atexit.

===== [main] Process start: PID=17572 at 2026-09-21 16:05:40.058098 =====
2026-09-21 16:05:40,058 - [main] - INFO - Không tìm thấy lock file cũ -> phiên chạy trước (nếu có) đã thoát sạch.
2026-09-21 16:05:40,059 - [main] - INFO - Watchdog initialized. PID=17572 log_file=c:\Users\automation02\Desktop\GUI\Strike_Machine\GUI_Strike_Machine\sm_crash.log

===== [loading] Process start: PID=17232 at 2026-09-21 16:05:40.503610 =====
2026-09-21 16:05:40,504 - [loading] - INFO - Không tìm thấy lock file cũ -> phiên chạy trước (nếu có) đã thoát sạch.
2026-09-21 16:05:40,506 - [loading] - INFO - Watchdog initialized. PID=17232 log_file=c:\Users\automation02\Desktop\GUI\Strike_Machine\GUI_Strike_Machine\sm_crash.log
Windows fatal exception: code 0x8001010d

Current thread 0x0000321c (most recent call first):
  File "c:\Users\automation02\Desktop\GUI\Strike_Machine\GUI_Strike_Machine\main_edited.py", line 200 in <module>

Current thread's C stack trace (most recent call first):
  <cannot get C stack on this system>
2026-09-21 16:05:47,597 - [loading] - INFO - CLEAN_EXIT được đánh dấu. Detail: loading window event loop returned exit_code=0
2026-09-21 16:05:47,615 - [loading] - INFO - CLEAN_EXIT xác nhận qua atexit.
Windows fatal exception: code 0x8001010d

Thread 0x00002e5c [QThread] (most recent call first):
  File "C:\Users\automation02\Desktop\GUI\Strike_Machine\GUI_Strike_Machine\.venv\Lib\site-packages\snap7\connection.py", line 458 in _recv_exact
  File "C:\Users\automation02\Desktop\GUI\Strike_Machine\GUI_Strike_Machine\.venv\Lib\site-packages\snap7\connection.py", line 204 in receive_data
  File "C:\Users\automation02\Desktop\GUI\Strike_Machine\GUI_Strike_Machine\.venv\Lib\site-packages\snap7\client.py", line 404 in _send_receive
  File "C:\Users\automation02\Desktop\GUI\Strike_Machine\GUI_Strike_Machine\.venv\Lib\site-packages\snap7\client.py", line 434 in _send_receive_with_reconnect
  File "C:\Users\automation02\Desktop\GUI\Strike_Machine\GUI_Strike_Machine\.venv\Lib\site-packages\snap7\client.py", line 987 in read_area
  File "C:\Users\automation02\Desktop\GUI\Strike_Machine\GUI_Strike_Machine\.venv\Lib\site-packages\snap7\client.py", line 867 in db_read
  File "c:\Users\automation02\Desktop\GUI\Strike_Machine\GUI_Strike_Machine\PLC_READ_MODULE.py", line 258 in _poll

Thread 0x00005134 [QThread] (most recent call first):
  File "C:\Users\automation02\Desktop\GUI\Strike_Machine\GUI_Strike_Machine\.venv\Lib\site-packages\pymodbus\client\serial.py", line 292 in _wait_for_data
  File "C:\Users\automation02\Desktop\GUI\Strike_Machine\GUI_Strike_Machine\.venv\Lib\site-packages\pymodbus\client\serial.py", line 300 in recv
  File "C:\Users\automation02\Desktop\GUI\Strike_Machine\GUI_Strike_Machine\.venv\Lib\site-packages\pymodbus\transaction\transaction.py", line 89 in sync_get_response
  File "C:\Users\automation02\Desktop\GUI\Strike_Machine\GUI_Strike_Machine\.venv\Lib\site-packages\pymodbus\transaction\transaction.py", line 153 in sync_execute
  File "C:\Users\automation02\Desktop\GUI\Strike_Machine\GUI_Strike_Machine\.venv\Lib\site-packages\pymodbus\client\base.py", line 189 in execute
  File "C:\Users\automation02\Desktop\GUI\Strike_Machine\GUI_Strike_Machine\.venv\Lib\site-packages\pymodbus\client\mixin.py", line 162 in read_input_registers
  File "c:\Users\automation02\Desktop\GUI\Strike_Machine\GUI_Strike_Machine\SERIAL_READ_MODULE.py", line 444 in _read_input_registers
  File "c:\Users\automation02\Desktop\GUI\Strike_Machine\GUI_Strike_Machine\SERIAL_READ_MODULE.py", line 460 in _read_all
  File "c:\Users\automation02\Desktop\GUI\Strike_Machine\GUI_Strike_Machine\SERIAL_READ_MODULE.py", line 408 in _poll

Thread 0x00003548 [Thread-7 (_fetch)] (most recent call first):
  File "c:\Users\automation02\Desktop\GUI\Strike_Machine\GUI_Strike_Machine\source_edited.py", line 2204 in _fetch
  File "C:\Users\automation02\AppData\Local\Python\pythoncore-3.14-64\Lib\threading.py", line 1024 in run
  File "C:\Users\automation02\AppData\Local\Python\pythoncore-3.14-64\Lib\threading.py", line 1082 in _bootstrap_inner
  File "C:\Users\automation02\AppData\Local\Python\pythoncore-3.14-64\Lib\threading.py", line 1044 in _bootstrap

Current thread 0x00003c30 (most recent call first):
  File "c:\Users\automation02\Desktop\GUI\Strike_Machine\GUI_Strike_Machine\main_edited.py", line 328 in <module>

Current thread's C stack trace (most recent call first):
  <cannot get C stack on this system>
2026-09-21 16:06:04,846 - [main] - INFO - CLEAN_EXIT được đánh dấu. Detail: QApplication.aboutToQuit fired
2026-09-21 16:06:04,846 - [main] - INFO - app.exec() returned exit_code=0
2026-09-21 16:06:04,912 - [main] - INFO - CLEAN_EXIT xác nhận qua atexit.

===== [main] Process start: PID=13320 at 2026-09-21 16:07:25.186368 =====
2026-09-21 16:07:25,186 - [main] - INFO - Không tìm thấy lock file cũ -> phiên chạy trước (nếu có) đã thoát sạch.
2026-09-21 16:07:25,187 - [main] - INFO - Watchdog initialized. PID=13320 log_file=c:\Users\automation02\Desktop\GUI\Strike_Machine\GUI_Strike_Machine\sm_crash.log

===== [loading] Process start: PID=8420 at 2026-09-21 16:07:25.524760 =====
2026-09-21 16:07:25,525 - [loading] - INFO - Không tìm thấy lock file cũ -> phiên chạy trước (nếu có) đã thoát sạch.
2026-09-21 16:07:25,525 - [loading] - INFO - Watchdog initialized. PID=8420 log_file=c:\Users\automation02\Desktop\GUI\Strike_Machine\GUI_Strike_Machine\sm_crash.log
Windows fatal exception: code 0x8001010d

Current thread 0x00004cac (most recent call first):
  File "c:\Users\automation02\Desktop\GUI\Strike_Machine\GUI_Strike_Machine\main_edited.py", line 200 in <module>

Current thread's C stack trace (most recent call first):
  <cannot get C stack on this system>
2026-09-21 16:07:32,627 - [loading] - INFO - CLEAN_EXIT được đánh dấu. Detail: loading window event loop returned exit_code=0
2026-09-21 16:07:32,638 - [loading] - INFO - CLEAN_EXIT xác nhận qua atexit.
Windows fatal exception: code 0x8001010d

Thread 0x0000508c [QThread] (most recent call first):
  File "C:\Users\automation02\Desktop\GUI\Strike_Machine\GUI_Strike_Machine\.venv\Lib\site-packages\pymodbus\client\serial.py", line 292 in _wait_for_data
  File "C:\Users\automation02\Desktop\GUI\Strike_Machine\GUI_Strike_Machine\.venv\Lib\site-packages\pymodbus\client\serial.py", line 300 in recv
  File "C:\Users\automation02\Desktop\GUI\Strike_Machine\GUI_Strike_Machine\.venv\Lib\site-packages\pymodbus\transaction\transaction.py", line 89 in sync_get_response
  File "C:\Users\automation02\Desktop\GUI\Strike_Machine\GUI_Strike_Machine\.venv\Lib\site-packages\pymodbus\transaction\transaction.py", line 153 in sync_execute
  File "C:\Users\automation02\Desktop\GUI\Strike_Machine\GUI_Strike_Machine\.venv\Lib\site-packages\pymodbus\client\base.py", line 189 in execute
  File "C:\Users\automation02\Desktop\GUI\Strike_Machine\GUI_Strike_Machine\.venv\Lib\site-packages\pymodbus\client\mixin.py", line 162 in read_input_registers
  File "c:\Users\automation02\Desktop\GUI\Strike_Machine\GUI_Strike_Machine\SERIAL_READ_MODULE.py", line 444 in _read_input_registers
  File "c:\Users\automation02\Desktop\GUI\Strike_Machine\GUI_Strike_Machine\SERIAL_READ_MODULE.py", line 460 in _read_all
  File "c:\Users\automation02\Desktop\GUI\Strike_Machine\GUI_Strike_Machine\SERIAL_READ_MODULE.py", line 408 in _poll

Thread 0x00000e8c [Thread-7 (_fetch)] (most recent call first):
  File "c:\Users\automation02\Desktop\GUI\Strike_Machine\GUI_Strike_Machine\source_edited.py", line 2214 in _fetch
  File "C:\Users\automation02\AppData\Local\Python\pythoncore-3.14-64\Lib\threading.py", line 1024 in run
  File "C:\Users\automation02\AppData\Local\Python\pythoncore-3.14-64\Lib\threading.py", line 1082 in _bootstrap_inner
  File "C:\Users\automation02\AppData\Local\Python\pythoncore-3.14-64\Lib\threading.py", line 1044 in _bootstrap

Current thread 0x00002a44 (most recent call first):
  File "c:\Users\automation02\Desktop\GUI\Strike_Machine\GUI_Strike_Machine\main_edited.py", line 328 in <module>

Current thread's C stack trace (most recent call first):
  <cannot get C stack on this system>
2026-09-21 16:09:22,294 - [main] - INFO - CLEAN_EXIT được đánh dấu. Detail: QApplication.aboutToQuit fired
2026-09-21 16:09:22,295 - [main] - INFO - app.exec() returned exit_code=0
2026-09-21 16:09:22,413 - [main] - INFO - CLEAN_EXIT xác nhận qua atexit.

===== [main] Process start: PID=12592 at 2026-09-21 16:09:24.091907 =====
2026-09-21 16:09:24,092 - [main] - INFO - Không tìm thấy lock file cũ -> phiên chạy trước (nếu có) đã thoát sạch.
2026-09-21 16:09:24,093 - [main] - INFO - Watchdog initialized. PID=12592 log_file=c:\Users\automation02\Desktop\GUI\Strike_Machine\GUI_Strike_Machine\sm_crash.log

===== [loading] Process start: PID=10744 at 2026-09-21 16:09:24.444825 =====
2026-09-21 16:09:24,445 - [loading] - INFO - Không tìm thấy lock file cũ -> phiên chạy trước (nếu có) đã thoát sạch.
2026-09-21 16:09:24,446 - [loading] - INFO - Watchdog initialized. PID=10744 log_file=c:\Users\automation02\Desktop\GUI\Strike_Machine\GUI_Strike_Machine\sm_crash.log
Windows fatal exception: code 0x8001010d

Current thread 0x000030e0 (most recent call first):
  File "c:\Users\automation02\Desktop\GUI\Strike_Machine\GUI_Strike_Machine\main_edited.py", line 200 in <module>

Current thread's C stack trace (most recent call first):
  <cannot get C stack on this system>
2026-09-21 16:09:31,363 - [loading] - INFO - CLEAN_EXIT được đánh dấu. Detail: loading window event loop returned exit_code=0
2026-09-21 16:09:31,375 - [loading] - INFO - CLEAN_EXIT xác nhận qua atexit.
Windows fatal exception: code 0x8001010d

Thread 0x00002ce4 [Thread-7 (_fetch)] (most recent call first):
  File "c:\Users\automation02\Desktop\GUI\Strike_Machine\GUI_Strike_Machine\source_edited.py", line 2214 in _fetch
  File "C:\Users\automation02\AppData\Local\Python\pythoncore-3.14-64\Lib\threading.py", line 1024 in run
  File "C:\Users\automation02\AppData\Local\Python\pythoncore-3.14-64\Lib\threading.py", line 1082 in _bootstrap_inner
  File "C:\Users\automation02\AppData\Local\Python\pythoncore-3.14-64\Lib\threading.py", line 1044 in _bootstrap

Current thread 0x00002ecc (most recent call first):
  File "c:\Users\automation02\Desktop\GUI\Strike_Machine\GUI_Strike_Machine\main_edited.py", line 328 in <module>

Current thread's C stack trace (most recent call first):
  <cannot get C stack on this system>
2026-09-21 16:10:52,659 - [main] - INFO - CLEAN_EXIT được đánh dấu. Detail: QApplication.aboutToQuit fired
2026-09-21 16:10:52,659 - [main] - INFO - app.exec() returned exit_code=0
2026-09-21 16:10:52,738 - [main] - INFO - CLEAN_EXIT xác nhận qua atexit.

===== [main] Process start: PID=16320 at 2026-09-21 16:11:01.240300 =====
2026-09-21 16:11:01,240 - [main] - INFO - Không tìm thấy lock file cũ -> phiên chạy trước (nếu có) đã thoát sạch.
2026-09-21 16:11:01,241 - [main] - INFO - Watchdog initialized. PID=16320 log_file=c:\Users\automation02\Desktop\GUI\Strike_Machine\GUI_Strike_Machine\sm_crash.log

===== [loading] Process start: PID=1476 at 2026-09-21 16:11:01.558446 =====
2026-09-21 16:11:01,558 - [loading] - INFO - Không tìm thấy lock file cũ -> phiên chạy trước (nếu có) đã thoát sạch.
2026-09-21 16:11:01,560 - [loading] - INFO - Watchdog initialized. PID=1476 log_file=c:\Users\automation02\Desktop\GUI\Strike_Machine\GUI_Strike_Machine\sm_crash.log
Windows fatal exception: code 0x8001010d

Current thread 0x00003c98 (most recent call first):
  File "c:\Users\automation02\Desktop\GUI\Strike_Machine\GUI_Strike_Machine\main_edited.py", line 200 in <module>

Current thread's C stack trace (most recent call first):
  <cannot get C stack on this system>
2026-09-21 16:11:08,356 - [loading] - INFO - CLEAN_EXIT được đánh dấu. Detail: loading window event loop returned exit_code=0
2026-09-21 16:11:08,371 - [loading] - INFO - CLEAN_EXIT xác nhận qua atexit.
Windows fatal exception: code 0x8001010d

Thread 0x000051d4 [QThread] (most recent call first):
  File "C:\Users\automation02\Desktop\GUI\Strike_Machine\GUI_Strike_Machine\.venv\Lib\site-packages\pymodbus\client\serial.py", line 292 in _wait_for_data
  File "C:\Users\automation02\Desktop\GUI\Strike_Machine\GUI_Strike_Machine\.venv\Lib\site-packages\pymodbus\client\serial.py", line 300 in recv
  File "C:\Users\automation02\Desktop\GUI\Strike_Machine\GUI_Strike_Machine\.venv\Lib\site-packages\pymodbus\transaction\transaction.py", line 89 in sync_get_response
  File "C:\Users\automation02\Desktop\GUI\Strike_Machine\GUI_Strike_Machine\.venv\Lib\site-packages\pymodbus\transaction\transaction.py", line 153 in sync_execute
  File "C:\Users\automation02\Desktop\GUI\Strike_Machine\GUI_Strike_Machine\.venv\Lib\site-packages\pymodbus\client\base.py", line 189 in execute
  File "C:\Users\automation02\Desktop\GUI\Strike_Machine\GUI_Strike_Machine\.venv\Lib\site-packages\pymodbus\client\mixin.py", line 162 in read_input_registers
  File "c:\Users\automation02\Desktop\GUI\Strike_Machine\GUI_Strike_Machine\SERIAL_READ_MODULE.py", line 444 in _read_input_registers
  File "c:\Users\automation02\Desktop\GUI\Strike_Machine\GUI_Strike_Machine\SERIAL_READ_MODULE.py", line 460 in _read_all
  File "c:\Users\automation02\Desktop\GUI\Strike_Machine\GUI_Strike_Machine\SERIAL_READ_MODULE.py", line 408 in _poll

Thread 0x0000458c [Thread-7 (_fetch)] (most recent call first):
  File "c:\Users\automation02\Desktop\GUI\Strike_Machine\GUI_Strike_Machine\source_edited.py", line 2204 in _fetch
  File "C:\Users\automation02\AppData\Local\Python\pythoncore-3.14-64\Lib\threading.py", line 1024 in run
  File "C:\Users\automation02\AppData\Local\Python\pythoncore-3.14-64\Lib\threading.py", line 1082 in _bootstrap_inner
  File "C:\Users\automation02\AppData\Local\Python\pythoncore-3.14-64\Lib\threading.py", line 1044 in _bootstrap

Current thread 0x00005170 (most recent call first):
  File "c:\Users\automation02\Desktop\GUI\Strike_Machine\GUI_Strike_Machine\main_edited.py", line 328 in <module>

Current thread's C stack trace (most recent call first):
  <cannot get C stack on this system>
2026-09-21 16:16:29,868 - [main] - WARNING - OS_SIGNAL nhận được: SIGINT (2) -> app bị yêu cầu tắt từ bên ngoài (Task Manager, kill, logoff, tắt máy...).
2026-09-21 16:16:29,869 - [main] - INFO - CLEAN_EXIT được đánh dấu. Detail: terminated_by_signal=SIGINT

===== [main] Process start: PID=21372 at 2026-09-21 16:16:35.596242 =====
2026-09-21 16:16:35,604 - [main] - WARNING - PREVIOUS_SESSION_DID_NOT_EXIT_CLEANLY -> lần chạy trước có thể đã bị kill cứng (Task Manager 'End task', kill -9, mất điện, treo máy...). Thông tin phiên trước: pid=16320
started_at=2026-09-21T16:11:01.240584

2026-09-21 16:16:35,605 - [main] - INFO - Watchdog initialized. PID=21372 log_file=c:\Users\automation02\Desktop\GUI\Strike_Machine\GUI_Strike_Machine\sm_crash.log

===== [loading] Process start: PID=21400 at 2026-09-21 16:16:36.064774 =====
2026-09-21 16:16:36,065 - [loading] - INFO - Không tìm thấy lock file cũ -> phiên chạy trước (nếu có) đã thoát sạch.
2026-09-21 16:16:36,066 - [loading] - INFO - Watchdog initialized. PID=21400 log_file=c:\Users\automation02\Desktop\GUI\Strike_Machine\GUI_Strike_Machine\sm_crash.log
2026-09-21 16:16:43,485 - [loading] - INFO - CLEAN_EXIT được đánh dấu. Detail: loading window event loop returned exit_code=0
2026-09-21 16:16:43,499 - [loading] - INFO - CLEAN_EXIT xác nhận qua atexit.
Windows fatal exception: code 0x8001010d

Thread 0x00005128 [QThread] (most recent call first):
  File "C:\Users\automation02\Desktop\GUI\Strike_Machine\GUI_Strike_Machine\.venv\Lib\site-packages\pymodbus\client\serial.py", line 292 in _wait_for_data
  File "C:\Users\automation02\Desktop\GUI\Strike_Machine\GUI_Strike_Machine\.venv\Lib\site-packages\pymodbus\client\serial.py", line 300 in recv
  File "C:\Users\automation02\Desktop\GUI\Strike_Machine\GUI_Strike_Machine\.venv\Lib\site-packages\pymodbus\transaction\transaction.py", line 89 in sync_get_response
  File "C:\Users\automation02\Desktop\GUI\Strike_Machine\GUI_Strike_Machine\.venv\Lib\site-packages\pymodbus\transaction\transaction.py", line 153 in sync_execute
  File "C:\Users\automation02\Desktop\GUI\Strike_Machine\GUI_Strike_Machine\.venv\Lib\site-packages\pymodbus\client\base.py", line 189 in execute
  File "C:\Users\automation02\Desktop\GUI\Strike_Machine\GUI_Strike_Machine\.venv\Lib\site-packages\pymodbus\client\mixin.py", line 162 in read_input_registers
  File "c:\Users\automation02\Desktop\GUI\Strike_Machine\GUI_Strike_Machine\SERIAL_READ_MODULE.py", line 444 in _read_input_registers
  File "c:\Users\automation02\Desktop\GUI\Strike_Machine\GUI_Strike_Machine\SERIAL_READ_MODULE.py", line 460 in _read_all
  File "c:\Users\automation02\Desktop\GUI\Strike_Machine\GUI_Strike_Machine\SERIAL_READ_MODULE.py", line 408 in _poll

Thread 0x00002d5c [Thread-7 (_fetch)] (most recent call first):
  File "c:\Users\automation02\Desktop\GUI\Strike_Machine\GUI_Strike_Machine\source_edited.py", line 2214 in _fetch
  File "C:\Users\automation02\AppData\Local\Python\pythoncore-3.14-64\Lib\threading.py", line 1024 in run
  File "C:\Users\automation02\AppData\Local\Python\pythoncore-3.14-64\Lib\threading.py", line 1082 in _bootstrap_inner
  File "C:\Users\automation02\AppData\Local\Python\pythoncore-3.14-64\Lib\threading.py", line 1044 in _bootstrap

Current thread 0x000052a4 (most recent call first):
  File "c:\Users\automation02\Desktop\GUI\Strike_Machine\GUI_Strike_Machine\main_edited.py", line 328 in <module>

Current thread's C stack trace (most recent call first):
  <cannot get C stack on this system>
2026-09-21 16:18:12,926 - [main] - INFO - CLEAN_EXIT được đánh dấu. Detail: QApplication.aboutToQuit fired
2026-09-21 16:18:12,927 - [main] - INFO - app.exec() returned exit_code=0
2026-09-21 16:18:13,005 - [main] - INFO - CLEAN_EXIT xác nhận qua atexit.

===== [main] Process start: PID=11732 at 2026-09-21 16:18:14.718595 =====
2026-09-21 16:18:14,718 - [main] - INFO - Không tìm thấy lock file cũ -> phiên chạy trước (nếu có) đã thoát sạch.
2026-09-21 16:18:14,720 - [main] - INFO - Watchdog initialized. PID=11732 log_file=c:\Users\automation02\Desktop\GUI\Strike_Machine\GUI_Strike_Machine\sm_crash.log

===== [loading] Process start: PID=14120 at 2026-09-21 16:18:15.106160 =====
2026-09-21 16:18:15,106 - [loading] - INFO - Không tìm thấy lock file cũ -> phiên chạy trước (nếu có) đã thoát sạch.
2026-09-21 16:18:15,107 - [loading] - INFO - Watchdog initialized. PID=14120 log_file=c:\Users\automation02\Desktop\GUI\Strike_Machine\GUI_Strike_Machine\sm_crash.log
Windows fatal exception: code 0x8001010d

Current thread 0x0000394c (most recent call first):
  File "c:\Users\automation02\Desktop\GUI\Strike_Machine\GUI_Strike_Machine\main_edited.py", line 200 in <module>

Current thread's C stack trace (most recent call first):
  <cannot get C stack on this system>
2026-09-21 16:18:22,288 - [loading] - INFO - CLEAN_EXIT được đánh dấu. Detail: loading window event loop returned exit_code=0
2026-09-21 16:18:22,304 - [loading] - INFO - CLEAN_EXIT xác nhận qua atexit.
Windows fatal exception: code 0x8001010d

Thread 0x00004130 [QThread] (most recent call first):
  File "C:\Users\automation02\Desktop\GUI\Strike_Machine\GUI_Strike_Machine\.venv\Lib\site-packages\pymodbus\client\serial.py", line 292 in _wait_for_data
  File "C:\Users\automation02\Desktop\GUI\Strike_Machine\GUI_Strike_Machine\.venv\Lib\site-packages\pymodbus\client\serial.py", line 300 in recv
  File "C:\Users\automation02\Desktop\GUI\Strike_Machine\GUI_Strike_Machine\.venv\Lib\site-packages\pymodbus\transaction\transaction.py", line 89 in sync_get_response
  File "C:\Users\automation02\Desktop\GUI\Strike_Machine\GUI_Strike_Machine\.venv\Lib\site-packages\pymodbus\transaction\transaction.py", line 153 in sync_execute
  File "C:\Users\automation02\Desktop\GUI\Strike_Machine\GUI_Strike_Machine\.venv\Lib\site-packages\pymodbus\client\base.py", line 189 in execute
  File "C:\Users\automation02\Desktop\GUI\Strike_Machine\GUI_Strike_Machine\.venv\Lib\site-packages\pymodbus\client\mixin.py", line 162 in read_input_registers
  File "c:\Users\automation02\Desktop\GUI\Strike_Machine\GUI_Strike_Machine\SERIAL_READ_MODULE.py", line 444 in _read_input_registers
  File "c:\Users\automation02\Desktop\GUI\Strike_Machine\GUI_Strike_Machine\SERIAL_READ_MODULE.py", line 460 in _read_all
  File "c:\Users\automation02\Desktop\GUI\Strike_Machine\GUI_Strike_Machine\SERIAL_READ_MODULE.py", line 408 in _poll

Thread 0x00000368 [Thread-7 (_fetch)] (most recent call first):
  File "c:\Users\automation02\Desktop\GUI\Strike_Machine\GUI_Strike_Machine\source_edited.py", line 2214 in _fetch
  File "C:\Users\automation02\AppData\Local\Python\pythoncore-3.14-64\Lib\threading.py", line 1024 in run
  File "C:\Users\automation02\AppData\Local\Python\pythoncore-3.14-64\Lib\threading.py", line 1082 in _bootstrap_inner
  File "C:\Users\automation02\AppData\Local\Python\pythoncore-3.14-64\Lib\threading.py", line 1044 in _bootstrap

Current thread 0x00004518 (most recent call first):
  File "c:\Users\automation02\Desktop\GUI\Strike_Machine\GUI_Strike_Machine\main_edited.py", line 328 in <module>

Current thread's C stack trace (most recent call first):
  <cannot get C stack on this system>
2026-09-21 16:18:59,954 - [main] - INFO - CLEAN_EXIT được đánh dấu. Detail: QApplication.aboutToQuit fired
2026-09-21 16:18:59,954 - [main] - INFO - app.exec() returned exit_code=0
2026-09-21 16:19:00,115 - [main] - INFO - CLEAN_EXIT xác nhận qua atexit.

===== [main] Process start: PID=20400 at 2026-09-23 13:06:00.635677 =====
2026-09-23 13:06:00,636 - [main] - INFO - Không tìm thấy lock file cũ -> phiên chạy trước (nếu có) đã thoát sạch.
2026-09-23 13:06:00,638 - [main] - INFO - Watchdog initialized. PID=20400 log_file=c:\Users\automation02\Desktop\GUI\Strike_Machine\GUI_Strike_Machine\sm_crash.log

===== [loading] Process start: PID=20236 at 2026-09-23 13:06:01.493573 =====
2026-09-23 13:06:01,493 - [loading] - INFO - Không tìm thấy lock file cũ -> phiên chạy trước (nếu có) đã thoát sạch.
2026-09-23 13:06:01,495 - [loading] - INFO - Watchdog initialized. PID=20236 log_file=c:\Users\automation02\Desktop\GUI\Strike_Machine\GUI_Strike_Machine\sm_crash.log
2026-09-23 13:06:26,712 - [loading] - INFO - CLEAN_EXIT được đánh dấu. Detail: loading window event loop returned exit_code=0
2026-09-23 13:06:26,722 - [loading] - INFO - CLEAN_EXIT xác nhận qua atexit.
Windows fatal exception: code 0x8001010d

Current thread 0x00003904 (most recent call first):
  File "c:\Users\automation02\Desktop\GUI\Strike_Machine\GUI_Strike_Machine\main_edited.py", line 327 in <module>

Current thread's C stack trace (most recent call first):
  <cannot get C stack on this system>
2026-09-23 13:08:38,564 - [main] - INFO - CLEAN_EXIT được đánh dấu. Detail: QApplication.aboutToQuit fired
2026-09-23 13:08:38,565 - [main] - INFO - app.exec() returned exit_code=0
2026-09-23 13:08:38,650 - [main] - INFO - CLEAN_EXIT xác nhận qua atexit.

===== [main] Process start: PID=17600 at 2026-09-24 08:31:03.414453 =====
2026-09-24 08:31:03,415 - [main] - INFO - Không tìm thấy lock file cũ -> phiên chạy trước (nếu có) đã thoát sạch.
2026-09-24 08:31:03,415 - [main] - INFO - Watchdog initialized. PID=17600 log_file=c:\Users\automation02\Desktop\GUI\Strike_Machine\GUI_Strike_Machine\sm_crash.log

===== [loading] Process start: PID=18644 at 2026-09-24 08:31:03.717038 =====
2026-09-24 08:31:03,717 - [loading] - INFO - Không tìm thấy lock file cũ -> phiên chạy trước (nếu có) đã thoát sạch.
2026-09-24 08:31:03,717 - [loading] - INFO - Watchdog initialized. PID=18644 log_file=c:\Users\automation02\Desktop\GUI\Strike_Machine\GUI_Strike_Machine\sm_crash.log
2026-09-24 08:31:24,152 - [loading] - INFO - CLEAN_EXIT được đánh dấu. Detail: loading window event loop returned exit_code=0
2026-09-24 08:31:24,159 - [loading] - INFO - CLEAN_EXIT xác nhận qua atexit.
Windows fatal exception: code 0x8001010d

Current thread 0x00002f30 (most recent call first):
  File "c:\Users\automation02\Desktop\GUI\Strike_Machine\GUI_Strike_Machine\main_edited.py", line 327 in <module>

Current thread's C stack trace (most recent call first):
  <cannot get C stack on this system>
2026-09-24 08:33:39,724 - [main] - INFO - CLEAN_EXIT được đánh dấu. Detail: QApplication.aboutToQuit fired
2026-09-24 08:33:39,726 - [main] - INFO - app.exec() returned exit_code=0
2026-09-24 08:33:39,796 - [main] - INFO - CLEAN_EXIT xác nhận qua atexit.
